{
	"input_icon_key_A":	  { "File": "input_icons.png", "Rect": "0,0,16,16", "Center": "8,8" },
	"input_icon_key_B":	  { "File": "input_icons.png", "Rect": "16,0,16,16", "Center": "8,8" },
	"input_icon_key_C":	  { "File": "input_icons.png", "Rect": "32,0,16,16", "Center": "8,8" },
	"input_icon_key_D":	  { "File": "input_icons.png", "Rect": "48,0,16,16", "Center": "8,8" },
	"input_icon_key_E":	  { "File": "input_icons.png", "Rect": "64,0,16,16", "Center": "8,8" },
	"input_icon_key_F":	  { "File": "input_icons.png", "Rect": "80,0,16,16", "Center": "8,8" },
	"input_icon_key_G":	  { "File": "input_icons.png", "Rect": "96,0,16,16", "Center": "8,8" },
	"input_icon_key_H":	  { "File": "input_icons.png", "Rect": "112,0,16,16", "Center": "8,8" },
	"input_icon_key_I":	  { "File": "input_icons.png", "Rect": "128,0,16,16", "Center": "8,8" },
	"input_icon_key_J":	  { "File": "input_icons.png", "Rect": "144,0,16,16", "Center": "8,8" },
	"input_icon_key_K":	  { "File": "input_icons.png", "Rect": "160,0,16,16", "Center": "8,8" },
	"input_icon_key_L":	  { "File": "input_icons.png", "Rect": "176,0,16,16", "Center": "8,8" },
	"input_icon_key_M":	  { "File": "input_icons.png", "Rect": "192,0,16,16", "Center": "8,8" },
	"input_icon_key_N":	  { "File": "input_icons.png", "Rect": "208,0,16,16", "Center": "8,8" },
	"input_icon_key_O":	  { "File": "input_icons.png", "Rect": "224,0,16,16", "Center": "8,8" },
	"input_icon_key_P":	  { "File": "input_icons.png", "Rect": "240,0,16,16", "Center": "8,8" },
	"input_icon_key_Q":	  { "File": "input_icons.png", "Rect": "0,16,16,16", "Center": "8,8" },
	"input_icon_key_R":	  { "File": "input_icons.png", "Rect": "16,16,16,16", "Center": "8,8" },
	"input_icon_key_S":	  { "File": "input_icons.png", "Rect": "32,16,16,16", "Center": "8,8" },
	"input_icon_key_T":	  { "File": "input_icons.png", "Rect": "48,16,16,16", "Center": "8,8" },
	"input_icon_key_U":	  { "File": "input_icons.png", "Rect": "64,16,16,16", "Center": "8,8" },
	"input_icon_key_V":	  { "File": "input_icons.png", "Rect": "80,16,16,16", "Center": "8,8" },
	"input_icon_key_W":	  { "File": "input_icons.png", "Rect": "96,16,16,16", "Center": "8,8" },
	"input_icon_key_X":	  { "File": "input_icons.png", "Rect": "112,16,16,16", "Center": "8,8" },
	"input_icon_key_Y":	  { "File": "input_icons.png", "Rect": "128,16,16,16", "Center": "8,8" },
	"input_icon_key_Z":	  { "File": "input_icons.png", "Rect": "144,16,16,16", "Center": "8,8" },

	"input_icon_key_blank":	{ "File": "input_icons.png", "Rect": "160,16,16,16", "Center": "8,8" },
	"input_icon_key_tab":	{ "File": "input_icons.png", "Rect": "176,16,16,16", "Center": "8,8" },
	"input_icon_key_space":	{ "File": "input_icons.png", "Rect": "192,16,16,16", "Center": "8,8" },
	"input_icon_key_enter":	{ "File": "input_icons.png", "Rect": "208,16,16,16", "Center": "8,8" },
	"input_icon_key_back":	{ "File": "input_icons.png", "Rect": "224,16,16,16", "Center": "8,8" },
	"input_icon_key_esc":	{ "File": "input_icons.png", "Rect": "240,16,16,16", "Center": "8,8" },

	"input_icon_key_left":	{ "File": "input_icons.png", "Rect": "192,32,16,16", "Center": "8,8" },
	"input_icon_key_right":	{ "File": "input_icons.png", "Rect": "208,32,16,16", "Center": "8,8" },
	"input_icon_key_up":	{ "File": "input_icons.png", "Rect": "224,32,16,16", "Center": "8,8" },
	"input_icon_key_down":	{ "File": "input_icons.png", "Rect": "240,32,16,16", "Center": "8,8" },

	"input_icon_key_0":		{ "File": "input_icons.png", "Rect": "0,32,16,16", "Center": "8,8" },
	"input_icon_key_1":		{ "File": "input_icons.png", "Rect": "16,32,16,16", "Center": "8,8" },
	"input_icon_key_2":		{ "File": "input_icons.png", "Rect": "32,32,16,16", "Center": "8,8" },
	"input_icon_key_3":		{ "File": "input_icons.png", "Rect": "48,32,16,16", "Center": "8,8" },
	"input_icon_key_4":		{ "File": "input_icons.png", "Rect": "64,32,16,16", "Center": "8,8" },
	"input_icon_key_5":		{ "File": "input_icons.png", "Rect": "80,32,16,16", "Center": "8,8" },
	"input_icon_key_6":		{ "File": "input_icons.png", "Rect": "96,32,16,16", "Center": "8,8" },
	"input_icon_key_7":		{ "File": "input_icons.png", "Rect": "112,32,16,16", "Center": "8,8" },
	"input_icon_key_8":		{ "File": "input_icons.png", "Rect": "128,32,16,16", "Center": "8,8" },
	"input_icon_key_9":		{ "File": "input_icons.png", "Rect": "144,32,16,16", "Center": "8,8" },

	"input_icon_touch_A":	 { "File": "input_icons.png", "Rect": "0,64,16,16", "Center": "8,8" },
	"input_icon_touch_B":	 { "File": "input_icons.png", "Rect": "16,64,16,16", "Center": "8,8" },
	"input_icon_touch_X":	 { "File": "input_icons.png", "Rect": "32,64,16,16", "Center": "8,8" },
	"input_icon_touch_Y":	 { "File": "input_icons.png", "Rect": "48,64,16,16", "Center": "8,8" },
	"input_icon_touch_left": { "File": "input_icons.png", "Rect": "64,64,16,16", "Center": "8,8" },
	"input_icon_touch_right":{ "File": "input_icons.png", "Rect": "80,64,16,16", "Center": "8,8" },
	"input_icon_touch_up":	 { "File": "input_icons.png", "Rect": "96,64,16,16", "Center": "8,8" },
	"input_icon_touch_down": { "File": "input_icons.png", "Rect": "112,64,16,16", "Center": "8,8" },
	"input_icon_touch_back": { "File": "input_icons.png", "Rect": "128,64,16,16", "Center": "8,8" },
	"input_icon_touch_start":{ "File": "input_icons.png", "Rect": "144,64,16,16", "Center": "8,8" },
	"input_icon_touch_L":    { "File": "input_icons.png", "Rect": "160,64,16,16", "Center": "8,8" },
	"input_icon_touch_R":    { "File": "input_icons.png", "Rect": "176,64,16,16", "Center": "8,8" },

	"input_icon_xbox_A":	{ "File": "input_icons.png", "Rect": "0,80,16,16", "Center": "8,8" },
	"input_icon_xbox_B":	{ "File": "input_icons.png", "Rect": "16,80,16,16", "Center": "8,8" },
	"input_icon_xbox_X":	{ "File": "input_icons.png", "Rect": "32,80,16,16", "Center": "8,8" },
	"input_icon_xbox_Y":	{ "File": "input_icons.png", "Rect": "48,80,16,16", "Center": "8,8" },
	"input_icon_xbox_left":	{ "File": "input_icons.png", "Rect": "64,80,16,16", "Center": "8,8" },
	"input_icon_xbox_right":{ "File": "input_icons.png", "Rect": "80,80,16,16", "Center": "8,8" },
	"input_icon_xbox_up":	{ "File": "input_icons.png", "Rect": "96,80,16,16", "Center": "8,8" },
	"input_icon_xbox_down":	{ "File": "input_icons.png", "Rect": "112,80,16,16", "Center": "8,8" },
	"input_icon_xbox_back":	{ "File": "input_icons.png", "Rect": "128,80,16,16", "Center": "8,8" },
	"input_icon_xbox_start":{ "File": "input_icons.png", "Rect": "144,80,16,16", "Center": "8,8" },
	"input_icon_xbox_L":    { "File": "input_icons.png", "Rect": "160,80,16,16", "Center": "8,8" },
	"input_icon_xbox_R":    { "File": "input_icons.png", "Rect": "176,80,16,16", "Center": "8,8" },

	"input_icon_ps_A":		{ "File": "input_icons.png", "Rect": "0,96,16,16", "Center": "8,8" },
	"input_icon_ps_B":		{ "File": "input_icons.png", "Rect": "16,96,16,16", "Center": "8,8" },
	"input_icon_ps_X":		{ "File": "input_icons.png", "Rect": "32,96,16,16", "Center": "8,8" },
	"input_icon_ps_Y":		{ "File": "input_icons.png", "Rect": "48,96,16,16", "Center": "8,8" },
	"input_icon_ps_left":	{ "File": "input_icons.png", "Rect": "64,96,16,16", "Center": "8,8" },
	"input_icon_ps_right":	{ "File": "input_icons.png", "Rect": "80,96,16,16", "Center": "8,8" },
	"input_icon_ps_up":		{ "File": "input_icons.png", "Rect": "96,96,16,16", "Center": "8,8" },
	"input_icon_ps_down":	{ "File": "input_icons.png", "Rect": "112,96,16,16", "Center": "8,8" },
	"input_icon_ps_back":	{ "File": "input_icons.png", "Rect": "128,96,16,16", "Center": "8,8" },
	"input_icon_ps_start":	{ "File": "input_icons.png", "Rect": "144,96,16,16", "Center": "8,8" },
	"input_icon_ps_L":  	{ "File": "input_icons.png", "Rect": "160,96,16,16", "Center": "8,8" },
	"input_icon_ps_R":   	{ "File": "input_icons.png", "Rect": "176,96,16,16", "Center": "8,8" },

	"input_icon_switch_A":		{ "File": "input_icons.png", "Rect": "0,112,16,16", "Center": "8,8" },
	"input_icon_switch_B":		{ "File": "input_icons.png", "Rect": "16,112,16,16", "Center": "8,8" },
	"input_icon_switch_X":		{ "File": "input_icons.png", "Rect": "32,112,16,16", "Center": "8,8" },
	"input_icon_switch_Y":		{ "File": "input_icons.png", "Rect": "48,112,16,16", "Center": "8,8" },
	"input_icon_switch_left":	{ "File": "input_icons.png", "Rect": "64,112,16,16", "Center": "8,8" },
	"input_icon_switch_right":	{ "File": "input_icons.png", "Rect": "80,112,16,16", "Center": "8,8" },
	"input_icon_switch_up":		{ "File": "input_icons.png", "Rect": "96,112,16,16", "Center": "8,8" },
	"input_icon_switch_down":	{ "File": "input_icons.png", "Rect": "112,112,16,16", "Center": "8,8" },
	"input_icon_switch_back":	{ "File": "input_icons.png", "Rect": "128,112,16,16", "Center": "8,8" },
	"input_icon_switch_start":	{ "File": "input_icons.png", "Rect": "144,112,16,16", "Center": "8,8" },
	"input_icon_switch_L":  	{ "File": "input_icons.png", "Rect": "160,112,16,16", "Center": "8,8" },
	"input_icon_switch_R":   	{ "File": "input_icons.png", "Rect": "176,112,16,16", "Center": "8,8" }
}
