{
	"Metal_0":  { "File": "metal.bmp", "Rect": "1,1,30,38", "Center": "19,19" },
	"Metal_1":  { "File": "metal.bmp", "Rect": "34,1,28,38", "Center": "17,19" },
	"Metal_pink_0":  { "File": "metal_pink.bmp", "Rect": "1,1,30,38", "Center": "19,19" },
	"Metal_pink_1":  { "File": "metal_pink.bmp", "Rect": "34,1,28,38", "Center": "17,19" },
	"Mental_0":  { "File": "mental_sonk.bmp", "Rect": "1,1,30,38", "Center": "19,19" },
	"Mental_1":  { "File": "mental_sonk.bmp", "Rect": "34,1,28,38", "Center": "17,19" },
	"Mental_pink_0":  { "File": "mental_sonk_pink.bmp", "Rect": "1,1,30,38", "Center": "19,19" },
	"Mental_pink_1":  { "File": "mental_sonk_pink.bmp", "Rect": "34,1,28,38", "Center": "17,19" }
}