{
	"Pocket_Am_0":  { "File": "plushie_amy_car.bmp", "Rect": "2,1,36,35", "Center": "17,18" },
	"Pocket_Am_1":  { "File": "plushie_amy_car.bmp", "Rect": "39,1,36,35", "Center": "17,18" },
	"Callie_0":  { "File": "callie_hog_car.bmp", "Rect": "1,1,36,35", "Center": "17,18" },
	"Callie_1":  { "File": "callie_hog_car.bmp", "Rect": "38,1,36,35", "Center": "17,18" },
	"Pocket_sonk_0":  { "File": "plushie_sonk_rocket.bmp", "Rect": "3,1,35,35", "Center": "17,18" },
	"Pocket_sonk_1":  { "File": "plushie_sonk_rocket.bmp", "Rect": "40,1,35,35", "Center": "17,18" },
	"Pocket_sonk_2":  { "File": "plushie_sonk_rocket.bmp", "Rect": "77,1,35,35", "Center": "17,18" },
	"Pocket_sonk_3":  { "File": "plushie_sonk_rocket.bmp", "Rect": "40,1,35,35", "Center": "17,18" },
	"Pocket_Tails_0":  { "File": "plushie_miles.bmp", "Rect": "1,1,35,35", "Center": "17,18" },
	"Pocket_Tails_1":  { "File": "plushie_miles.bmp", "Rect": "38,1,35,35", "Center": "17,18" },
	"Pocket_Knux_0":  { "File": "plushie_knux.bmp", "Rect": "1,1,35,35", "Center": "17,18" },
	"Pocket_Knux_1":  { "File": "plushie_knux.bmp", "Rect": "38,1,35,35", "Center": "17,18" },
	"Pocket_Mit_0":  { "File": "plushie_mighty.bmp", "Rect": "108,3,25,39", "Center": "13,22" },
	"Pocket_Mit_1":  { "File": "plushie_mighty.bmp", "Rect": "81,3,25,39", "Center": "13,22" },
	"Pocket_Mit_2":  { "File": "plushie_mighty.bmp", "Rect": "55,3,25,39", "Center": "13,22" },
	"Pocket_Mit_3":  { "File": "plushie_mighty.bmp", "Rect": "29,3,25,39", "Center": "13,22" },
	"Pocket_Mit_4":  { "File": "plushie_mighty.bmp", "Rect": "3,3,25,39", "Center": "13,22" },
	"Pocket_Mit_5":  { "File": "plushie_mighty.bmp", "Rect": "81,44,25,39", "Center": "12,22" },
	"Pocket_Mit_6":  { "File": "plushie_mighty.bmp", "Rect": "55,44,25,39", "Center": "12,22" },
	"Pocket_Mit_7":  { "File": "plushie_mighty.bmp", "Rect": "29,44,25,39", "Center": "12,22" },
	"Pocket_Rah_0":  { "File": "plushie_ray.bmp", "Rect": "1,9,36,35", "Center": "18,21" },
	"Pocket_Rah_1":  { "File": "plushie_ray.bmp", "Rect": "38,9,36,35", "Center": "18,21" },
	"Pocket_Rah_2":  { "File": "plushie_ray.bmp", "Rect": "75,9,36,35", "Center": "18,21" },
	"Pocket_Rah_3":  { "File": "plushie_ray.bmp", "Rect": "112,9,36,35", "Center": "18,21" },
	"Tails_doll_0":  { "File": "tails_doll.bmp", "Rect": "9,4,22,30", "Center": "13,18" },
	"Tails_doll_1":  { "File": "tails_doll.bmp", "Rect": "32,4,22,30", "Center": "13,18" },
	"Tails_doll_2":  { "File": "tails_doll.bmp", "Rect": "55,4,22,30", "Center": "13,18" },
	"Tails_doll_3":  { "File": "tails_doll.bmp", "Rect": "78,4,22,30", "Center": "13,18" },
	"Tails_doll_4":  { "File": "tails_doll.bmp", "Rect": "101,4,22,30", "Center": "13,18" },
	"Tails_doll_5":  { "File": "tails_doll.bmp", "Rect": "124,4,22,30", "Center": "13,18" },
	"Tails_doll_6":  { "File": "tails_doll.bmp", "Rect": "147,4,22,30", "Center": "13,18" }
}