{
	"cutscene_modernknuckles3k_3_0x00":  { "File": "cutscene_modernknuckles3k_3.png", "Rect": "0,0,41,32", "Center": "26,12" },
	"cutscene_modernknuckles3k_3_0x01":  { "File": "cutscene_modernknuckles3k_3.png", "Rect": "44,0,33,32", "Center": "19,12" },
	"cutscene_modernknuckles3k_3_0x02":  { "File": "cutscene_modernknuckles3k_3.png", "Rect": "84,0,33,32", "Center": "19,12" },
	"cutscene_modernknuckles3k_3_0x03":  { "File": "cutscene_modernknuckles3k_3.png", "Rect": "124,3,33,25", "Center": "19,5" },
	"cutscene_modernknuckles3k_3_0x04":  { "File": "cutscene_modernknuckles3k_3.png", "Rect": "164,3,33,25", "Center": "19,5" },
	"cutscene_modernknuckles3k_3_0x05":  { "File": "cutscene_modernknuckles3k_3.png", "Rect": "204,2,33,26", "Center": "19,6" },
	"cutscene_modernknuckles3k_3_0x06":  { "File": "cutscene_modernknuckles3k_3.png", "Rect": "240,2,40,26", "Center": "19,6" }
}