{
	"cutscene_modernknuckles3k_1_0x01":  { "File": "cutscene_modernknuckles3k_1.png", "Rect": "4,4,48,44", "Center": "21,24" },
	"cutscene_modernknuckles3k_1_0x02":  { "File": "cutscene_modernknuckles3k_1.png", "Rect": "56,0,56,48", "Center": "28,28" },
	"cutscene_modernknuckles3k_1_0x03":  { "File": "cutscene_modernknuckles3k_1.png", "Rect": "116,0,48,48", "Center": "21,28" },
	"cutscene_modernknuckles3k_1_0x04":  { "File": "cutscene_modernknuckles3k_1.png", "Rect": "180,8,32,32", "Center": "16,16" },
	"cutscene_modernknuckles3k_1_0x05":  { "File": "cutscene_modernknuckles3k_1.png", "Rect": "236,8,32,32", "Center": "16,16" },
	"cutscene_modernknuckles3k_1_0x06":  { "File": "cutscene_modernknuckles3k_1.png", "Rect": "292,8,32,32", "Center": "16,16" },
	"cutscene_modernknuckles3k_1_0x07":  { "File": "cutscene_modernknuckles3k_1.png", "Rect": "348,8,32,32", "Center": "16,16" },
	"cutscene_modernknuckles3k_1_0x08":  { "File": "cutscene_modernknuckles3k_1.png", "Rect": "402,8,35,33", "Center": "18,16" },
	"cutscene_modernknuckles3k_1_0x09":  { "File": "cutscene_modernknuckles3k_1.png", "Rect": "454,4,43,40", "Center": "20,19" },
	"cutscene_modernknuckles3k_1_0x0a":  { "File": "cutscene_modernknuckles3k_1.png", "Rect": "512,2,40,40", "Center": "22,22" },
	"cutscene_modernknuckles3k_1_0x0b":  { "File": "cutscene_modernknuckles3k_1.png", "Rect": "568,3,40,41", "Center": "22,21" },
	"cutscene_modernknuckles3k_1_0x0c":  { "File": "cutscene_modernknuckles3k_1.png", "Rect": "628,4,32,40", "Center": "20,20" },
	"cutscene_modernknuckles3k_1_0x0d":  { "File": "cutscene_modernknuckles3k_1.png", "Rect": "684,3,33,41", "Center": "17,21" },
	"cutscene_modernknuckles3k_1_0x0e":  { "File": "cutscene_modernknuckles3k_1.png", "Rect": "736,2,40,41", "Center": "22,22" },
	"cutscene_modernknuckles3k_1_0x0f":  { "File": "cutscene_modernknuckles3k_1.png", "Rect": "792,3,40,40", "Center": "21,21" },
	"cutscene_modernknuckles3k_1_0x10":  { "File": "cutscene_modernknuckles3k_1.png", "Rect": "852,4,32,40", "Center": "18,20" },
	"cutscene_modernknuckles3k_1_0x11":  { "File": "cutscene_modernknuckles3k_1.png", "Rect": "8,51,40,41", "Center": "21,21" },
	"cutscene_modernknuckles3k_1_0x12":  { "File": "cutscene_modernknuckles3k_1.png", "Rect": "67,52,51,40", "Center": "27,20" },
	"cutscene_modernknuckles3k_1_0x13":  { "File": "cutscene_modernknuckles3k_1.png", "Rect": "124,52,40,40", "Center": "22,20" },
	"cutscene_modernknuckles3k_1_0x14":  { "File": "cutscene_modernknuckles3k_1.png", "Rect": "179,52,51,40", "Center": "27,20" },
	"cutscene_modernknuckles3k_1_0x15":  { "File": "cutscene_modernknuckles3k_1.png", "Rect": "236,52,41,40", "Center": "22,20" },
	"cutscene_modernknuckles3k_1_0x16":  { "File": "cutscene_modernknuckles3k_1.png", "Rect": "292,50,32,42", "Center": "19,22" },
	"cutscene_modernknuckles3k_1_0x17":  { "File": "cutscene_modernknuckles3k_1.png", "Rect": "348,50,32,42", "Center": "20,22" },
	"cutscene_modernknuckles3k_1_0x18":  { "File": "cutscene_modernknuckles3k_1.png", "Rect": "404,49,32,43", "Center": "17,23" },
	"cutscene_modernknuckles3k_1_0x19":  { "File": "cutscene_modernknuckles3k_1.png", "Rect": "456,51,40,41", "Center": "22,21" },
	"cutscene_modernknuckles3k_1_0x1a":  { "File": "cutscene_modernknuckles3k_1.png", "Rect": "516,51,32,41", "Center": "25,21" },
	"cutscene_modernknuckles3k_1_0x1b":  { "File": "cutscene_modernknuckles3k_1.png", "Rect": "572,52,32,40", "Center": "30,20" },
	"cutscene_modernknuckles3k_1_0x1c":  { "File": "cutscene_modernknuckles3k_1.png", "Rect": "628,50,32,42", "Center": "17,22" },
	"cutscene_modernknuckles3k_1_0x1d":  { "File": "cutscene_modernknuckles3k_1.png", "Rect": "684,50,32,42", "Center": "17,22" },
	"cutscene_modernknuckles3k_1_0x1e":  { "File": "cutscene_modernknuckles3k_1.png", "Rect": "740,50,32,42", "Center": "18,22" },
	"cutscene_modernknuckles3k_1_0x1f":  { "File": "cutscene_modernknuckles3k_1.png", "Rect": "796,50,32,42", "Center": "18,22" },
	"cutscene_modernknuckles3k_1_0x20":  { "File": "cutscene_modernknuckles3k_1.png", "Rect": "852,50,32,42", "Center": "13,22" },
	"cutscene_modernknuckles3k_1_0x21":  { "File": "cutscene_modernknuckles3k_1.png", "Rect": "12,98,32,42", "Center": "13,22" },
	"cutscene_modernknuckles3k_1_0x22":  { "File": "cutscene_modernknuckles3k_1.png", "Rect": "68,99,32,41", "Center": "13,21" },
	"cutscene_modernknuckles3k_1_0x23":  { "File": "cutscene_modernknuckles3k_1.png", "Rect": "124,99,35,41", "Center": "11,21" },
	"cutscene_modernknuckles3k_1_0x24":  { "File": "cutscene_modernknuckles3k_1.png", "Rect": "176,99,45,41", "Center": "11,21" }
}