{
	"cutscene_modernknuckles3k_4_0x00":  { "File": "cutscene_modernknuckles3k_4.png", "Rect": "0,0,32,42", "Center": "16,22" },
	"cutscene_modernknuckles3k_4_0x01":  { "File": "cutscene_modernknuckles3k_4.png", "Rect": "32,0,32,42", "Center": "16,22" },
	"cutscene_modernknuckles3k_4_0x02":  { "File": "cutscene_modernknuckles3k_4.png", "Rect": "64,0,32,42", "Center": "16,22" },
	"cutscene_modernknuckles3k_4_0x03":  { "File": "cutscene_modernknuckles3k_4.png", "Rect": "96,0,32,42", "Center": "16,22" }
}