{
	"bluesphere_partner_0x01":  { "File": "bluesphere_partner.bmp", "Rect": "0,2,25,45", "Center": "12,33" },
	"bluesphere_partner_0x02":  { "File": "bluesphere_partner.bmp", "Rect": "31,0,27,48", "Center": "13,35" },
	"bluesphere_partner_0x03":  { "File": "bluesphere_partner.bmp", "Rect": "62,0,33,48", "Center": "13,35" },
	"bluesphere_partner_0x04":  { "File": "bluesphere_partner.bmp", "Rect": "98,0,29,48", "Center": "12,35" },
	"bluesphere_partner_0x05":  { "File": "bluesphere_partner.bmp", "Rect": "127,0,32,48", "Center": "12,35" },
	"bluesphere_partner_0x06":  { "File": "bluesphere_partner.bmp", "Rect": "160,0,33,48", "Center": "20,35" },
	"bluesphere_partner_0x07":  { "File": "bluesphere_partner.bmp", "Rect": "193,0,29,48", "Center": "17,35" },
	"bluesphere_partner_0x08":  { "File": "bluesphere_partner.bmp", "Rect": "224,0,34,48", "Center": "22,35" },
	"bluesphere_partner_0x09":  { "File": "bluesphere_partner.bmp", "Rect": "260,8,24,32", "Center": "12,35" },
	"bluesphere_partner_0x0a":  { "File": "bluesphere_partner.bmp", "Rect": "292,8,24,32", "Center": "12,35" },
	"bluesphere_partner_0x0b":  { "File": "bluesphere_partner.bmp", "Rect": "324,8,24,32", "Center": "12,35" }
}