{
	"character_partner_tails_0x01":  { "File": "character_partner_tails.bmp", "Rect": "0,0,32,24", "Center": "32,10" },
	"character_partner_tails_0x02":  { "File": "character_partner_tails.bmp", "Rect": "32,0,32,24", "Center": "32,10" },
	"character_partner_tails_0x03":  { "File": "character_partner_tails.bmp", "Rect": "64,0,32,20", "Center": "32,10" },
	"character_partner_tails_0x04":  { "File": "character_partner_tails.bmp", "Rect": "96,2,32,20", "Center": "32,8" },
	"character_partner_tails_0x05":  { "File": "character_partner_tails.bmp", "Rect": "128,2,32,21", "Center": "45,12" },
	"character_partner_tails_0x06":  { "File": "character_partner_tails.bmp", "Rect": "160,0,32,24", "Center": "45,14" },
	"character_partner_tails_0x07":  { "File": "character_partner_tails.bmp", "Rect": "192,0,32,21", "Center": "45,14" },
	"character_partner_tails_0x08":  { "File": "character_partner_tails.bmp", "Rect": "96,4,32,19", "Center": "45,10" },
	"character_partner_tails_0x09":  { "File": "character_partner_tails.bmp", "Rect": "260,4,24,16", "Center": "31,-7" },
	"character_partner_tails_0x0a":  { "File": "character_partner_tails.bmp", "Rect": "292,4,24,16", "Center": "31,-7" },
	"character_partner_tails_0x0b":  { "File": "character_partner_tails.bmp", "Rect": "324,4,24,16", "Center": "31,-7" },
	"character_partner_tails_0x0c":  { "File": "character_partner_tails.bmp", "Rect": "356,4,24,16", "Center": "31,-7" },
	"character_partner_tails_0x0d":  { "File": "character_partner_tails.bmp", "Rect": "392,0,16,24", "Center": "8,-12" },
	"character_partner_tails_0x0e":  { "File": "character_partner_tails.bmp", "Rect": "424,0,16,24", "Center": "8,-12" },
	"character_partner_tails_0x0f":  { "File": "character_partner_tails.bmp", "Rect": "456,0,16,24", "Center": "8,-12" },
	"character_partner_tails_0x10":  { "File": "character_partner_tails.bmp", "Rect": "488,0,16,24", "Center": "8,-12" },
	"character_partner_tails_0x11":  { "File": "character_partner_tails.bmp", "Rect": "8,24,16,24", "Center": "-7,-7" },
	"character_partner_tails_0x12":  { "File": "character_partner_tails.bmp", "Rect": "40,24,16,24", "Center": "-7,-7" },
	"character_partner_tails_0x13":  { "File": "character_partner_tails.bmp", "Rect": "72,24,16,24", "Center": "-7,-7" },
	"character_partner_tails_0x14":  { "File": "character_partner_tails.bmp", "Rect": "104,24,16,24", "Center": "-7,-7" },
	"character_partner_tails_0x1a":  { "File": "character_partner_tails.bmp", "Rect": "126,24,32,23", "Center": "32,10" },
	"character_partner_tails_0x1b":  { "File": "character_partner_tails.bmp", "Rect": "158,25,32,23", "Center": "32,9" },
	"character_partner_tails_0x1c":  { "File": "character_partner_tails.bmp", "Rect": "190,21,32,27", "Center": "32,13" },
	"character_partner_tails_0x1d":  { "File": "character_partner_tails.bmp", "Rect": "222,24,32,20", "Center": "32,10" },
	"character_partner_tails_0x1e":  { "File": "character_partner_tails.bmp", "Rect": "254,24,32,24", "Center": "32,10" },
	"character_partner_tails_0x1f":  { "File": "character_partner_tails.bmp", "Rect": "286,24,32,24", "Center": "32,10" },
	"character_partner_tails_0x20":  { "File": "character_partner_tails.bmp", "Rect": "318,24,32,22", "Center": "32,10" },
	"character_partner_tails_0x21":  { "File": "character_partner_tails.bmp", "Rect": "350,24,32,24", "Center": "32,10" },
	"character_partner_tails_0x22":  { "File": "character_partner_tails.bmp", "Rect": "382,25,32,23", "Center": "32,9" },
	"character_partner_tails_0x23":  { "File": "character_partner_tails.bmp", "Rect": "415,24,32,24", "Center": "32,10" },
	"character_partner_tails_0x24":  { "File": "character_partner_tails.bmp", "Rect": "448,24,32,21", "Center": "32,10" },
	"character_partner_tails_0x25":  { "File": "character_partner_tails.bmp", "Rect": "480,25,32,21", "Center": "32,9" },
	"character_partner_tails_0x26":  { "File": "character_partner_tails.bmp", "Rect": "0,48,32,22", "Center": "32,9" },
	"character_partner_tails_0x27":  { "File": "character_partner_tails.bmp", "Rect": "32,48,42,21", "Center": "29,31" },
	"character_partner_tails_0x28":  { "File": "character_partner_tails.bmp", "Rect": "75,48,21,21", "Center": "20,31" },
	"character_partner_tails_0x29":  { "File": "character_partner_tails.bmp", "Rect": "96,48,32,23", "Center": "32,6" },
	"character_partner_tails_0x2a":  { "File": "character_partner_tails.bmp", "Rect": "128,52,32,20", "Center": "32,2" },
	"character_partner_tails_0x2b":  { "File": "character_partner_tails.bmp", "Rect": "160,48,32,20", "Center": "32,6" },
	"character_partner_tails_0x2c":  { "File": "character_partner_tails.bmp", "Rect": "192,47,32,25", "Center": "32,7" }
}