{
	"OriginsAtomicBomb_0":  { "File": "origins_atomicbomb.bmp", "Rect": "3,4,32,32", "Center": "15,17" },
	"OriginsAtomicBomb_1":  { "File": "origins_atomicbomb.bmp", "Rect": "38,4,32,32", "Center": "15,16" },
	"OriginsAtomicBomb_2":  { "File": "origins_atomicbomb.bmp", "Rect": "74,4,32,32", "Center": "15,16" },
	"OriginsAtomicBomb_3":  { "File": "origins_atomicbomb.bmp", "Rect": "109,4,32,32", "Center": "15,16" },
	"OriginsAtomicBomb_4":  { "File": "origins_atomicbomb.bmp", "Rect": "146,8,26,28", "Center": "13,14" },
	"OriginsAtomicBomb_5":  { "File": "origins_atomicbomb.bmp", "Rect": "176,2,24,34", "Center": "12,17" },
	"OriginsAtomicBomb_6":  { "File": "origins_atomicbomb.bmp", "Rect": "203,18,41,18", "Center": "18,2" },
	"OriginsAtomicBomb_7":  { "File": "origins_atomicbomb.bmp", "Rect": "246,16,39,20", "Center": "19,4" },
	"OriginsAtomicBomb_8":  { "File": "origins_atomicbomb.bmp", "Rect": "287,16,38,20", "Center": "19,4" },
	"OriginsAtomicBomb_9":  { "File": "origins_atomicbomb.bmp", "Rect": "327,13,31,23", "Center": "15,7" },
	"OriginsAtomicBomb_10":  { "File": "origins_atomicbomb.bmp", "Rect": "360,2,23,34", "Center": "11,18" },
	"OriginsAtomicBomb_11":  { "File": "origins_atomicbomb.bmp", "Rect": "360,2,23,34", "Center": "11,18" },
	"S3AtomicBomb_0":  { "File": "s3_atomicbomb.bmp", "Rect": "3,4,32,32", "Center": "15,17" },
	"S3AtomicBomb_1":  { "File": "s3_atomicbomb.bmp", "Rect": "38,4,32,32", "Center": "15,16" },
	"S3AtomicBomb_2":  { "File": "s3_atomicbomb.bmp", "Rect": "74,4,32,32", "Center": "15,16" },
	"S3AtomicBomb_3":  { "File": "s3_atomicbomb.bmp", "Rect": "109,4,32,32", "Center": "15,16" },
	"S3AtomicBomb_4":  { "File": "s3_atomicbomb.bmp", "Rect": "146,8,26,28", "Center": "13,14" },
	"S3AtomicBomb_5":  { "File": "s3_atomicbomb.bmp", "Rect": "176,2,24,34", "Center": "12,17" },
	"S3AtomicBomb_6":  { "File": "s3_atomicbomb.bmp", "Rect": "203,18,41,18", "Center": "18,-2" },
	"S3AtomicBomb_7":  { "File": "s3_atomicbomb.bmp", "Rect": "246,16,39,20", "Center": "19,0" },
	"S3AtomicBomb_8":  { "File": "s3_atomicbomb.bmp", "Rect": "287,16,38,20", "Center": "18,0" },
	"S3AtomicBomb_9":  { "File": "s3_atomicbomb.bmp", "Rect": "327,13,31,23", "Center": "15,3" },
	"S3AtomicBomb_10":  { "File": "s3_atomicbomb.bmp", "Rect": "360,3,23,33", "Center": "11,13" },
	"S3AtomicBomb_11":  { "File": "s3_atomicbomb.bmp", "Rect": "360,3,23,33", "Center": "11,13" },
	"ca22AtomicBomb_0":  { "File": "ca22_atomicbomb.bmp", "Rect": "3,16,32,32", "Center": "15,17" },
	"ca22AtomicBomb_1":  { "File": "ca22_atomicbomb.bmp", "Rect": "38,16,32,32", "Center": "15,16" },
	"ca22AtomicBomb_2":  { "File": "ca22_atomicbomb.bmp", "Rect": "74,16,32,32", "Center": "15,16" },
	"ca22AtomicBomb_3":  { "File": "ca22_atomicbomb.bmp", "Rect": "109,16,32,32", "Center": "15,16" },
	"ca22AtomicBomb_4":  { "File": "ca22_atomicbomb.bmp", "Rect": "146,19,26,28", "Center": "13,14" },
	"ca22AtomicBomb_5":  { "File": "ca22_atomicbomb.bmp", "Rect": "176,7,24,41", "Center": "12,17" },
	"ca22AtomicBomb_6":  { "File": "ca22_atomicbomb.bmp", "Rect": "202,32,42,16", "Center": "20,-4" },
	"ca22AtomicBomb_7":  { "File": "ca22_atomicbomb.bmp", "Rect": "246,29,39,19", "Center": "19,-1" },
	"ca22AtomicBomb_8":  { "File": "ca22_atomicbomb.bmp", "Rect": "287,29,39,19", "Center": "18,-1" },
	"ca22AtomicBomb_9":  { "File": "ca22_atomicbomb.bmp", "Rect": "327,21,33,27", "Center": "19,7" },
	"ca22AtomicBomb_10":  { "File": "ca22_atomicbomb.bmp", "Rect": "361,14,25,34", "Center": "12,13" },
	"ca22AtomicBomb_11":  { "File": "ca22_atomicbomb.bmp", "Rect": "361,14,25,34", "Center": "12,13" }
}