{
	"hammer_attackCa22_0":  { "File": "Ca22Attack.bmp", "Rect": "0,0,70,48", "Center": "31,28" },
	"hammer_attackCa22_1":  { "File": "Ca22Attack.bmp", "Rect": "71,0,70,48", "Center": "31,28" },
	"hammer_attackCa22_2":  { "File": "Ca22Attack.bmp", "Rect": "142,0,70,48", "Center": "31,28" },
	"hammer_attackCa22_3":  { "File": "Ca22Attack.bmp", "Rect": "284,0,70,48", "Center": "32,28" },
	"hammer_attackCa22_4":  { "File": "Ca22Attack.bmp", "Rect": "213,0,70,48", "Center": "31,28" },
	"hammer_attackCa22_5":  { "File": "Ca22Attack.bmp", "Rect": "355,0,70,48", "Center": "31,28" },
	"hammer_attackCa22_6":  { "File": "Ca22Attack.bmp", "Rect": "426,0,70,48", "Center": "31,28" },
	"hammer_attackCa22_7":  { "File": "Ca22Attack.bmp", "Rect": "497,0,70,48", "Center": "31,28" },
	"hammer_attackCa22_8":  { "File": "Ca22Attack.bmp", "Rect": "568,0,70,48", "Center": "31,28" },
	"hammer_attackCa22_9":  { "File": "Ca22Attack.bmp", "Rect": "639,0,70,48", "Center": "31,28" },
	"hammer_attackCa22_10":  { "File": "Ca22Attack.bmp", "Rect": "710,0,70,48", "Center": "31,28" }
}