{
	"character_char4_hammerspin_0":  { "File": "HammerSpin.bmp", "Rect": "0,0,62,62", "Center": "31,30" },
	"character_char4_hammerspin_1":  { "File": "HammerSpin.bmp", "Rect": "62,0,62,62", "Center": "31,30" },
	"character_char4_hammerspin_2":  { "File": "HammerSpin.bmp", "Rect": "124,0,62,62", "Center": "31,30" },
	"character_char4_hammerspin_3":  { "File": "HammerSpin.bmp", "Rect": "186,0,62,62", "Center": "31,30" },
	"character_char4_hammerspin_4":  { "File": "HammerSpin.bmp", "Rect": "248,0,62,62", "Center": "31,30" },
	"character_char4_hammerspin_5":  { "File": "HammerSpin.bmp", "Rect": "310,0,62,62", "Center": "31,30" },
	"character_char4_hammerspin_6":  { "File": "HammerSpin.bmp", "Rect": "372,0,62,62", "Center": "31,30" },
	"character_char4_hammerspin_7":  { "File": "HammerSpin.bmp", "Rect": "434,0,62,62", "Center": "31,30" },
	"character_S3_hammerspin_0":  { "File": "HammerSpinS3.bmp", "Rect": "0,0,62,62", "Center": "31,30" },
	"character_S3_hammerspin_1":  { "File": "HammerSpinS3.bmp", "Rect": "62,0,62,62", "Center": "31,30" },
	"character_S3_hammerspin_2":  { "File": "HammerSpinS3.bmp", "Rect": "124,0,62,62", "Center": "31,28" },
	"character_S3_hammerspin_3":  { "File": "HammerSpinS3.bmp", "Rect": "186,0,62,62", "Center": "31,30" },
	"character_S3_hammerspin_4":  { "File": "HammerSpinS3.bmp", "Rect": "248,0,62,62", "Center": "32,30" },
	"character_S3_hammerspin_5":  { "File": "HammerSpinS3.bmp", "Rect": "310,0,62,62", "Center": "31,30" },
	"character_S3_hammerspin_6":  { "File": "HammerSpinS3.bmp", "Rect": "372,0,62,62", "Center": "31,30" },
	"character_S3_hammerspin_7":  { "File": "HammerSpinS3.bmp", "Rect": "434,0,62,62", "Center": "31,30" },
	"character_Ca22_hammerspin_0":  { "File": "HammerSpinCa22.bmp", "Rect": "0,0,62,62", "Center": "31,32" },
	"character_Ca22_hammerspin_1":  { "File": "HammerSpinCa22.bmp", "Rect": "62,0,62,62", "Center": "30,31" },
	"character_Ca22_hammerspin_2":  { "File": "HammerSpinCa22.bmp", "Rect": "124,0,62,62", "Center": "30,31" },
	"character_Ca22_hammerspin_3":  { "File": "HammerSpinCa22.bmp", "Rect": "186,0,62,62", "Center": "30,31" },
	"character_Ca22_hammerspin_4":  { "File": "HammerSpinCa22.bmp", "Rect": "248,0,62,62", "Center": "30,30" },
	"character_Ca22_hammerspin_5":  { "File": "HammerSpinCa22.bmp", "Rect": "310,0,62,62", "Center": "31,30" },
	"character_Ca22_hammerspin_6":  { "File": "HammerSpinCa22.bmp", "Rect": "372,0,62,62", "Center": "31,31" },
	"character_Ca22_hammerspin_7":  { "File": "HammerSpinCa22.bmp", "Rect": "434,0,62,62", "Center": "30,32" },
	"character_char4_hammercharge_0":  { "File": "HammerSpinCharge.bmp", "Rect": "0,0,62,62", "Center": "31,30" },
	"character_char4_hammercharge_1":  { "File": "HammerSpinCharge.bmp", "Rect": "62,0,62,62", "Center": "31,30" },
	"character_char4_hammercharge_2":  { "File": "HammerSpinCharge.bmp", "Rect": "124,0,62,62", "Center": "31,30" },
	"character_char4_hammercharge_3":  { "File": "HammerSpinCharge.bmp", "Rect": "186,0,62,62", "Center": "31,30" },
	"character_char4_hammercharge_4":  { "File": "HammerSpinCharge.bmp", "Rect": "248,0,62,62", "Center": "31,30" },
	"character_char4_hammercharge_5":  { "File": "HammerSpinCharge.bmp", "Rect": "310,0,62,62", "Center": "31,30" },
	"character_char4_hammercharge_6":  { "File": "HammerSpinCharge.bmp", "Rect": "372,0,62,62", "Center": "31,30" },
	"character_char4_hammercharge_7":  { "File": "HammerSpinCharge.bmp", "Rect": "434,0,62,62", "Center": "31,30" },
	"character_S3_hammercharge_0":  { "File": "HammerSpinChargeS3.bmp", "Rect": "0,0,62,62", "Center": "31,30" },
	"character_S3_hammercharge_1":  { "File": "HammerSpinChargeS3.bmp", "Rect": "62,0,62,62", "Center": "31,30" },
	"character_S3_hammercharge_2":  { "File": "HammerSpinChargeS3.bmp", "Rect": "124,0,62,62", "Center": "31,30" },
	"character_S3_hammercharge_3":  { "File": "HammerSpinChargeS3.bmp", "Rect": "186,0,62,62", "Center": "31,30" },
	"character_S3_hammercharge_4":  { "File": "HammerSpinChargeS3.bmp", "Rect": "248,0,62,62", "Center": "31,30" },
	"character_S3_hammercharge_5":  { "File": "HammerSpinChargeS3.bmp", "Rect": "310,0,62,62", "Center": "31,30" },
	"character_S3_hammercharge_6":  { "File": "HammerSpinChargeS3.bmp", "Rect": "372,0,62,62", "Center": "31,30" },
	"character_S3_hammercharge_7":  { "File": "HammerSpinChargeS3.bmp", "Rect": "434,0,62,62", "Center": "31,30" },
	"character_Ca22_hammercharge_0":  { "File": "HammerSpinChargeCa22.bmp", "Rect": "0,0,62,62", "Center": "31,31" },
	"character_Ca22_hammercharge_1":  { "File": "HammerSpinChargeCa22.bmp", "Rect": "62,0,62,62", "Center": "31,31" },
	"character_Ca22_hammercharge_2":  { "File": "HammerSpinChargeCa22.bmp", "Rect": "124,0,62,62", "Center": "31,31" },
	"character_Ca22_hammercharge_3":  { "File": "HammerSpinChargeCa22.bmp", "Rect": "186,0,62,62", "Center": "31,31" },
	"character_Ca22_hammercharge_4":  { "File": "HammerSpinChargeCa22.bmp", "Rect": "248,0,62,62", "Center": "31,31" },
	"character_Ca22_hammercharge_5":  { "File": "HammerSpinChargeCa22.bmp", "Rect": "310,0,62,62", "Center": "31,31" },
	"character_Ca22_hammercharge_6":  { "File": "HammerSpinChargeCa22.bmp", "Rect": "372,0,62,62", "Center": "31,31" },
	"character_Ca22_hammercharge_7":  { "File": "HammerSpinChargeCa22.bmp", "Rect": "434,0,62,62", "Center": "31,31" },
	"character_char4_hammerglide_0":  { "File": "spinny.bmp", "Rect": "0,0,55,35", "Center": "27,18" },
	"character_char4_hammerglide_1":  { "File": "spinny.bmp", "Rect": "55,0,55,35", "Center": "27,18" },
	"character_char4_hammerglide_2":  { "File": "spinny.bmp", "Rect": "0,35,55,35", "Center": "27,18" },
	"character_char4_hammerglide_3":  { "File": "spinny.bmp", "Rect": "55,35,55,35", "Center": "27,18" },
	"character_char4_hammerglide_4":  { "File": "spinny.bmp", "Rect": "0,70,55,35", "Center": "27,18" },
	"character_char4_hammerglide_5":  { "File": "spinny.bmp", "Rect": "55,70,55,35", "Center": "27,18" },
	"character_S3_hammerglide_0":  { "File": "spinnyS3.bmp", "Rect": "0,35,56,35", "Center": "27,18" },
	"character_S3_hammerglide_1":  { "File": "spinnyS3.bmp", "Rect": "56,0,56,35", "Center": "27,18" },
	"character_S3_hammerglide_2":  { "File": "spinnyS3.bmp", "Rect": "0,0,56,35", "Center": "27,18" },
	"character_S3_hammerglide_3":  { "File": "spinnyS3.bmp", "Rect": "56,70,56,35", "Center": "27,18" },
	"character_S3_hammerglide_4":  { "File": "spinnyS3.bmp", "Rect": "0,70,56,35", "Center": "27,18" },
	"character_S3_hammerglide_5":  { "File": "spinnyS3.bmp", "Rect": "56,35,56,35", "Center": "27,18" }
}