{
	"HammerProjectile_0":  { "File": "origins_throwhammer.bmp", "Rect": "104,85,26,25", "Center": "17,16" },
	"HammerProjectile_1":  { "File": "origins_throwhammer.bmp", "Rect": "71,84,26,25", "Center": "13,12" },
	"HammerProjectile_2":  { "File": "origins_throwhammer.bmp", "Rect": "39,83,25,26", "Center": "16,9" },
	"HammerProjectile_3":  { "File": "origins_throwhammer.bmp", "Rect": "7,83,25,26", "Center": "12,13" },
	"HammerProjectile_4":  { "File": "origins_throwhammer.bmp", "Rect": "104,53,26,25", "Center": "9,9" },
	"HammerProjectile_5":  { "File": "origins_throwhammer.bmp", "Rect": "71,53,26,25", "Center": "13,13" },
	"HammerProjectile_6":  { "File": "origins_throwhammer.bmp", "Rect": "39,52,25,26", "Center": "10,16" },
	"HammerProjectile_7":  { "File": "origins_throwhammer.bmp", "Rect": "7,52,25,26", "Center": "13,13" },
	"Throw_origins_0":  { "File": "origins_throwhammer.bmp", "Rect": "4,9,26,36", "Center": "17,20" },
	"Throw_origins_1":  { "File": "origins_throwhammer.bmp", "Rect": "35,9,32,36", "Center": "14,20" },
	"Throw_origins_2":  { "File": "origins_throwhammer.bmp", "Rect": "73,9,32,36", "Center": "14,20" },
	"Throw_origins_3":  { "File": "origins_throwhammer.bmp", "Rect": "112,9,28,36", "Center": "15,20" },
	"HammerProjectileCa22_0":  { "File": "ca22_throwhammer.bmp", "Rect": "104,85,26,25", "Center": "17,16" },
	"HammerProjectileCa22_1":  { "File": "ca22_throwhammer.bmp", "Rect": "71,84,26,25", "Center": "13,12" },
	"HammerProjectileCa22_2":  { "File": "ca22_throwhammer.bmp", "Rect": "39,83,25,26", "Center": "16,9" },
	"HammerProjectileCa22_3":  { "File": "ca22_throwhammer.bmp", "Rect": "7,83,25,26", "Center": "12,13" },
	"HammerProjectileCa22_4":  { "File": "ca22_throwhammer.bmp", "Rect": "104,53,26,25", "Center": "9,9" },
	"HammerProjectileCa22_5":  { "File": "ca22_throwhammer.bmp", "Rect": "71,53,26,25", "Center": "13,13" },
	"HammerProjectileCa22_6":  { "File": "ca22_throwhammer.bmp", "Rect": "39,52,25,26", "Center": "10,16" },
	"HammerProjectileCa22_7":  { "File": "ca22_throwhammer.bmp", "Rect": "7,52,25,26", "Center": "13,13" },
	"Throw_Ca22_0":  { "File": "ca22_throwhammer.bmp", "Rect": "4,9,26,36", "Center": "19,16" },
	"Throw_Ca22_1":  { "File": "ca22_throwhammer.bmp", "Rect": "35,9,32,36", "Center": "16,16" },
	"Throw_Ca22_2":  { "File": "ca22_throwhammer.bmp", "Rect": "73,9,32,36", "Center": "16,16" },
	"Throw_Ca22_3":  { "File": "ca22_throwhammer.bmp", "Rect": "112,9,28,36", "Center": "15,16" },
	"HammerProjectiles3_0":  { "File": "s3_throwhammer.bmp", "Rect": "104,85,26,25", "Center": "17,16" },
	"HammerProjectiles3_1":  { "File": "s3_throwhammer.bmp", "Rect": "71,84,26,25", "Center": "13,12" },
	"HammerProjectiles3_2":  { "File": "s3_throwhammer.bmp", "Rect": "39,83,25,26", "Center": "16,9" },
	"HammerProjectiles3_3":  { "File": "s3_throwhammer.bmp", "Rect": "7,83,25,26", "Center": "12,13" },
	"HammerProjectiles3_4":  { "File": "s3_throwhammer.bmp", "Rect": "104,53,26,25", "Center": "9,9" },
	"HammerProjectiles3_5":  { "File": "s3_throwhammer.bmp", "Rect": "71,53,26,25", "Center": "13,13" },
	"HammerProjectiles3_6":  { "File": "s3_throwhammer.bmp", "Rect": "39,52,25,26", "Center": "10,16" },
	"HammerProjectiles3_7":  { "File": "s3_throwhammer.bmp", "Rect": "7,52,25,26", "Center": "13,13" },
	"Throw_s3_0":  { "File": "s3_throwhammer.bmp", "Rect": "4,9,26,36", "Center": "14,16" },
	"Throw_s3_1":  { "File": "s3_throwhammer.bmp", "Rect": "35,9,32,36", "Center": "11,16" },
	"Throw_s3_2":  { "File": "s3_throwhammer.bmp", "Rect": "73,9,32,36", "Center": "12,16" },
	"Throw_s3_3":  { "File": "s3_throwhammer.bmp", "Rect": "111,9,32,36", "Center": "12,16" }
}