{
	"character_char4TT16_continue_0":  { "File": "amytt16_continue.bmp", "Rect": "8,8,24,40", "Center": "12,24" },
	"character_char4TT16_continue_1":  { "File": "amytt16_continue.bmp", "Rect": "71,8,25,40", "Center": "14,24" },
	"character_char4TT16_continue_2":  { "File": "amytt16_continue.bmp", "Rect": "38,8,25,40", "Center": "14,24" },
	"character_char4TT16_continue_3":  { "File": "amytt16_continue.bmp", "Rect": "71,8,25,40", "Center": "14,24" },
	"amy_TT16_partner_continue_0":  { "File": "amytt16_partnercontinue.bmp", "Rect": "0,0,24,40", "Center": "10,20" },
	"amy_TT16_partner_continue_1":  { "File": "amytt16_partnercontinue.bmp", "Rect": "24,0,23,40", "Center": "10,20" }
}