{
	"character_TT16_0x01":  { "File": "characterAmyTT16.bmp", "Rect": "8,8,40,40", "Center": "21,24" },
	"character_TT16_0x02":  { "File": "characterAmyTT16.bmp", "Rect": "64,8,40,40", "Center": "20,24" },
	"character_TT16_0x03":  { "File": "characterAmyTT16.bmp", "Rect": "124,8,40,40", "Center": "20,24" },
	"character_TT16_0x04":  { "File": "characterAmyTT16.bmp", "Rect": "180,8,40,40", "Center": "18,25" },
	"character_TT16_0x05":  { "File": "characterAmyTT16.bmp", "Rect": "232,8,40,40", "Center": "19,24" },
	"character_TT16_0x06":  { "File": "characterAmyTT16.bmp", "Rect": "288,8,40,40", "Center": "19,24" },
	"character_TT16_0x07":  { "File": "characterAmyTT16.bmp", "Rect": "348,8,40,40", "Center": "20,22" },
	"character_TT16_0x08":  { "File": "characterAmyTT16.bmp", "Rect": "404,8,40,40", "Center": "20,23" },
	"character_TT16_0x21":  { "File": "characterAmyTT16.bmp", "Rect": "12,120,32,40", "Center": "16,24" },
	"character_TT16_0x22":  { "File": "characterAmyTT16.bmp", "Rect": "68,120,32,40", "Center": "16,24" },
	"character_TT16_0x23":  { "File": "characterAmyTT16.bmp", "Rect": "124,120,32,40", "Center": "16,24" },
	"character_TT16_0x24":  { "File": "characterAmyTT16.bmp", "Rect": "180,120,32,40", "Center": "16,24" },
	"character_TT16_0x31":  { "File": "characterAmyTT16.bmp", "Rect": "12,176,32,40", "Center": "12,20" },
	"character_TT16_0x32":  { "File": "characterAmyTT16.bmp", "Rect": "68,176,32,40", "Center": "13,21" },
	"character_TT16_0x33":  { "File": "characterAmyTT16.bmp", "Rect": "124,180,32,32", "Center": "12,15" },
	"character_TT16_0x34":  { "File": "characterAmyTT16.bmp", "Rect": "180,180,32,32", "Center": "14,19" },
	"character_TT16_0x35":  { "File": "characterAmyTT16.bmp", "Rect": "236,180,32,32", "Center": "12,22" },
	"character_TT16_0x36":  { "File": "characterAmyTT16.bmp", "Rect": "292,176,32,40", "Center": "14,24" },
	"character_TT16_0x37":  { "File": "characterAmyTT16.bmp", "Rect": "348,176,32,40", "Center": "13,15" },
	"character_TT16_0x38":  { "File": "characterAmyTT16.bmp", "Rect": "408,176,24,40", "Center": "11,17" },
	"character_TT16_0x39":  { "File": "characterAmyTT16.bmp", "Rect": "460,180,32,32", "Center": "12,18" },
	"character_TT16_0x3a":  { "File": "characterAmyTT16.bmp", "Rect": "516,180,32,32", "Center": "19,20" },
	"character_TT16_0x3b":  { "File": "characterAmyTT16.bmp", "Rect": "576,176,24,40", "Center": "12,24" },
	"character_TT16_0x3c":  { "File": "characterAmyTT16.bmp", "Rect": "632,176,24,40", "Center": "12,22" },
	"character_TT16_0x3d":  { "File": "characterAmyTT16.bmp", "Rect": "688,172,24,48", "Center": "14,29" },
	"character_TT16_0x3e":  { "File": "characterAmyTT16.bmp", "Rect": "744,180,24,32", "Center": "12,20" },
	"character_TT16_0x3f":  { "File": "characterAmyTT16.bmp", "Rect": "796,180,32,32", "Center": "14,20" },
	"character_TT16_0x40":  { "File": "characterAmyTT16.bmp", "Rect": "852,180,32,32", "Center": "18,18" },
	"character_TT16_0x41":  { "File": "characterAmyTT16.bmp", "Rect": "12,232,32,40", "Center": "16,17" },
	"character_TT16_0x42":  { "File": "characterAmyTT16.bmp", "Rect": "68,232,32,40", "Center": "16,15" },
	"character_TT16_0x43":  { "File": "characterAmyTT16.bmp", "Rect": "128,232,24,40", "Center": "13,21" },
	"character_TT16_0x44":  { "File": "characterAmyTT16.bmp", "Rect": "184,236,24,32", "Center": "13,20" },
	"character_TT16_0x45":  { "File": "characterAmyTT16.bmp", "Rect": "236,240,32,24", "Center": "15,14" },
	"character_TT16_0x46":  { "File": "characterAmyTT16.bmp", "Rect": "296,236,24,32", "Center": "12,18" },
	"character_TT16_0x47":  { "File": "characterAmyTT16.bmp", "Rect": "352,232,24,40", "Center": "13,25" },
	"character_TT16_0x48":  { "File": "characterAmyTT16.bmp", "Rect": "404,232,32,40", "Center": "16,24" },
	"character_TT16_0x49":  { "File": "characterAmyTT16.bmp", "Rect": "456,232,40,40", "Center": "20,24" },
	"character_TT16_0x4a":  { "File": "characterAmyTT16.bmp", "Rect": "516,228,32,48", "Center": "14,21" },
	"character_TT16_0x4b":  { "File": "characterAmyTT16.bmp", "Rect": "572,236,32,33", "Center": "16,18" },
	"character_TT16_0x4c":  { "File": "characterAmyTT16.bmp", "Rect": "628,236,32,32", "Center": "13,19" },
	"character_TT16_0x4d":  { "File": "characterAmyTT16.bmp", "Rect": "684,236,32,32", "Center": "13,22" },
	"character_TT16_0x4e":  { "File": "characterAmyTT16.bmp", "Rect": "740,236,32,32", "Center": "13,18" },
	"character_TT16_0x4f":  { "File": "characterAmyTT16.bmp", "Rect": "792,232,40,40", "Center": "20,23" },
	"character_TT16_0x50":  { "File": "characterAmyTT16.bmp", "Rect": "848,232,40,40", "Center": "20,18" },
	"character_TT16_0x51":  { "File": "characterAmyTT16.bmp", "Rect": "12,292,32,32", "Center": "17,16" },
	"character_TT16_0x52":  { "File": "characterAmyTT16.bmp", "Rect": "68,292,32,32", "Center": "14,16" },
	"character_TT16_0x53":  { "File": "characterAmyTT16.bmp", "Rect": "120,292,40,32", "Center": "21,20" },
	"character_TT16_0x54":  { "File": "characterAmyTT16.bmp", "Rect": "176,292,40,32", "Center": "14,20" },
	"character_TT16_0x55":  { "File": "characterAmyTT16.bmp", "Rect": "236,288,32,40", "Center": "15,24" },
	"character_TT16_0x56":  { "File": "characterAmyTT16.bmp", "Rect": "292,288,32,40", "Center": "15,24" },
	"character_TT16_0x57":  { "File": "characterAmyTT16.bmp", "Rect": "348,288,32,40", "Center": "13,24" },
	"character_TT16_0x58":  { "File": "characterAmyTT16.bmp", "Rect": "408,288,24,40", "Center": "12,24" },
	"character_TT16_0x59":  { "File": "characterAmyTT16.bmp", "Rect": "460,288,32,40", "Center": "16,24" },
	"character_TT16_0x5a":  { "File": "characterAmyTT16.bmp", "Rect": "516,288,32,40", "Center": "16,24" },
	"character_TT16_0x5b":  { "File": "characterAmyTT16.bmp", "Rect": "576,288,24,40", "Center": "12,24" },
	"character_TT16_0x5c":  { "File": "characterAmyTT16.bmp", "Rect": "620,296,48,24", "Center": "20,13" },
	"character_TT16_0x5d":  { "File": "characterAmyTT16.bmp", "Rect": "684,296,32,24", "Center": "5,13" },
	"character_TT16_0x5e":  { "File": "characterAmyTT16.bmp", "Rect": "736,296,40,24", "Center": "30,13" },
	"character_TT16_0x5f":  { "File": "characterAmyTT16.bmp", "Rect": "788,296,48,24", "Center": "27,13" },
	"character_TT16_0x60":  { "File": "characterAmyTT16.bmp", "Rect": "852,296,32,24", "Center": "10,12" },
	"character_TT16_0x61":  { "File": "characterAmyTT16.bmp", "Rect": "8,352,40,24", "Center": "34,12" },
	"character_TT16_0x62":  { "File": "characterAmyTT16.bmp", "Rect": "64,348,40,32", "Center": "20,16" },
	"character_TT16_0x63":  { "File": "characterAmyTT16.bmp", "Rect": "128,340,24,48", "Center": "11,24" },
	"character_TT16_0x64":  { "File": "characterAmyTT16.bmp", "Rect": "184,348,24,32", "Center": "11,15" },
	"character_TT16_0x65":  { "File": "characterAmyTT16.bmp", "Rect": "240,344,24,40", "Center": "11,21" },
	"character_TT16_0x66":  { "File": "characterAmyTT16.bmp", "Rect": "296,340,24,48", "Center": "11,24" },
	"character_TT16_0x67":  { "File": "characterAmyTT16.bmp", "Rect": "352,348,24,32", "Center": "12,16" },
	"character_TT16_0x68":  { "File": "characterAmyTT16.bmp", "Rect": "408,344,24,40", "Center": "12,20" },
	"character_TT16_0x69":  { "File": "characterAmyTT16.bmp", "Rect": "460,344,32,40", "Center": "16,24" },
	"character_TT16_0x6a":  { "File": "characterAmyTT16.bmp", "Rect": "516,344,32,40", "Center": "16,24" },
	"character_TT16_0x6b":  { "File": "characterAmyTT16.bmp", "Rect": "572,348,32,32", "Center": "19,18" },
	"character_TT16_0x6c":  { "File": "characterAmyTT16.bmp", "Rect": "626,348,34,32", "Center": "14,19" },
	"character_TT16_0x6d":  { "File": "characterAmyTT16.bmp", "Rect": "680,348,40,32", "Center": "19,19" },
	"character_TT16_0x6e":  { "File": "characterAmyTT16.bmp", "Rect": "736,348,40,32", "Center": "17,17" },
	"character_TT16_0x6f":  { "File": "characterAmyTT16.bmp", "Rect": "796,348,32,32", "Center": "12,18" },
	"character_TT16_0x70":  { "File": "characterAmyTT16.bmp", "Rect": "852,348,32,32", "Center": "14,18" },
	"character_TT16_0x71":  { "File": "characterAmyTT16.bmp", "Rect": "12,404,33,32", "Center": "16,18" },
	"character_TT16_0x72":  { "File": "characterAmyTT16.bmp", "Rect": "64,404,40,32", "Center": "20,18" },
	"character_TT16_0x73":  { "File": "characterAmyTT16.bmp", "Rect": "120,404,40,32", "Center": "18,18" },
	"character_TT16_0x74":  { "File": "characterAmyTT16.bmp", "Rect": "180,404,36,32", "Center": "16,19" },
	"character_TT16_0x75":  { "File": "characterAmyTT16.bmp", "Rect": "240,404,32,32", "Center": "13,19" },
	"character_TT16_0x76":  { "File": "characterAmyTT16.bmp", "Rect": "292,404,32,32", "Center": "16,19" },
	"character_TT16_0x77":  { "File": "characterAmyTT16.bmp", "Rect": "348,406,32,26", "Center": "15,12" },
	"character_TT16_0x78":  { "File": "characterAmyTT16.bmp", "Rect": "400,396,40,48", "Center": "18,29" },
	"character_TT16_0x79":  { "File": "characterAmyTT16.bmp", "Rect": "452,400,48,40", "Center": "31,30" },
	"character_TT16_0x7a":  { "File": "characterAmyTT16.bmp", "Rect": "508,400,48,40", "Center": "26,27" },
	"character_TT16_0x7b":  { "File": "characterAmyTT16.bmp", "Rect": "568,396,40,48", "Center": "27,22" },
	"character_TT16_0x7c":  { "File": "characterAmyTT16.bmp", "Rect": "624,396,40,48", "Center": "23,26" },
	"character_TT16_0x7d":  { "File": "characterAmyTT16.bmp", "Rect": "676,400,48,40", "Center": "20,17" },
	"character_TT16_0x7e":  { "File": "characterAmyTT16.bmp", "Rect": "732,400,48,40", "Center": "23,21" },
	"character_TT16_0x7f":  { "File": "characterAmyTT16.bmp", "Rect": "792,396,40,48", "Center": "13,22" },
	"character_TT16_0x80":  { "File": "characterAmyTT16.bmp", "Rect": "848,396,40,48", "Center": "17,23" },
	"character_TT16_0x81":  { "File": "characterAmyTT16.bmp", "Rect": "12,452,32,48", "Center": "18,23" },
	"character_TT16_0x82":  { "File": "characterAmyTT16.bmp", "Rect": "68,452,32,48", "Center": "20,23" },
	"character_TT16_0x83":  { "File": "characterAmyTT16.bmp", "Rect": "120,452,40,48", "Center": "22,23" },
	"character_TT16_0x84":  { "File": "characterAmyTT16.bmp", "Rect": "180,452,32,48", "Center": "19,23" },
	"character_TT16_0x85":  { "File": "characterAmyTT16.bmp", "Rect": "236,452,32,48", "Center": "17,23" },
	"character_TT16_0x86":  { "File": "characterAmyTT16.bmp", "Rect": "292,460,32,32", "Center": "12,12" },
	"character_TT16_0x87":  { "File": "characterAmyTT16.bmp", "Rect": "348,460,32,32", "Center": "12,12" },
	"character_TT16_0x88":  { "File": "characterAmyTT16.bmp", "Rect": "404,460,32,32", "Center": "12,12" },
	"character_TT16_0x89":  { "File": "characterAmyTT16.bmp", "Rect": "460,460,32,32", "Center": "12,12" },
	"character_TT16_0x8a":  { "File": "characterAmyTT16.bmp", "Rect": "516,460,32,32", "Center": "12,12" },
	"character_TT16_0x8b":  { "File": "characterAmyTT16.bmp", "Rect": "572,460,32,32", "Center": "12,12" },
	"character_TT16_0x8c":  { "File": "characterAmyTT16.bmp", "Rect": "624,460,40,32", "Center": "20,20" },
	"character_TT16_0x8d":  { "File": "characterAmyTT16.bmp", "Rect": "680,460,40,32", "Center": "20,20" },
	"character_TT16_0x8e":  { "File": "characterAmyTT16.bmp", "Rect": "744,452,24,48", "Center": "15,28" },
	"character_TT16_0x8f":  { "File": "characterAmyTT16.bmp", "Rect": "792,460,40,32", "Center": "23,19" },
	"character_TT16_0x90":  { "File": "characterAmyTT16.bmp", "Rect": "852,452,32,48", "Center": "14,24" },
	"character_TT16_0x91":  { "File": "characterAmyTT16.bmp", "Rect": "8,508,40,48", "Center": "14,26" },
	"character_TT16_0x92":  { "File": "characterAmyTT16.bmp", "Rect": "64,512,40,40", "Center": "14,25" },
	"character_TT16_0x93":  { "File": "characterAmyTT16.bmp", "Rect": "124,516,32,32", "Center": "14,25" },
	"character_TT16_0x94":  { "File": "characterAmyTT16.bmp", "Rect": "180,508,32,48", "Center": "14,24" },
	"character_TT16_0x95":  { "File": "characterAmyTT16.bmp", "Rect": "239,508,25,48", "Center": "12,24" },
	"character_TT16_0x96":  { "File": "characterAmyTT16.bmp", "Rect": "292,516,32,32", "Center": "16,16" },
	"character_TT16_0x97":  { "File": "characterAmyTT16.bmp", "Rect": "348,516,32,32", "Center": "16,16" },
	"character_TT16_0x98":  { "File": "characterAmyTT16.bmp", "Rect": "404,516,32,32", "Center": "16,16" },
	"character_TT16_0x99":  { "File": "characterAmyTT16.bmp", "Rect": "460,516,32,32", "Center": "16,16" },
	"character_TT16_0x9a":  { "File": "characterAmyTT16.bmp", "Rect": "516,516,32,32", "Center": "16,16" },
	"character_TT16_0x9b":  { "File": "characterAmyTT16.bmp", "Rect": "576,512,24,40", "Center": "10,24" },
	"character_TT16_0x9c":  { "File": "characterAmyTT16.bmp", "Rect": "628,516,32,32", "Center": "15,16" },
	"character_TT16_0x9d":  { "File": "characterAmyTT16.bmp", "Rect": "680,512,40,40", "Center": "19,25" },
	"character_TT16_0x9e":  { "File": "characterAmyTT16.bmp", "Rect": "736,512,40,40", "Center": "18,25" },
	"character_TT16_0x9f":  { "File": "characterAmyTT16.bmp", "Rect": "796,512,32,40", "Center": "15,25" },
	"character_TT16_0xa0":  { "File": "characterAmyTT16.bmp", "Rect": "852,512,32,40", "Center": "17,24" },
	"character_TT16_0xa1":  { "File": "characterAmyTT16.bmp", "Rect": "8,568,40,40", "Center": "21,24" },
	"character_TT16_0xa2":  { "File": "characterAmyTT16.bmp", "Rect": "64,564,40,48", "Center": "28,31" },
	"character_TT16_0xa3":  { "File": "characterAmyTT16.bmp", "Rect": "124,564,32,48", "Center": "21,32" },
	"character_TT16_0xa4":  { "File": "characterAmyTT16.bmp", "Rect": "176,568,40,40", "Center": "30,24" },
	"character_TT16_0xa5":  { "File": "characterAmyTT16.bmp", "Rect": "232,568,40,40", "Center": "29,24" },
	"character_TT16_0xa6":  { "File": "characterAmyTT16.bmp", "Rect": "288,568,40,40", "Center": "30,23" },
	"character_TT16_0xa7":  { "File": "characterAmyTT16.bmp", "Rect": "344,568,40,40", "Center": "16,24" },
	"character_TT16_0xa8":  { "File": "characterAmyTT16.bmp", "Rect": "400,568,40,40", "Center": "16,24" },
	"character_TT16_0xa9":  { "File": "characterAmyTT16.bmp", "Rect": "456,568,40,40", "Center": "16,24" },
	"character_TT16_0xaa":  { "File": "characterAmyTT16.bmp", "Rect": "504,576,56,24", "Center": "26,12" },
	"character_TT16_0xab":  { "File": "characterAmyTT16.bmp", "Rect": "560,576,56,24", "Center": "26,13" },
	"character_TT16_0xac":  { "File": "characterAmyTT16.bmp", "Rect": "624,568,40,40", "Center": "20,24" },
	"character_TT16_0xad":  { "File": "characterAmyTT16.bmp", "Rect": "684,568,32,40", "Center": "18,24" },
	"character_TT16_0xae":  { "File": "characterAmyTT16.bmp", "Rect": "740,568,32,40", "Center": "18,24" },
	"character_TT16_0xaf":  { "File": "characterAmyTT16.bmp", "Rect": "792,568,40,40", "Center": "26,24" },
	"character_TT16_0xb0":  { "File": "characterAmyTT16.bmp", "Rect": "852,568,32,40", "Center": "22,24" },
	"character_TT16_0xb1":  { "File": "characterAmyTT16.bmp", "Rect": "12,624,32,40", "Center": "17,24" },
	"character_TT16_0xb2":  { "File": "characterAmyTT16.bmp", "Rect": "68,624,32,40", "Center": "17,24" },
	"character_TT16_0xb3":  { "File": "characterAmyTT16.bmp", "Rect": "124,624,32,40", "Center": "17,24" },
	"character_TT16_0xb4":  { "File": "characterAmyTT16.bmp", "Rect": "184,616,24,56", "Center": "12,20" },
	"character_TT16_0xb5":  { "File": "characterAmyTT16.bmp", "Rect": "240,616,24,56", "Center": "11,20" },
	"character_TT16_0xb6":  { "File": "characterAmyTT16.bmp", "Rect": "292,624,32,40", "Center": "19,24" },
	"character_TT16_0xb7":  { "File": "characterAmyTT16.bmp", "Rect": "352,624,24,40", "Center": "11,24" },
	"character_TT16_0xb8":  { "File": "characterAmyTT16.bmp", "Rect": "404,624,32,40", "Center": "19,24" },
	"character_TT16_0xb9":  { "File": "characterAmyTT16.bmp", "Rect": "464,624,24,40", "Center": "11,24" },
	"character_TT16_0xba":  { "File": "characterAmyTT16.bmp", "Rect": "516,624,32,40", "Center": "16,24" },
	"character_TT16_0xbb":  { "File": "characterAmyTT16.bmp", "Rect": "572,624,32,40", "Center": "18,23" },
	"character_TT16_0xbc":  { "File": "characterAmyTT16.bmp", "Rect": "628,624,32,40", "Center": "18,24" },
	"character_TT16_0xbd":  { "File": "characterAmyTT16.bmp", "Rect": "684,624,32,40", "Center": "18,24" },
	"character_TT16_0xbe":  { "File": "characterAmyTT16.bmp", "Rect": "740,624,32,40", "Center": "17,24" },
	"character_TT16_0xc3":  { "File": "characterAmyTT16.bmp", "Rect": "124,680,32,40", "Center": "18,24" },
	"character_TT16_0xc4":  { "File": "characterAmyTT16.bmp", "Rect": "176,680,40,40", "Center": "26,22" },
	"character_TT16_0xc8":  { "File": "characterAmyTT16.bmp", "Rect": "396,688,48,24", "Center": "35,16" },
	"character_TT16_0xc9":  { "File": "characterAmyTT16.bmp", "Rect": "456,688,40,24", "Center": "23,17" },
	"character_TT16_0xca":  { "File": "characterAmyTT16.bmp", "Rect": "516,688,32,24", "Center": "17,17" },
	"character_TT16_0xcb":  { "File": "characterAmyTT16.bmp", "Rect": "568,688,40,24", "Center": "16,17" },
	"character_TT16_0xcc":  { "File": "characterAmyTT16.bmp", "Rect": "620,688,48,24", "Center": "13,16" },
	"character_TT16_0xcd":  { "File": "characterAmyTT16.bmp", "Rect": "680,688,40,24", "Center": "23,17" },
	"character_TT16_0xce":  { "File": "characterAmyTT16.bmp", "Rect": "740,688,32,24", "Center": "17,17" },
	"character_TT16_0xcf":  { "File": "characterAmyTT16.bmp", "Rect": "792,688,40,24", "Center": "17,17" },
	"character_TT16_0xd0":  { "File": "characterAmyTT16.bmp", "Rect": "848,684,40,32", "Center": "20,12" },
	"character_TT16_0xd1":  { "File": "characterAmyTT16.bmp", "Rect": "8,740,40,32", "Center": "20,12" },
	"character_TT16_0xd2":  { "File": "characterAmyTT16.bmp", "Rect": "72,740,24,32", "Center": "12,20" },
	"character_TT16_0xd3":  { "File": "characterAmyTT16.bmp", "Rect": "124,732,32,48", "Center": "13,28" },
	"character_TT16_0xd4":  { "File": "characterAmyTT16.bmp", "Rect": "180,732,32,48", "Center": "13,28" },
	"character_TT16_0xd5":  { "File": "characterAmyTT16.bmp", "Rect": "236,732,32,48", "Center": "13,28" },
	"character_TT16_0xd6":  { "File": "characterAmyTT16.bmp", "Rect": "292,732,32,48", "Center": "13,28" },
	"character_TT16_0xd7":  { "File": "characterAmyTT16.bmp", "Rect": "344,740,40,32", "Center": "24,16" },
	"character_TT16_0xd8":  { "File": "characterAmyTT16.bmp", "Rect": "400,740,40,32", "Center": "24,16" },
	"character_TT16_0xd9":  { "File": "characterAmyTT16.bmp", "Rect": "456,736,40,40", "Center": "24,24" },
	"character_TT16_0xdf":  { "File": "characterAmyTT16.bmp", "Rect": "796,736,32,40", "Center": "16,24" },
	"character_TT16_0xe0":  { "File": "characterAmyTT16.bmp", "Rect": "856,740,27,32", "Center": "12,20" },
	"character_TT16_0xe1":  { "File": "characterAmyTT16.bmp", "Rect": "16,792,24,40", "Center": "12,24" },
	"character_TT16_0xe2":  { "File": "characterAmyTT16.bmp", "Rect": "68,792,32,40", "Center": "16,24" },
	"character_TT16_0xe3":  { "File": "characterAmyTT16.bmp", "Rect": "120,788,40,48", "Center": "20,28" },
	"character_TT16_0xe4":  { "File": "characterAmyTT16.bmp", "Rect": "180,788,32,48", "Center": "16,24" },
	"character_TT16_0xe5":  { "File": "characterAmyTT16.bmp", "Rect": "236,788,32,48", "Center": "15,24" },
	"character_TT16_0xe6":  { "File": "characterAmyTT16.bmp", "Rect": "292,788,32,48", "Center": "16,24" },
	"character_TT16_0xe7":  { "File": "characterAmyTT16.bmp", "Rect": "352,788,24,48", "Center": "12,25" },
	"character_TT16_0xe8":  { "File": "characterAmyTT16.bmp", "Rect": "404,788,32,48", "Center": "16,24" },
	"character_TT16_0xe9":  { "File": "characterAmyTT16.bmp", "Rect": "460,788,32,48", "Center": "16,25" },
	"character_TT16_0xea":  { "File": "characterAmyTT16.bmp", "Rect": "520,788,24,48", "Center": "12,24" },
	"character_TT16_0xeb":  { "File": "characterAmyTT16.bmp", "Rect": "568,788,40,48", "Center": "20,24" },
	"character_TT16_0xec":  { "File": "characterAmyTT16.bmp", "Rect": "620,792,48,40", "Center": "24,24" },
	"character_TT16_0xed":  { "File": "characterAmyTT16.bmp", "Rect": "684,788,32,48", "Center": "16,28" },
	"character_TT16_0xee":  { "File": "characterAmyTT16.bmp", "Rect": "732,792,48,40", "Center": "24,24" },
	"character_TT16_0xef":  { "File": "characterAmyTT16.bmp", "Rect": "796,792,32,40", "Center": "16,20" },
	"character_TT16_0xf0":  { "File": "characterAmyTT16.bmp", "Rect": "852,792,32,40", "Center": "16,20" },
	"character_TT16_0xf1":  { "File": "characterAmyTT16.bmp", "Rect": "16,848,24,40", "Center": "12,20" },
	"character_TT16_0xf2":  { "File": "characterAmyTT16.bmp", "Rect": "72,848,24,40", "Center": "12,20" },
	"character_TT16_0xf3":  { "File": "characterAmyTT16.bmp", "Rect": "128,848,24,40", "Center": "12,20" },
	"character_TT16_0xf4":  { "File": "characterAmyTT16.bmp", "Rect": "180,848,32,40", "Center": "16,20" },
	"character_TT16_0xf5":  { "File": "characterAmyTT16.bmp", "Rect": "236,848,32,40", "Center": "15,20" },
	"character_TT16_0xf6":  { "File": "characterAmyTT16.bmp", "Rect": "292,848,32,40", "Center": "18,20" },
	"character_TT16_0xf7":  { "File": "characterAmyTT16.bmp", "Rect": "352,848,24,40", "Center": "12,20" },
	"character_TT16_0xf8":  { "File": "characterAmyTT16.bmp", "Rect": "408,848,24,40", "Center": "12,20" },
	"character_TT16_0xf9":  { "File": "characterAmyTT16.bmp", "Rect": "464,848,24,40", "Center": "12,20" },
	"character_TT16_0xfa":  { "File": "characterAmyTT16.bmp", "Rect": "516,848,32,40", "Center": "14,20" },
	"character_TT16_CDSPIN_0":  { "File": "characterAmyTT16.bmp", "Rect": "292,516,32,32", "Center": "16,16" },
	"character_TT16_CDSPIN_1":  { "File": "characterAmyTT16.bmp", "Rect": "348,516,32,32", "Center": "16,16" },
	"character_TT16_CDSPIN_2":  { "File": "characterAmyTT16.bmp", "Rect": "292,516,32,32", "Center": "16,16" },
	"character_TT16_CDSPIN_3":  { "File": "characterAmyTT16.bmp", "Rect": "404,516,32,32", "Center": "16,16" },
	"character_TT16_CDSPIN_4":  { "File": "characterAmyTT16.bmp", "Rect": "292,516,32,32", "Center": "16,16" },
	"character_TT16_CDSPIN_5":  { "File": "characterAmyTT16.bmp", "Rect": "460,516,32,32", "Center": "16,16" },
	"character_TT16_CDSPIN_6":  { "File": "characterAmyTT16.bmp", "Rect": "292,516,32,32", "Center": "16,16" },
	"character_TT16_CDSPIN_7":  { "File": "characterAmyTT16.bmp", "Rect": "516,516,32,32", "Center": "16,16" },
	"character_TT16_OriginsJump_0":  { "File": "tt16jump.bmp", "Rect": "0,0,48,48", "Center": "23,23" },
	"character_TT16_OriginsJump_1":  { "File": "tt16jump.bmp", "Rect": "48,0,48,48", "Center": "23,23" },
	"character_TT16_Hop_0":  { "File": "tt16hop.bmp", "Rect": "0,0,40,40", "Center": "20,20" },
	"character_TT16_Hop_1":  { "File": "tt16hop.bmp", "Rect": "40,0,40,40", "Center": "20,20" },
	"character_TT16_Hop_2":  { "File": "tt16hop.bmp", "Rect": "80,0,40,40", "Center": "20,20" },
	"character_TT16_Hop_3":  { "File": "tt16hop.bmp", "Rect": "120,0,40,40", "Center": "20,20" },
	"character_TT16_balance_0":  { "File": "amytt16_balance_1.bmp", "Rect": "0,0,48,48", "Center": "22,29" },
	"character_TT16_balance_1":  { "File": "amytt16_balance_1.bmp", "Rect": "49,0,48,48", "Center": "22,29" },
	"character_TT16_balance_2":  { "File": "amytt16_balance_1.bmp", "Rect": "98,0,48,48", "Center": "22,29" },
	"character_TT16_balance_3":  { "File": "amytt16_balance_1.bmp", "Rect": "147,0,48,48", "Center": "22,29" }
}