{
	"snowboarding_char4TT16_0x01": { "File": "character_amytt16_snowboarding.bmp", "Rect": "4,0,48,64", "Center": "22,40" },
	"snowboarding_char4TT16_0x02": { "File": "character_amytt16_snowboarding.bmp", "Rect": "68,4,32,56", "Center": "16,22" },
	"snowboarding_char4TT16_0x03": { "File": "character_amytt16_snowboarding.bmp", "Rect": "116,4,48,56", "Center": "23,27" },
	"snowboarding_char4TT16_0x04": { "File": "character_amytt16_snowboarding.bmp", "Rect": "176,4,40,56", "Center": "21,26" },
	"snowboarding_char4TT16_0x05": { "File": "character_amytt16_snowboarding.bmp", "Rect": "232,4,40,56", "Center": "19,26" },
	"snowboarding_char4TT16_0x06": { "File": "character_amytt16_snowboarding.bmp", "Rect": "280,12,56,40", "Center": "28,21" },
	"snowboarding_char4TT16_0x07": { "File": "character_amytt16_snowboarding.bmp", "Rect": "336,12,56,40", "Center": "28,21" },
	"snowboarding_char4TT16_0x08": { "File": "character_amytt16_snowboarding.bmp", "Rect": "392,12,56,40", "Center": "28,21" },
	"snowboarding_char4TT16_0x09": { "File": "character_amytt16_snowboarding.bmp", "Rect": "452,4,48,56", "Center": "27,19" },
	"snowboarding_char4TT16_0x0a": { "File": "character_amytt16_snowboarding.bmp", "Rect": "504,4,56,56", "Center": "34,25" },
	"snowboarding_char4TT16_0x0b": { "File": "character_amytt16_snowboarding.bmp", "Rect": "560,8,56,48", "Center": "28,22" },
	"snowboarding_char4TT16_0x0c": { "File": "character_amytt16_snowboarding.bmp", "Rect": "616,4,56,56", "Center": "26,26" },
}
