{
	"amy_snowboard_00": { "File": "fuckingsnowboard.bmp", "Rect": "0,0,56,8", "Center": "28,6" },
	"amy_snowboard_01": { "File": "fuckingsnowboard.bmp", "Rect": "0,0,56,8", "Center": "28,6" },
	"amy_snowboard_02": { "File": "fuckingsnowboard.bmp", "Rect": "57,0,48,40", "Center": "21,20" },
	"amy_snowboard_03": { "File": "fuckingsnowboard.bmp", "Rect": "106,0,8,56", "Center": "2,28" },
	"amy_snowboard_04": { "File": "fuckingsnowboard.bmp", "Rect": "115,0,40,48", "Center": "20,21" },
	"amy_snowboard_05": { "File": "fuckingsnowboard.bmp", "Rect": "156,0,56,8", "Center": "28,2" },
	"amy_snowboard_06": { "File": "fuckingsnowboard.bmp", "Rect": "213,0,48,40", "Center": "27,20" },
	"amy_snowboard_07": { "File": "fuckingsnowboard.bmp", "Rect": "262,0,8,56", "Center": "6,28" },
	"amy_snowboard_08": { "File": "fuckingsnowboard.bmp", "Rect": "271,0,40,48", "Center": "20,27" },
}
