{
	"character_slot5_0x01":  { "File": "character_shadow.bmp", "Rect": "8,8,42,40", "Center": "20,20" },
	"character_slot5_0x02":  { "File": "character_shadow.bmp", "Rect": "64,8,40,40", "Center": "20,19" },
	"character_slot5_0x03":  { "File": "character_shadow.bmp", "Rect": "124,8,32,40", "Center": "20,18" },
	"character_slot5_0x04":  { "File": "character_shadow.bmp", "Rect": "180,8,32,40", "Center": "18,20" },
	"character_slot5_0x05":  { "File": "character_shadow.bmp", "Rect": "233,8,39,40", "Center": "17,20" },
	"character_slot5_0x06":  { "File": "character_shadow.bmp", "Rect": "287,8,40,40", "Center": "20,19" },
	"character_slot5_0x07":  { "File": "character_shadow.bmp", "Rect": "348,8,32,40", "Center": "20,18" },
	"character_slot5_0x08":  { "File": "character_shadow.bmp", "Rect": "404,8,32,40", "Center": "20,20" },
	"shadow_boost_air":  { "File": "character_shadow.bmp", "Rect": "454,11,38,34", "Center": "20,20" },
	"shadow_wall_latch_r":  { "File": "character_shadow.bmp", "Rect": "505,7,26,42", "Center": "10,20" },
	"shadow_wall_latch_l":  { "File": "character_shadow.bmp", "Rect": "505,7,26,42", "Center": "11,20" },
	"shadow_float_0":  { "File": "character_shadow.bmp", "Rect": "541,11,37,29", "Center": "24,11" },
	"shadow_float_1":  { "File": "character_shadow.bmp", "Rect": "587,11,37,28", "Center": "24,11" },
	"shadowspringtwirl_0":  { "File": "character_shadow.bmp", "Rect": "633,11,21,45", "Center": "10,19" },
	"shadowspringtwirl_1":  { "File": "character_shadow.bmp", "Rect": "658,11,28,45", "Center": "12,20" },
	"shadowspringtwirl_2":  { "File": "character_shadow.bmp", "Rect": "690,11,28,45", "Center": "11,20" },
	"shadowspringtwirl_3":  { "File": "character_shadow.bmp", "Rect": "722,11,21,45", "Center": "6,19" },
	"shadowspringtwirl_4":  { "File": "character_shadow.bmp", "Rect": "747,11,34,45", "Center": "15,19" },
	"shadow_fall_0":  { "File": "character_shadow.bmp", "Rect": "785,11,40,48", "Center": "24,24" },
	"shadow_fall_1":  { "File": "character_shadow.bmp", "Rect": "826,11,40,48", "Center": "24,24" },
	"character_superslot5_0x21":  { "File": "character_shadow.bmp", "Rect": "541,11,37,29", "Center": "24,11" },
	"character_superslot5_0x22":  { "File": "character_shadow.bmp", "Rect": "587,11,37,28", "Center": "24,11" },
	"character_superslot5_0x23":  { "File": "character_shadow.bmp", "Rect": "541,11,37,29", "Center": "24,11" },
	"character_superslot5_0x24":  { "File": "character_shadow.bmp", "Rect": "587,11,37,28", "Center": "24,11" },
	"shadow_run_1":  { "File": "character_shadow.bmp", "Rect": "6,120,47,40", "Center": "25,20" },
	"shadow_run_2":  { "File": "character_shadow.bmp", "Rect": "66,120,37,40", "Center": "19,19" },
	"shadow_run_3":  { "File": "character_shadow.bmp", "Rect": "114,120,48,40", "Center": "26,20" },
	"shadow_run_4":  { "File": "character_shadow.bmp", "Rect": "170,120,45,41", "Center": "22,18" },
	"shadow_run_5":  { "File": "character_shadow.bmp", "Rect": "228,120,40,41", "Center": "20,20" },
	"shadow_run_6":  { "File": "character_shadow.bmp", "Rect": "283,120,42,41", "Center": "23,21" },
	"shadow_run_7":  { "File": "character_shadow.bmp", "Rect": "343,120,43,42", "Center": "21,22" },
	"shadow_run_8":  { "File": "character_shadow.bmp", "Rect": "403,120,34,42", "Center": "17,20" },
	"shadow_run_9":  { "File": "character_shadow.bmp", "Rect": "454,124,44,38", "Center": "23,15" },
	"shadow_run_10":  { "File": "character_shadow.bmp", "Rect": "509,122,41,39", "Center": "22,18" },
	"shadow_run_11":  { "File": "character_shadow.bmp", "Rect": "564,120,42,41", "Center": "23,18" },
	"shadow_run_12":  { "File": "character_shadow.bmp", "Rect": "623,121,41,39", "Center": "25,19" },
	"shadow_prestomp_0":  { "File": "character_shadow.bmp", "Rect": "684,123,29,34", "Center": "14,17" },
	"shadow_prestomp_1":  { "File": "character_shadow.bmp", "Rect": "738,123,30,33", "Center": "15,17" },
	"shadow_stomp_0":  { "File": "character_shadow.bmp", "Rect": "796,117,29,45", "Center": "16,22" },
	"shadow_stomp_1":  { "File": "character_shadow.bmp", "Rect": "850,117,29,45", "Center": "16,22" },
	"character_slot5_0x31":  { "File": "character_shadow.bmp", "Rect": "12,176,32,40", "Center": "14,20" },
	"character_slot5_0x32":  { "File": "character_shadow.bmp", "Rect": "67,176,32,40", "Center": "14,22" },
	"character_slot5_0x33":  { "File": "character_shadow.bmp", "Rect": "124,180,32,32", "Center": "15,16" },
	"character_slot5_0x34":  { "File": "character_shadow.bmp", "Rect": "180,180,32,32", "Center": "15,17" },
	"character_slot5_0x35":  { "File": "character_shadow.bmp", "Rect": "236,180,32,32", "Center": "12,17" },
	"character_slot5_0x36":  { "File": "character_shadow.bmp", "Rect": "292,175,32,43", "Center": "15,21" },
	"character_slot5_0x37":  { "File": "character_shadow.bmp", "Rect": "348,176,33,40", "Center": "16,20" },
	"character_slot5_0x38":  { "File": "character_shadow.bmp", "Rect": "407,175,25,41", "Center": "13,19" },
	"character_slot5_0x39":  { "File": "character_shadow.bmp", "Rect": "460,179,32,33", "Center": "16,19" },
	"character_slot5_0x3a":  { "File": "character_shadow.bmp", "Rect": "516,180,33,32", "Center": "19,16" },
	"character_slot5_0x3b":  { "File": "character_shadow.bmp", "Rect": "576,176,24,40", "Center": "12,20" },
	"character_slot5_0x3c":  { "File": "character_shadow.bmp", "Rect": "631,176,25,40", "Center": "13,20" },
	"character_slot5_0x3d":  { "File": "character_shadow.bmp", "Rect": "688,172,24,48", "Center": "14,26" },
	"character_slot5_0x3e":  { "File": "character_shadow.bmp", "Rect": "744,180,24,32", "Center": "13,16" },
	"character_slot5_0x3f":  { "File": "character_shadow.bmp", "Rect": "796,180,32,32", "Center": "17,15" },
	"character_slot5_0x40":  { "File": "character_shadow.bmp", "Rect": "852,180,32,32", "Center": "16,14" },
	"character_slot5_0x41":  { "File": "character_shadow.bmp", "Rect": "12,232,32,40", "Center": "16,17" },
	"character_slot5_0x42":  { "File": "character_shadow.bmp", "Rect": "68,232,32,40", "Center": "16,20" },
	"character_slot5_0x43":  { "File": "character_shadow.bmp", "Rect": "128,232,24,40", "Center": "11,20" },
	"character_slot5_0x44":  { "File": "character_shadow.bmp", "Rect": "184,236,24,32", "Center": "12,16" },
	"character_slot5_0x45":  { "File": "character_shadow.bmp", "Rect": "236,240,32,24", "Center": "14,10" },
	"character_slot5_0x46":  { "File": "character_shadow.bmp", "Rect": "296,236,24,32", "Center": "13,13" },
	"character_slot5_0x47":  { "File": "character_shadow.bmp", "Rect": "352,232,24,40", "Center": "13,21" },
	"character_slot5_0x48":  { "File": "character_shadow.bmp", "Rect": "404,232,32,40", "Center": "16,20" },
	"character_slot5_0x49":  { "File": "character_shadow.bmp", "Rect": "456,232,40,40", "Center": "20,24" },
	"character_slot5_0x4a":  { "File": "character_shadow.bmp", "Rect": "516,228,32,48", "Center": "14,22" },
	"character_slot5_0x4b":  { "File": "character_shadow.bmp", "Rect": "572,236,32,32", "Center": "16,21" },
	"character_slot5_0x4c":  { "File": "character_shadow.bmp", "Rect": "628,236,32,32", "Center": "13,15" },
	"character_slot5_0x4d":  { "File": "character_shadow.bmp", "Rect": "684,236,32,32", "Center": "13,18" },
	"character_slot5_0x4e":  { "File": "character_shadow.bmp", "Rect": "740,236,32,32", "Center": "18,14" },
	"character_slot5_0x4f":  { "File": "character_shadow.bmp", "Rect": "792,232,40,40", "Center": "22,22" },
	"character_slot5_0x50":  { "File": "character_shadow.bmp", "Rect": "848,232,40,40", "Center": "21,20" },
	"character_slot5_0x51":  { "File": "character_shadow.bmp", "Rect": "12,292,32,32", "Center": "17,19" },
	"character_slot5_0x52":  { "File": "character_shadow.bmp", "Rect": "68,292,32,32", "Center": "14,17" },
	"character_slot5_0x53":  { "File": "character_shadow.bmp", "Rect": "120,292,40,32", "Center": "24,19" },
	"character_slot5_0x54":  { "File": "character_shadow.bmp", "Rect": "176,292,40,32", "Center": "17,16" },
	"character_slot5_0x55":  { "File": "character_shadow.bmp", "Rect": "236,288,32,40", "Center": "16,20" },
	"character_slot5_0x56":  { "File": "character_shadow.bmp", "Rect": "292,288,32,40", "Center": "17,20" },
	"character_slot5_0x57":  { "File": "character_shadow.bmp", "Rect": "348,288,32,40", "Center": "16,20" },
	"character_slot5_0x58":  { "File": "character_shadow.bmp", "Rect": "408,288,24,40", "Center": "13,20" },
	"character_slot5_0x59":  { "File": "character_shadow.bmp", "Rect": "460,288,33,40", "Center": "17,20" },
	"character_slot5_0x5a":  { "File": "character_shadow.bmp", "Rect": "516,288,32,40", "Center": "18,20" },
	"character_slot5_0x5b":  { "File": "character_shadow.bmp", "Rect": "576,288,24,40", "Center": "13,20" },
	"character_slot5_0x5c":  { "File": "character_shadow.bmp", "Rect": "620,296,50,24", "Center": "20,11" },
	"character_slot5_0x5d":  { "File": "character_shadow.bmp", "Rect": "684,296,32,24", "Center": "4,12" },
	"character_slot5_0x5e":  { "File": "character_shadow.bmp", "Rect": "736,296,40,24", "Center": "30,12" },
	"character_slot5_0x5f":  { "File": "character_shadow.bmp", "Rect": "782,295,54,24", "Center": "33,12" },
	"character_slot5_0x60":  { "File": "character_shadow.bmp", "Rect": "846,296,38,24", "Center": "16,12" },
	"character_slot5_0x61":  { "File": "character_shadow.bmp", "Rect": "12,352,40,24", "Center": "34,12" },
	"character_slot5_0x62":  { "File": "character_shadow.bmp", "Rect": "64,348,41,32", "Center": "20,16" },
	"character_slot5_0x63":  { "File": "character_shadow.bmp", "Rect": "128,340,22,50", "Center": "11,24" },
	"character_slot5_0x64":  { "File": "character_shadow.bmp", "Rect": "184,348,24,32", "Center": "13,15" },
	"character_slot5_0x65":  { "File": "character_shadow.bmp", "Rect": "240,344,23,40", "Center": "12,21" },
	"character_slot5_0x66":  { "File": "character_shadow.bmp", "Rect": "294,334,23,54", "Center": "14,30" },
	"character_slot5_0x67":  { "File": "character_shadow.bmp", "Rect": "353,342,24,38", "Center": "13,22" },
	"character_slot5_0x68":  { "File": "character_shadow.bmp", "Rect": "408,348,24,40", "Center": "14,20" },
	"character_slot5_0x69":  { "File": "character_shadow.bmp", "Rect": "460,344,32,40", "Center": "16,20" },
	"character_slot5_0x6a":  { "File": "character_shadow.bmp", "Rect": "516,344,32,40", "Center": "16,20" },
	"character_slot5_0x6b":  { "File": "character_shadow.bmp", "Rect": "572,348,32,32", "Center": "21,20" },
	"character_slot5_0x6c":  { "File": "character_shadow.bmp", "Rect": "628,348,32,32", "Center": "16,16" },
	"character_slot5_0x6d":  { "File": "character_shadow.bmp", "Rect": "677,348,43,32", "Center": "23,16" },
	"character_slot5_0x6e":  { "File": "character_shadow.bmp", "Rect": "736,348,40,32", "Center": "20,16" },
	"character_slot5_0x6f":  { "File": "character_shadow.bmp", "Rect": "793,348,36,32", "Center": "19,16" },
	"character_slot5_0x70":  { "File": "character_shadow.bmp", "Rect": "850,348,33,32", "Center": "18,16" },
	"character_slot5_0x71":  { "File": "character_shadow.bmp", "Rect": "12,404,32,32", "Center": "16,16" },
	"character_slot5_0x72":  { "File": "character_shadow.bmp", "Rect": "64,404,40,32", "Center": "20,16" },
	"character_slot5_0x73":  { "File": "character_shadow.bmp", "Rect": "120,404,40,32", "Center": "20,16" },
	"character_slot5_0x74":  { "File": "character_shadow.bmp", "Rect": "177,404,39,32", "Center": "19,16" },
	"character_slot5_0x75":  { "File": "character_shadow.bmp", "Rect": "231,404,35,32", "Center": "21,16" },
	"character_slot5_0x76":  { "File": "character_shadow.bmp", "Rect": "290,404,32,32", "Center": "18,16" },
	"character_slot5_0x77":  { "File": "character_shadow.bmp", "Rect": "348,406,32,29", "Center": "16,14" },
	"character_slot5_0x78":  { "File": "character_shadow.bmp", "Rect": "400,396,40,48", "Center": "18,25" },
	"character_slot5_0x80":  { "File": "character_shadow.bmp", "Rect": "848,396,40,48", "Center": "17,24" },
	"character_slot5_0x81":  { "File": "character_shadow.bmp", "Rect": "12,452,32,48", "Center": "18,24" },
	"character_slot5_0x82":  { "File": "character_shadow.bmp", "Rect": "68,452,32,48", "Center": "20,24" },
	"character_slot5_0x83":  { "File": "character_shadow.bmp", "Rect": "120,452,40,48", "Center": "22,24" },
	"character_slot5_0x84":  { "File": "character_shadow.bmp", "Rect": "180,452,32,48", "Center": "19,24" },
	"character_slot5_0x85":  { "File": "character_shadow.bmp", "Rect": "236,452,32,48", "Center": "17,24" },
	"character_slot5_0x86":  { "File": "character_shadow.bmp", "Rect": "292,460,32,32", "Center": "12,8" },
	"character_slot5_0x87":  { "File": "character_shadow.bmp", "Rect": "348,460,32,32", "Center": "12,8" },
	"character_slot5_0x88":  { "File": "character_shadow.bmp", "Rect": "404,460,32,32", "Center": "12,8" },
	"character_slot5_0x89":  { "File": "character_shadow.bmp", "Rect": "460,460,32,32", "Center": "12,8" },
	"character_slot5_0x8a":  { "File": "character_shadow.bmp", "Rect": "516,460,32,32", "Center": "12,8" },
	"character_slot5_0x8b":  { "File": "character_shadow.bmp", "Rect": "572,460,32,32", "Center": "12,8" },
	"character_slot5_0x8c":  { "File": "character_shadow.bmp", "Rect": "624,460,40,32", "Center": "20,16" },
	"character_slot5_0x8d":  { "File": "character_shadow.bmp", "Rect": "680,460,40,32", "Center": "20,17" },
	"character_slot5_0x8e":  { "File": "character_shadow.bmp", "Rect": "743,452,25,48", "Center": "15,22" },
	"character_slot5_0x8f":  { "File": "character_shadow.bmp", "Rect": "792,460,40,32", "Center": "23,15" },
	"character_slot5_0x90":  { "File": "character_shadow.bmp", "Rect": "852,452,32,48", "Center": "16,24" },
	"character_slot5_0x91":  { "File": "character_shadow.bmp", "Rect": "8,508,40,48", "Center": "16,26" },
	"character_slot5_0x92":  { "File": "character_shadow.bmp", "Rect": "64,512,40,40", "Center": "16,24" },
	"character_slot5_0x93":  { "File": "character_shadow.bmp", "Rect": "124,516,32,32", "Center": "16,24" },
	"character_slot5_0x94":  { "File": "character_shadow.bmp", "Rect": "180,508,32,51", "Center": "14,24" },
	"character_slot5_0x95":  { "File": "character_shadow.bmp", "Rect": "238,508,25,48", "Center": "11,24" },
	"character_slot5_0x96":  { "File": "character_shadow.bmp", "Rect": "292,516,32,32", "Center": "16,16" },
	"character_slot5_0x97":  { "File": "character_shadow.bmp", "Rect": "348,516,32,32", "Center": "16,16" },
	"character_slot5_0x98":  { "File": "character_shadow.bmp", "Rect": "404,516,32,32", "Center": "16,16" },
	"character_slot5_0x99":  { "File": "character_shadow.bmp", "Rect": "460,516,32,32", "Center": "16,16" },
	"character_slot5_0x9a":  { "File": "character_shadow.bmp", "Rect": "516,516,32,32", "Center": "16,16" },
	"character_slot5_0x9b":  { "File": "character_shadow.bmp", "Rect": "574,512,33,40", "Center": "10,20" },
	"character_slot5_0x9c":  { "File": "character_shadow.bmp", "Rect": "628,516,36,32", "Center": "13,12" },
	"character_slot5_0x9d":  { "File": "character_shadow.bmp", "Rect": "680,512,40,40", "Center": "17,19" },
	"character_slot5_0x9e":  { "File": "character_shadow.bmp", "Rect": "736,512,40,40", "Center": "18,21" },
	"character_slot5_0x9f":  { "File": "character_shadow.bmp", "Rect": "796,512,34,40", "Center": "13,20" },
	"character_slot5_0xa0":  { "File": "character_shadow.bmp", "Rect": "852,512,33,40", "Center": "17,20" },
	"character_slot5_0xa1":  { "File": "character_shadow.bmp", "Rect": "8,568,40,40", "Center": "21,20" },
	"character_slot5_0xa2":  { "File": "character_shadow.bmp", "Rect": "64,564,40,48", "Center": "28,27" },
	"character_slot5_0xa3":  { "File": "character_shadow.bmp", "Rect": "124,564,32,48", "Center": "21,28" },
	"character_slot5_0xa4":  { "File": "character_shadow.bmp", "Rect": "176,568,40,40", "Center": "30,20" },
	"character_slot5_0xa5":  { "File": "character_shadow.bmp", "Rect": "232,568,40,40", "Center": "29,20" },
	"character_slot5_0xa6":  { "File": "character_shadow.bmp", "Rect": "288,568,40,40", "Center": "30,19" },
	"character_slot5_0xa7":  { "File": "character_shadow.bmp", "Rect": "344,568,40,41", "Center": "16,20" },
	"character_slot5_0xa8":  { "File": "character_shadow.bmp", "Rect": "400,568,40,41", "Center": "16,20" },
	"character_slot5_0xa9":  { "File": "character_shadow.bmp", "Rect": "456,568,40,41", "Center": "16,20" },
	"character_slot5_0xaa":  { "File": "character_shadow.bmp", "Rect": "504,576,56,24", "Center": "26,12" },
	"character_slot5_0xab":  { "File": "character_shadow.bmp", "Rect": "560,576,56,24", "Center": "26,12" },
	"character_slot5_0xac":  { "File": "character_shadow.bmp", "Rect": "624,568,40,40", "Center": "20,20" },
	"character_slot5_0xb0":  { "File": "character_shadow.bmp", "Rect": "852,568,32,40", "Center": "21,20" },
	"character_slot5_0xb1":  { "File": "character_shadow.bmp", "Rect": "12,623,32,41", "Center": "17,21" },
	"character_slot5_0xb2":  { "File": "character_shadow.bmp", "Rect": "68,623,32,41", "Center": "17,21" },
	"character_slot5_0xb3":  { "File": "character_shadow.bmp", "Rect": "124,623,32,41", "Center": "17,21" },
	"character_slot5_0xb4":  { "File": "character_shadow.bmp", "Rect": "184,616,24,56", "Center": "11,26" },
	"character_slot5_0xb5":  { "File": "character_shadow.bmp", "Rect": "240,616,24,56", "Center": "11,26" },
	"character_slot5_0xb6":  { "File": "character_shadow.bmp", "Rect": "292,624,32,40", "Center": "19,20" },
	"character_slot5_0xb7":  { "File": "character_shadow.bmp", "Rect": "352,624,24,40", "Center": "11,20" },
	"character_slot5_0xb8":  { "File": "character_shadow.bmp", "Rect": "404,624,32,40", "Center": "19,20" },
	"character_slot5_0xb9":  { "File": "character_shadow.bmp", "Rect": "464,624,24,40", "Center": "11,20" },
	"character_slot5_0xba":  { "File": "character_shadow.bmp", "Rect": "516,624,32,40", "Center": "16,20" },
	"character_slot5_0xbb":  { "File": "character_shadow.bmp", "Rect": "572,624,32,40", "Center": "17,19" },
	"character_slot5_0xbc":  { "File": "character_shadow.bmp", "Rect": "628,624,32,40", "Center": "16,20" },
	"character_slot5_0xbd":  { "File": "character_shadow.bmp", "Rect": "684,624,32,40", "Center": "18,20" },
	"character_slot5_0xd9":  { "File": "character_shadow.bmp", "Rect": "684,624,32,40", "Center": "18,20" },
	"character_slot5_0xaf":  { "File": "character_shadow.bmp", "Rect": "684,624,32,40", "Center": "18,20" },
	"character_slot5_0xae":  { "File": "character_shadow.bmp", "Rect": "684,624,32,40", "Center": "18,20" },
	"character_slot5_0xad":  { "File": "character_shadow.bmp", "Rect": "684,624,32,40", "Center": "18,20" },
	"character_slot5_0xbe":  { "File": "character_shadow.bmp", "Rect": "740,624,32,40", "Center": "18,20" },
	"character_slot5_0xc3":  { "File": "character_shadow.bmp", "Rect": "124,680,32,40", "Center": "19,20" },
	"character_slot5_0xc4":  { "File": "character_shadow.bmp", "Rect": "176,680,40,40", "Center": "27,18" },
	"character_slot5_0xc8":  { "File": "character_shadow.bmp", "Rect": "396,688,48,24", "Center": "29,12" },
	"character_slot5_0xc9":  { "File": "character_shadow.bmp", "Rect": "456,688,40,24", "Center": "20,12" },
	"character_slot5_0xca":  { "File": "character_shadow.bmp", "Rect": "516,688,32,24", "Center": "17,12" },
	"character_slot5_0xcb":  { "File": "character_shadow.bmp", "Rect": "568,688,40,24", "Center": "21,12" },
	"character_slot5_0xcc":  { "File": "character_shadow.bmp", "Rect": "620,688,48,24", "Center": "18,12" },
	"character_slot5_0xcd":  { "File": "character_shadow.bmp", "Rect": "680,688,40,24", "Center": "22,12" },
	"character_slot5_0xce":  { "File": "character_shadow.bmp", "Rect": "740,688,32,24", "Center": "17,12" },
	"character_slot5_0xcf":  { "File": "character_shadow.bmp", "Rect": "792,688,40,24", "Center": "17,12" },
	"character_slot5_0xd0":  { "File": "character_shadow.bmp", "Rect": "848,684,40,32", "Center": "20,8" },
	"character_slot5_0xd1":  { "File": "character_shadow.bmp", "Rect": "8,740,40,32", "Center": "20,9" },
	"character_slot5_0xd2":  { "File": "character_shadow.bmp", "Rect": "71,740,24,32", "Center": "13,16" },
	"character_slot5_0xd3":  { "File": "character_shadow.bmp", "Rect": "124,732,32,48", "Center": "13,24" },
	"character_slot5_0xd4":  { "File": "character_shadow.bmp", "Rect": "180,732,36,49", "Center": "20,24" },
	"character_slot5_0xd5":  { "File": "character_shadow.bmp", "Rect": "231,732,36,49", "Center": "20,24" },
	"character_slot5_0xd6":  { "File": "character_shadow.bmp", "Rect": "287,732,36,49", "Center": "20,24" },
	"character_slot5_0xd7":  { "File": "character_shadow.bmp", "Rect": "344,740,40,32", "Center": "24,12" },
	"character_slot5_0xd8":  { "File": "character_shadow.bmp", "Rect": "400,740,40,32", "Center": "24,13" },
	"character_slot5_0xda":  { "File": "character_shadow.bmp", "Rect": "516,736,32,40", "Center": "16,20" },
	"character_slot5_0xe0":  { "File": "character_shadow.bmp", "Rect": "856,740,24,32", "Center": "12,16" },
	"character_slot5_0xe1":  { "File": "character_shadow.bmp", "Rect": "16,792,24,40", "Center": "12,20" },
	"character_slot5_0xe2":  { "File": "character_shadow.bmp", "Rect": "68,792,32,40", "Center": "16,20" },
	"character_slot5_0xe3":  { "File": "character_shadow.bmp", "Rect": "120,788,40,48", "Center": "20,24" },
	"character_slot5_0xe4":  { "File": "character_shadow.bmp", "Rect": "180,788,32,48", "Center": "16,24" },
	"character_slot5_0xe5":  { "File": "character_shadow.bmp", "Rect": "236,788,32,48", "Center": "16,24" },
	"character_slot5_0xe6":  { "File": "character_shadow.bmp", "Rect": "292,788,32,48", "Center": "16,24" },
	"character_slot5_0xe7":  { "File": "character_shadow.bmp", "Rect": "352,788,24,48", "Center": "12,24" },
	"character_slot5_0xe8":  { "File": "character_shadow.bmp", "Rect": "404,788,33,48", "Center": "16,24" },
	"character_slot5_0xe9":  { "File": "character_shadow.bmp", "Rect": "460,788,32,48", "Center": "16,24" },
	"character_slot5_0xea":  { "File": "character_shadow.bmp", "Rect": "520,788,24,48", "Center": "12,24" },
	"character_slot5_0xeb":  { "File": "character_shadow.bmp", "Rect": "568,788,40,48", "Center": "20,24" },
	"character_slot5_0xec":  { "File": "character_shadow.bmp", "Rect": "620,792,48,40", "Center": "24,20" },
	"character_slot5_0xed":  { "File": "character_shadow.bmp", "Rect": "684,788,33,48", "Center": "16,24" },
	"character_slot5_0xee":  { "File": "character_shadow.bmp", "Rect": "732,792,48,40", "Center": "24,20" },
	"character_slot5_0xef":  { "File": "character_shadow.bmp", "Rect": "796,792,32,40", "Center": "16,20" },
	"character_slot5_0xf0":  { "File": "character_shadow.bmp", "Rect": "845,792,37,40", "Center": "23,20" },
	"character_slot5_0xf1":  { "File": "character_shadow.bmp", "Rect": "13,848,27,40", "Center": "15,20" },
	"character_slot5_0xf2":  { "File": "character_shadow.bmp", "Rect": "71,848,24,39", "Center": "13,20" },
	"character_slot5_0xf3":  { "File": "character_shadow.bmp", "Rect": "124,848,29,40", "Center": "16,20" },
	"character_slot5_0xf4":  { "File": "character_shadow.bmp", "Rect": "180,848,37,40", "Center": "16,20" },
	"character_slot5_0xf5":  { "File": "character_shadow.bmp", "Rect": "236,848,32,40", "Center": "16,20" },
	"character_slot5_0xf6":  { "File": "character_shadow.bmp", "Rect": "292,848,32,40", "Center": "16,20" },
	"character_slot5_0xf7":  { "File": "character_shadow.bmp", "Rect": "350,848,26,40", "Center": "14,20" },
	"character_slot5_0xf8":  { "File": "character_shadow.bmp", "Rect": "408,847,24,40", "Center": "12,21" },
	"character_slot5_0xf9":  { "File": "character_shadow.bmp", "Rect": "463,848,26,40", "Center": "13,20" },
	"character_slot5_0xfa":  { "File": "character_shadow.bmp", "Rect": "515,848,32,40", "Center": "17,20" },
	"shadow_boost_start_0":  { "File": "effects.png", "Rect": "16,46,29,34", "Center": "14,17" },
	"shadow_boost_start_1":  { "File": "effects.png", "Rect": "72,33,38,60", "Center": "22,30" },
	"shadow_boost_start_2":  { "File": "effects.png", "Rect": "127,8,50,110", "Center": "32,51" },
	"shadow_boost_start_3":  { "File": "effects.png", "Rect": "184,0,59,126", "Center": "38,63" },
	"shadow_boost_start_4":  { "File": "effects.png", "Rect": "244,0,61,126", "Center": "38,63" },
	"shadow_boost_start_5":  { "File": "effects.png", "Rect": "305,0,61,126", "Center": "38,63" },
	"shadow_airdash_1":  { "File": "effects.png", "Rect": "2,127,12,12", "Center": "6,6" },
	"shadow_airdash_2":  { "File": "effects.png", "Rect": "16,127,26,26", "Center": "13,13" },
	"shadow_airdash_3":  { "File": "effects.png", "Rect": "44,127,38,38", "Center": "19,19" },
	"shadow_airdash_4":  { "File": "effects.png", "Rect": "84,127,44,44", "Center": "22,22" },
	"shadow_airdash_5":  { "File": "effects.png", "Rect": "130,130,48,48", "Center": "24,24" },
	"shadow_airdash_6":  { "File": "effects.png", "Rect": "180,128,52,52", "Center": "26,26" },
	"shadow_airdash_7":  { "File": "effects.png", "Rect": "234,127,54,54", "Center": "27,27" },
	"shadow_drop_0":  { "File": "effects.png", "Rect": "138,204,43,20", "Center": "22,-3" },
	"shadow_drop_1":  { "File": "effects.png", "Rect": "90,177,46,48", "Center": "23,25" },
	"shadow_drop_2":  { "File": "effects.png", "Rect": "51,169,38,56", "Center": "19,33" },
	"shadow_drop_3":  { "File": "effects.png", "Rect": "2,161,48,64", "Center": "24,41" },
	"shadow_boost_0":  { "File": "effects.png", "Rect": "300,130,20,43", "Center": "-3,22" },
	"shadow_boost_1":  { "File": "effects.png", "Rect": "326,127,48,46", "Center": "25,23" },
	"shadow_boost_2":  { "File": "effects.png", "Rect": "255,183,56,38", "Center": "33,19" },
	"shadow_boost_3":  { "File": "effects.png", "Rect": "314,177,64,48", "Center": "41,24" },
	"shadow_target_1":  { "File": "target.png", "Rect": "0,0,602,591", "Center": "302,291" },
	"shadow_target_2":  { "File": "target.png", "Rect": "619,0,462,458", "Center": "231,227" },
	"shadow_target_3":  { "File": "target.png", "Rect": "1095,5,336,330", "Center": "168,164" },
	"shadow_target_4":  { "File": "target.png", "Rect": "1202,363,229,226", "Center": "114,113" },
	"shadow_target_5":  { "File": "target.png", "Rect": "1007,473,137,137", "Center": "69,69" },
	"shadow_target_6":  { "File": "target.png", "Rect": "905,519,55,55", "Center": "28,28" },
	"shadow_target_7":  { "File": "target.png", "Rect": "831,518,47,53", "Center": "24,29" },
	"shadow_target_8":  { "File": "target.png", "Rect": "744,514,47,53", "Center": "24,29" }
}
	//"shadow_frozen_0":  { "File": "character_shadow.bmp", "Rect": "611,847,30,38", "Center": "17,20" },
	//"shadow_frozen_1":  { "File": "character_shadow.bmp", "Rect": "649,847,30,38", "Center": "17,20" }
}