{
	"character_slot5_old_0x01":  { "File": "character_shadow_old.bmp", "Rect": "8,8,42,40", "Center": "20,20" },
	"character_slot5_old_0x02":  { "File": "character_shadow_old.bmp", "Rect": "64,8,40,40", "Center": "20,19" },
	"character_slot5_old_0x03":  { "File": "character_shadow_old.bmp", "Rect": "124,8,32,40", "Center": "20,18" },
	"character_slot5_old_0x04":  { "File": "character_shadow_old.bmp", "Rect": "180,8,32,40", "Center": "18,20" },
	"character_slot5_old_0x05":  { "File": "character_shadow_old.bmp", "Rect": "233,8,39,40", "Center": "17,20" },
	"character_slot5_old_0x06":  { "File": "character_shadow_old.bmp", "Rect": "287,8,40,40", "Center": "20,19" },
	"character_slot5_old_0x07":  { "File": "character_shadow_old.bmp", "Rect": "348,8,32,40", "Center": "20,18" },
	"character_slot5_old_0x08":  { "File": "character_shadow_old.bmp", "Rect": "404,8,32,40", "Center": "20,20" },
	"character_superslot5_0x21":  { "File": "character_shadow_old.bmp", "Rect": "541,11,37,29", "Center": "24,11" },
	"character_superslot5_0x22":  { "File": "character_shadow_old.bmp", "Rect": "587,11,37,28", "Center": "24,11" },
	"character_superslot5_0x23":  { "File": "character_shadow_old.bmp", "Rect": "541,11,37,29", "Center": "24,11" },
	"character_superslot5_0x24":  { "File": "character_shadow_old.bmp", "Rect": "587,11,37,28", "Center": "24,11" },
	"shadow_run_old_1":  { "File": "character_shadow_old.bmp", "Rect": "6,120,47,40", "Center": "25,20" },
	"shadow_run_old_2":  { "File": "character_shadow_old.bmp", "Rect": "68,120,34,40", "Center": "18,20" },
	"shadow_run_old_3":  { "File": "character_shadow_old.bmp", "Rect": "116,120,44,40", "Center": "26,20" },
	"shadow_run_old_4":  { "File": "character_shadow_old.bmp", "Rect": "170,120,45,41", "Center": "26,19" },
	"shadow_run_old_5":  { "File": "character_shadow_old.bmp", "Rect": "232,120,39,40", "Center": "20,19" },
	"shadow_run_old_6":  { "File": "character_shadow_old.bmp", "Rect": "283,120,45,41", "Center": "26,19" },
	"shadow_run_old_7":  { "File": "character_shadow_old.bmp", "Rect": "343,120,43,40", "Center": "22,20" },
	"shadow_run_old_8":  { "File": "character_shadow_old.bmp", "Rect": "403,120,32,40", "Center": "17,20" },
	"shadow_run_old_9":  { "File": "character_shadow_old.bmp", "Rect": "454,121,43,38", "Center": "25,19" },
	"shadow_run_old_10":  { "File": "character_shadow_old.bmp", "Rect": "509,122,41,39", "Center": "26,19" },
	"shadow_run_old_11":  { "File": "character_shadow_old.bmp", "Rect": "569,122,35,38", "Center": "21,19" },
	"shadow_run_old_12":  { "File": "character_shadow_old.bmp", "Rect": "623,121,41,39", "Center": "26,19" },
	"character_slot5_old_0x31":  { "File": "character_shadow_old.bmp", "Rect": "12,176,32,40", "Center": "14,20" },
	"character_slot5_old_0x32":  { "File": "character_shadow_old.bmp", "Rect": "67,176,32,40", "Center": "14,22" },
	"character_slot5_old_0x33":  { "File": "character_shadow_old.bmp", "Rect": "124,180,32,32", "Center": "15,16" },
	"character_slot5_old_0x34":  { "File": "character_shadow_old.bmp", "Rect": "180,180,32,32", "Center": "15,17" },
	"character_slot5_old_0x35":  { "File": "character_shadow_old.bmp", "Rect": "236,180,32,32", "Center": "12,17" },
	"character_slot5_old_0x36":  { "File": "character_shadow_old.bmp", "Rect": "292,175,32,43", "Center": "15,21" },
	"character_slot5_old_0x37":  { "File": "character_shadow_old.bmp", "Rect": "348,176,33,40", "Center": "16,20" },
	"character_slot5_old_0x38":  { "File": "character_shadow_old.bmp", "Rect": "407,175,25,41", "Center": "13,19" },
	"character_slot5_old_0x39":  { "File": "character_shadow_old.bmp", "Rect": "460,179,32,33", "Center": "16,19" },
	"character_slot5_old_0x3a":  { "File": "character_shadow_old.bmp", "Rect": "516,180,33,32", "Center": "19,16" },
	"character_slot5_old_0x3b":  { "File": "character_shadow_old.bmp", "Rect": "576,176,24,40", "Center": "12,20" },
	"character_slot5_old_0x3c":  { "File": "character_shadow_old.bmp", "Rect": "631,176,25,40", "Center": "13,20" },
	"character_slot5_old_0x3d":  { "File": "character_shadow_old.bmp", "Rect": "688,172,24,48", "Center": "14,26" },
	"character_slot5_old_0x3e":  { "File": "character_shadow_old.bmp", "Rect": "744,180,24,32", "Center": "13,16" },
	"character_slot5_old_0x3f":  { "File": "character_shadow_old.bmp", "Rect": "796,180,32,32", "Center": "17,15" },
	"character_slot5_old_0x40":  { "File": "character_shadow_old.bmp", "Rect": "852,180,32,32", "Center": "16,14" },
	"character_slot5_old_0x41":  { "File": "character_shadow_old.bmp", "Rect": "12,232,32,40", "Center": "16,17" },
	"character_slot5_old_0x42":  { "File": "character_shadow_old.bmp", "Rect": "68,232,32,40", "Center": "16,20" },
	"character_slot5_old_0x43":  { "File": "character_shadow_old.bmp", "Rect": "128,232,24,40", "Center": "11,20" },
	"character_slot5_old_0x44":  { "File": "character_shadow_old.bmp", "Rect": "184,236,24,32", "Center": "12,16" },
	"character_slot5_old_0x45":  { "File": "character_shadow_old.bmp", "Rect": "236,240,32,24", "Center": "14,10" },
	"character_slot5_old_0x46":  { "File": "character_shadow_old.bmp", "Rect": "296,236,24,32", "Center": "13,13" },
	"character_slot5_old_0x47":  { "File": "character_shadow_old.bmp", "Rect": "352,232,24,40", "Center": "13,21" },
	"character_slot5_old_0x48":  { "File": "character_shadow_old.bmp", "Rect": "404,232,32,40", "Center": "16,20" },
	"character_slot5_old_0x49":  { "File": "character_shadow_old.bmp", "Rect": "456,232,40,40", "Center": "20,24" },
	"character_slot5_old_0x4a":  { "File": "character_shadow_old.bmp", "Rect": "516,228,32,48", "Center": "14,22" },
	"character_slot5_old_0x4b":  { "File": "character_shadow_old.bmp", "Rect": "572,236,32,32", "Center": "16,21" },
	"character_slot5_old_0x4c":  { "File": "character_shadow_old.bmp", "Rect": "628,236,32,32", "Center": "13,15" },
	"character_slot5_old_0x4d":  { "File": "character_shadow_old.bmp", "Rect": "684,236,32,32", "Center": "13,18" },
	"character_slot5_old_0x4e":  { "File": "character_shadow_old.bmp", "Rect": "740,236,32,32", "Center": "18,14" },
	"character_slot5_old_0x4f":  { "File": "character_shadow_old.bmp", "Rect": "792,232,40,40", "Center": "22,22" },
	"character_slot5_old_0x50":  { "File": "character_shadow_old.bmp", "Rect": "848,232,40,40", "Center": "21,20" },
	"character_slot5_old_0x51":  { "File": "character_shadow_old.bmp", "Rect": "12,292,32,32", "Center": "17,19" },
	"character_slot5_old_0x52":  { "File": "character_shadow_old.bmp", "Rect": "68,292,32,32", "Center": "14,17" },
	"character_slot5_old_0x53":  { "File": "character_shadow_old.bmp", "Rect": "120,292,40,32", "Center": "24,19" },
	"character_slot5_old_0x54":  { "File": "character_shadow_old.bmp", "Rect": "176,292,40,32", "Center": "17,16" },
	"character_slot5_old_0x55":  { "File": "character_shadow_old.bmp", "Rect": "236,288,32,40", "Center": "16,20" },
	"character_slot5_old_0x56":  { "File": "character_shadow_old.bmp", "Rect": "292,288,32,40", "Center": "17,20" },
	"character_slot5_old_0x57":  { "File": "character_shadow_old.bmp", "Rect": "348,288,32,40", "Center": "16,20" },
	"character_slot5_old_0x58":  { "File": "character_shadow_old.bmp", "Rect": "408,288,24,40", "Center": "13,20" },
	"character_slot5_old_0x59":  { "File": "character_shadow_old.bmp", "Rect": "460,288,33,40", "Center": "17,20" },
	"character_slot5_old_0x5a":  { "File": "character_shadow_old.bmp", "Rect": "516,288,32,40", "Center": "18,20" },
	"character_slot5_old_0x5b":  { "File": "character_shadow_old.bmp", "Rect": "576,288,24,40", "Center": "13,20" },
	"character_slot5_old_0x5c":  { "File": "character_shadow_old.bmp", "Rect": "620,296,50,24", "Center": "20,11" },
	"character_slot5_old_0x5d":  { "File": "character_shadow_old.bmp", "Rect": "684,296,32,24", "Center": "4,12" },
	"character_slot5_old_0x5e":  { "File": "character_shadow_old.bmp", "Rect": "736,296,40,24", "Center": "30,12" },
	"character_slot5_old_0x5f":  { "File": "character_shadow_old.bmp", "Rect": "782,295,54,24", "Center": "33,12" },
	"character_slot5_old_0x60":  { "File": "character_shadow_old.bmp", "Rect": "846,296,38,24", "Center": "16,12" },
	"character_slot5_old_0x61":  { "File": "character_shadow_old.bmp", "Rect": "12,352,40,24", "Center": "34,12" },
	"character_slot5_old_0x62":  { "File": "character_shadow_old.bmp", "Rect": "64,348,41,32", "Center": "20,16" },
	"character_slot5_old_0x63":  { "File": "character_shadow_old.bmp", "Rect": "128,340,22,50", "Center": "11,24" },
	"character_slot5_old_0x64":  { "File": "character_shadow_old.bmp", "Rect": "184,348,24,32", "Center": "13,15" },
	"character_slot5_old_0x65":  { "File": "character_shadow_old.bmp", "Rect": "240,344,23,40", "Center": "12,21" },
	"character_slot5_old_0x66":  { "File": "character_shadow_old.bmp", "Rect": "294,334,23,54", "Center": "14,30" },
	"character_slot5_old_0x67":  { "File": "character_shadow_old.bmp", "Rect": "353,342,24,38", "Center": "13,22" },
	"character_slot5_old_0x68":  { "File": "character_shadow_old.bmp", "Rect": "408,348,24,40", "Center": "14,20" },
	"character_slot5_old_0x69":  { "File": "character_shadow_old.bmp", "Rect": "460,344,32,40", "Center": "16,20" },
	"character_slot5_old_0x6a":  { "File": "character_shadow_old.bmp", "Rect": "516,344,32,40", "Center": "16,20" },
	"character_slot5_old_0x6b":  { "File": "character_shadow_old.bmp", "Rect": "572,348,32,32", "Center": "21,20" },
	"character_slot5_old_0x6c":  { "File": "character_shadow_old.bmp", "Rect": "628,348,32,32", "Center": "16,16" },
	"character_slot5_old_0x6d":  { "File": "character_shadow_old.bmp", "Rect": "677,348,43,32", "Center": "23,16" },
	"character_slot5_old_0x6e":  { "File": "character_shadow_old.bmp", "Rect": "736,348,40,32", "Center": "20,16" },
	"character_slot5_old_0x6f":  { "File": "character_shadow_old.bmp", "Rect": "793,348,36,32", "Center": "19,16" },
	"character_slot5_old_0x70":  { "File": "character_shadow_old.bmp", "Rect": "850,348,33,32", "Center": "18,16" },
	"character_slot5_old_0x71":  { "File": "character_shadow_old.bmp", "Rect": "12,404,32,32", "Center": "16,16" },
	"character_slot5_old_0x72":  { "File": "character_shadow_old.bmp", "Rect": "64,404,40,32", "Center": "20,16" },
	"character_slot5_old_0x73":  { "File": "character_shadow_old.bmp", "Rect": "120,404,40,32", "Center": "20,16" },
	"character_slot5_old_0x74":  { "File": "character_shadow_old.bmp", "Rect": "177,404,39,32", "Center": "19,16" },
	"character_slot5_old_0x75":  { "File": "character_shadow_old.bmp", "Rect": "231,404,35,32", "Center": "21,16" },
	"character_slot5_old_0x76":  { "File": "character_shadow_old.bmp", "Rect": "290,404,32,32", "Center": "18,16" },
	"character_slot5_old_0x77":  { "File": "character_shadow_old.bmp", "Rect": "348,406,32,29", "Center": "16,14" },
	"character_slot5_old_0x78":  { "File": "character_shadow_old.bmp", "Rect": "400,396,40,48", "Center": "18,25" },
	"character_slot5_old_0x80":  { "File": "character_shadow_old.bmp", "Rect": "848,396,40,48", "Center": "17,24" },
	"character_slot5_old_0x81":  { "File": "character_shadow_old.bmp", "Rect": "12,452,32,48", "Center": "18,24" },
	"character_slot5_old_0x82":  { "File": "character_shadow_old.bmp", "Rect": "68,452,32,48", "Center": "20,24" },
	"character_slot5_old_0x83":  { "File": "character_shadow_old.bmp", "Rect": "120,452,40,48", "Center": "22,24" },
	"character_slot5_old_0x84":  { "File": "character_shadow_old.bmp", "Rect": "180,452,32,48", "Center": "19,24" },
	"character_slot5_old_0x85":  { "File": "character_shadow_old.bmp", "Rect": "236,452,32,48", "Center": "17,24" },
	"character_slot5_old_0x86":  { "File": "character_shadow_old.bmp", "Rect": "292,460,32,32", "Center": "12,8" },
	"character_slot5_old_0x87":  { "File": "character_shadow_old.bmp", "Rect": "348,460,32,32", "Center": "12,8" },
	"character_slot5_old_0x88":  { "File": "character_shadow_old.bmp", "Rect": "404,460,32,32", "Center": "12,8" },
	"character_slot5_old_0x89":  { "File": "character_shadow_old.bmp", "Rect": "460,460,32,32", "Center": "12,8" },
	"character_slot5_old_0x8a":  { "File": "character_shadow_old.bmp", "Rect": "516,460,32,32", "Center": "12,8" },
	"character_slot5_old_0x8b":  { "File": "character_shadow_old.bmp", "Rect": "572,460,32,32", "Center": "12,8" },
	"character_slot5_old_0x8c":  { "File": "character_shadow_old.bmp", "Rect": "624,460,40,32", "Center": "20,16" },
	"character_slot5_old_0x8d":  { "File": "character_shadow_old.bmp", "Rect": "680,460,40,32", "Center": "20,17" },
	"character_slot5_old_0x8e":  { "File": "character_shadow_old.bmp", "Rect": "743,452,25,48", "Center": "15,22" },
	"character_slot5_old_0x8f":  { "File": "character_shadow_old.bmp", "Rect": "792,460,40,32", "Center": "23,15" },
	"character_slot5_old_0x90":  { "File": "character_shadow_old.bmp", "Rect": "852,452,32,48", "Center": "16,24" },
	"character_slot5_old_0x91":  { "File": "character_shadow_old.bmp", "Rect": "8,508,40,48", "Center": "16,26" },
	"character_slot5_old_0x92":  { "File": "character_shadow_old.bmp", "Rect": "64,512,40,40", "Center": "16,24" },
	"character_slot5_old_0x93":  { "File": "character_shadow_old.bmp", "Rect": "124,516,32,32", "Center": "16,24" },
	"character_slot5_old_0x94":  { "File": "character_shadow_old.bmp", "Rect": "180,508,32,51", "Center": "14,24" },
	"character_slot5_old_0x95":  { "File": "character_shadow_old.bmp", "Rect": "238,508,25,48", "Center": "11,24" },
	"character_slot5_old_0x96":  { "File": "character_shadow_old.bmp", "Rect": "292,516,32,32", "Center": "16,16" },
	"character_slot5_old_0x97":  { "File": "character_shadow_old.bmp", "Rect": "348,516,32,32", "Center": "16,16" },
	"character_slot5_old_0x98":  { "File": "character_shadow_old.bmp", "Rect": "404,516,32,32", "Center": "16,16" },
	"character_slot5_old_0x99":  { "File": "character_shadow_old.bmp", "Rect": "460,516,32,32", "Center": "16,16" },
	"character_slot5_old_0x9a":  { "File": "character_shadow_old.bmp", "Rect": "516,516,32,32", "Center": "16,16" },
	"character_slot5_old_0x9b":  { "File": "character_shadow_old.bmp", "Rect": "574,512,33,40", "Center": "10,20" },
	"character_slot5_old_0x9c":  { "File": "character_shadow_old.bmp", "Rect": "628,516,36,32", "Center": "13,12" },
	"character_slot5_old_0x9d":  { "File": "character_shadow_old.bmp", "Rect": "680,512,40,40", "Center": "19,21" },
	"character_slot5_old_0x9e":  { "File": "character_shadow_old.bmp", "Rect": "736,512,40,40", "Center": "18,21" },
	"character_slot5_old_0x9f":  { "File": "character_shadow_old.bmp", "Rect": "796,512,32,40", "Center": "15,22" },
	"character_slot5_old_0xa0":  { "File": "character_shadow_old.bmp", "Rect": "852,512,33,40", "Center": "17,20" },
	"character_slot5_old_0xa1":  { "File": "character_shadow_old.bmp", "Rect": "8,568,40,40", "Center": "21,20" },
	"character_slot5_old_0xa2":  { "File": "character_shadow_old.bmp", "Rect": "64,564,40,48", "Center": "28,27" },
	"character_slot5_old_0xa3":  { "File": "character_shadow_old.bmp", "Rect": "124,564,32,48", "Center": "21,28" },
	"character_slot5_old_0xa4":  { "File": "character_shadow_old.bmp", "Rect": "176,568,40,40", "Center": "30,20" },
	"character_slot5_old_0xa5":  { "File": "character_shadow_old.bmp", "Rect": "232,568,40,40", "Center": "29,20" },
	"character_slot5_old_0xa6":  { "File": "character_shadow_old.bmp", "Rect": "288,568,40,40", "Center": "30,19" },
	"character_slot5_old_0xa7":  { "File": "character_shadow_old.bmp", "Rect": "344,568,40,41", "Center": "16,20" },
	"character_slot5_old_0xa8":  { "File": "character_shadow_old.bmp", "Rect": "400,568,40,41", "Center": "16,20" },
	"character_slot5_old_0xa9":  { "File": "character_shadow_old.bmp", "Rect": "456,568,40,41", "Center": "16,20" },
	"character_slot5_old_0xaa":  { "File": "character_shadow_old.bmp", "Rect": "504,576,56,24", "Center": "26,12" },
	"character_slot5_old_0xab":  { "File": "character_shadow_old.bmp", "Rect": "560,576,56,24", "Center": "26,12" },
	"character_slot5_old_0xac":  { "File": "character_shadow_old.bmp", "Rect": "624,568,40,40", "Center": "20,20" },
	"character_slot5_old_0xb0":  { "File": "character_shadow_old.bmp", "Rect": "852,568,32,40", "Center": "21,20" },
	"character_slot5_old_0xb1":  { "File": "character_shadow_old.bmp", "Rect": "12,624,32,40", "Center": "17,20" },
	"character_slot5_old_0xb2":  { "File": "character_shadow_old.bmp", "Rect": "68,624,32,40", "Center": "17,20" },
	"character_slot5_old_0xb3":  { "File": "character_shadow_old.bmp", "Rect": "124,624,32,40", "Center": "17,20" },
	"character_slot5_old_0xb4":  { "File": "character_shadow_old.bmp", "Rect": "184,616,24,56", "Center": "11,26" },
	"character_slot5_old_0xb5":  { "File": "character_shadow_old.bmp", "Rect": "240,616,24,56", "Center": "11,26" },
	"character_slot5_old_0xb6":  { "File": "character_shadow_old.bmp", "Rect": "292,624,32,40", "Center": "19,20" },
	"character_slot5_old_0xb7":  { "File": "character_shadow_old.bmp", "Rect": "352,624,24,40", "Center": "11,20" },
	"character_slot5_old_0xb8":  { "File": "character_shadow_old.bmp", "Rect": "404,624,32,40", "Center": "19,20" },
	"character_slot5_old_0xb9":  { "File": "character_shadow_old.bmp", "Rect": "464,624,24,40", "Center": "11,20" },
	"character_slot5_old_0xba":  { "File": "character_shadow_old.bmp", "Rect": "516,624,32,40", "Center": "16,20" },
	"character_slot5_old_0xbb":  { "File": "character_shadow_old.bmp", "Rect": "572,624,32,40", "Center": "18,19" },
	"character_slot5_old_0xbc":  { "File": "character_shadow_old.bmp", "Rect": "628,624,32,40", "Center": "18,20" },
	"character_slot5_old_0xbd":  { "File": "character_shadow_old.bmp", "Rect": "684,624,32,40", "Center": "18,20" },
	"character_slot5_old_0xd9":  { "File": "character_shadow_old.bmp", "Rect": "684,624,32,40", "Center": "18,20" },
	"character_slot5_old_0xaf":  { "File": "character_shadow_old.bmp", "Rect": "684,624,32,40", "Center": "18,20" },
	"character_slot5_old_0xae":  { "File": "character_shadow_old.bmp", "Rect": "684,624,32,40", "Center": "18,20" },
	"character_slot5_old_0xad":  { "File": "character_shadow_old.bmp", "Rect": "684,624,32,40", "Center": "18,20" },
	"character_slot5_old_0xbe":  { "File": "character_shadow_old.bmp", "Rect": "740,624,32,40", "Center": "18,20" },
	"character_slot5_old_0xc3":  { "File": "character_shadow_old.bmp", "Rect": "124,680,32,40", "Center": "19,20" },
	"character_slot5_old_0xc4":  { "File": "character_shadow_old.bmp", "Rect": "176,680,40,40", "Center": "27,18" },
	"character_slot5_old_0xc8":  { "File": "character_shadow_old.bmp", "Rect": "396,688,48,24", "Center": "29,12" },
	"character_slot5_old_0xc9":  { "File": "character_shadow_old.bmp", "Rect": "456,688,40,24", "Center": "20,12" },
	"character_slot5_old_0xca":  { "File": "character_shadow_old.bmp", "Rect": "516,688,32,24", "Center": "17,12" },
	"character_slot5_old_0xcb":  { "File": "character_shadow_old.bmp", "Rect": "568,688,40,24", "Center": "21,12" },
	"character_slot5_old_0xcc":  { "File": "character_shadow_old.bmp", "Rect": "620,688,48,24", "Center": "18,12" },
	"character_slot5_old_0xcd":  { "File": "character_shadow_old.bmp", "Rect": "680,688,40,24", "Center": "22,12" },
	"character_slot5_old_0xce":  { "File": "character_shadow_old.bmp", "Rect": "740,688,32,24", "Center": "17,12" },
	"character_slot5_old_0xcf":  { "File": "character_shadow_old.bmp", "Rect": "792,688,40,24", "Center": "17,12" },
	"character_slot5_old_0xd0":  { "File": "character_shadow_old.bmp", "Rect": "848,684,40,32", "Center": "20,8" },
	"character_slot5_old_0xd1":  { "File": "character_shadow_old.bmp", "Rect": "8,740,40,32", "Center": "20,9" },
	"character_slot5_old_0xd2":  { "File": "character_shadow_old.bmp", "Rect": "71,740,24,32", "Center": "13,16" },
	"character_slot5_old_0xd3":  { "File": "character_shadow_old.bmp", "Rect": "124,732,32,48", "Center": "13,24" },
	"character_slot5_old_0xd4":  { "File": "character_shadow_old.bmp", "Rect": "180,732,36,49", "Center": "20,24" },
	"character_slot5_old_0xd5":  { "File": "character_shadow_old.bmp", "Rect": "231,732,36,49", "Center": "20,24" },
	"character_slot5_old_0xd6":  { "File": "character_shadow_old.bmp", "Rect": "287,732,36,49", "Center": "20,24" },
	"character_slot5_old_0xd7":  { "File": "character_shadow_old.bmp", "Rect": "344,740,40,32", "Center": "24,12" },
	"character_slot5_old_0xd8":  { "File": "character_shadow_old.bmp", "Rect": "400,740,40,32", "Center": "24,13" },
	"character_slot5_old_0xda":  { "File": "character_shadow_old.bmp", "Rect": "516,736,32,40", "Center": "16,20" },
	"character_slot5_old_0xe0":  { "File": "character_shadow_old.bmp", "Rect": "856,740,24,32", "Center": "12,16" },
	"character_slot5_old_0xe1":  { "File": "character_shadow_old.bmp", "Rect": "16,792,24,40", "Center": "12,20" },
	"character_slot5_old_0xe2":  { "File": "character_shadow_old.bmp", "Rect": "68,792,32,40", "Center": "16,20" },
	"character_slot5_old_0xe3":  { "File": "character_shadow_old.bmp", "Rect": "120,788,40,48", "Center": "20,24" },
	"character_slot5_old_0xe4":  { "File": "character_shadow_old.bmp", "Rect": "180,788,32,48", "Center": "16,24" },
	"character_slot5_old_0xe5":  { "File": "character_shadow_old.bmp", "Rect": "236,788,32,48", "Center": "16,24" },
	"character_slot5_old_0xe6":  { "File": "character_shadow_old.bmp", "Rect": "292,788,32,48", "Center": "16,24" },
	"character_slot5_old_0xe7":  { "File": "character_shadow_old.bmp", "Rect": "352,788,24,48", "Center": "12,24" },
	"character_slot5_old_0xe8":  { "File": "character_shadow_old.bmp", "Rect": "404,788,33,48", "Center": "16,24" },
	"character_slot5_old_0xe9":  { "File": "character_shadow_old.bmp", "Rect": "460,788,32,48", "Center": "16,24" },
	"character_slot5_old_0xea":  { "File": "character_shadow_old.bmp", "Rect": "520,788,24,48", "Center": "12,24" },
	"character_slot5_old_0xeb":  { "File": "character_shadow_old.bmp", "Rect": "568,788,40,48", "Center": "20,24" },
	"character_slot5_old_0xec":  { "File": "character_shadow_old.bmp", "Rect": "620,792,48,40", "Center": "24,20" },
	"character_slot5_old_0xed":  { "File": "character_shadow_old.bmp", "Rect": "684,788,33,48", "Center": "16,24" },
	"character_slot5_old_0xee":  { "File": "character_shadow_old.bmp", "Rect": "732,792,48,40", "Center": "24,20" },
	"character_slot5_old_0xef":  { "File": "character_shadow_old.bmp", "Rect": "796,792,32,40", "Center": "16,20" },
	"character_slot5_old_0xf0":  { "File": "character_shadow_old.bmp", "Rect": "845,792,37,40", "Center": "23,20" },
	"character_slot5_old_0xf1":  { "File": "character_shadow_old.bmp", "Rect": "13,848,27,40", "Center": "15,20" },
	"character_slot5_old_0xf2":  { "File": "character_shadow_old.bmp", "Rect": "71,848,24,39", "Center": "13,20" },
	"character_slot5_old_0xf3":  { "File": "character_shadow_old.bmp", "Rect": "124,848,29,40", "Center": "16,20" },
	"character_slot5_old_0xf4":  { "File": "character_shadow_old.bmp", "Rect": "180,848,37,40", "Center": "16,20" },
	"character_slot5_old_0xf5":  { "File": "character_shadow_old.bmp", "Rect": "236,848,32,40", "Center": "16,20" },
	"character_slot5_old_0xf6":  { "File": "character_shadow_old.bmp", "Rect": "292,848,32,40", "Center": "16,20" },
	"character_slot5_old_0xf7":  { "File": "character_shadow_old.bmp", "Rect": "350,848,26,40", "Center": "14,20" },
	"character_slot5_old_0xf8":  { "File": "character_shadow_old.bmp", "Rect": "408,847,24,40", "Center": "12,21" },
	"character_slot5_old_0xf9":  { "File": "character_shadow_old.bmp", "Rect": "463,848,26,40", "Center": "13,20" },
	"character_slot5_old_0xfa":  { "File": "character_shadow_old.bmp", "Rect": "515,848,32,40", "Center": "17,20" },
}