{
	//for extra save slots
	//"ESS_Char_Es5":  { "File": "interface.png", "Rect": "38,16,28,39", "Center": "13,39" },
	"ESS_Life_Es5":  { "File": "interface.png", "Rect": "18,16,16,16", "Center": "8,16" },
	"ESS_Cont_Es5":  { "File": "interface.png", "Rect": "0,32,17,24", "Center": "9,23" },
	"ESS_Zone_Es5_0":  { "File": "interface.png", "Rect": "0,104,80,56", "Center": "40,28"},
	"ESS_Zone_Es5_1":  { "File": "interface.png", "Rect": "80,104,80,56", "Center": "40,28" },
	"ESS_Zone_Es5_2":  { "File": "ZoneIcons_Finished.png", "Rect": "160,56,80,56", "Center": "40,28" },
}