{
	//hud lives icon
	"hud_lives_icon_slot5":  { "File": "shadow_hudicon_normal.bmp", "Rect": "0,0,16,16", "Center": "0,0" },
	//bonus icon
	"5hud_bonus_icon_blue":  { "File": "interface.bmp", "Rect": "2,57,12,19", "Center": "0,0" },
	//contine icon
	"continue_icon_slot5":  { "File": "interface.png", "Rect": "0,32,17,24", "Center": "9,23" },
	"continue_icon_slot5_nobmp":  { "File": "interface.png", "Rect": "0,32,17,24", "Center": "9,23" },
	//hud
	"shadow_text":  { "File": "interface.bmp", "Rect": "2,77,95,16", "Center": "45,8" },
	"hud_name_shadow":  { "File": "hudtext_normal.png", "Rect": "0,0,38,15", "Center": "-17,-1" },
	"hud_name_shadow_mm":  { "File": "interface.bmp", "Rect": "0,0,1,1", "Center": "0,0" },
	"hud_name_shadow_m":  { "File": "shadow_hud_text.png", "Rect": "0,0,31,17", "Center": "1,1" },
	//megamix underlines
	"hud_underline_results_0_Shadow":  { "File": "act_clear_underline_shadow.png", "Rect": "0,0,28,8", "Center": "28,0" },
	"hud_underline_results_1_Shadow":  { "File": "act_clear_underline_shadow.png", "Rect": "29,0,1,8", "Center": "0,0" },
	"hud_underline_results_2_Shadow":  { "File": "act_clear_underline_shadow.png", "Rect": "31,0,28,8", "Center": "-1,0" },
	//titlecards
	"titlecards_DA":  { "File": "titlecardsshadow.png", "Rect": "0,48,64,176", "Center": "0,0" },
	"titlecards_DA_S3":  { "File": "titlecardsshadow.png", "Rect": "64,48,64,176", "Center": "0,0" },
	"titlecards_DA_S&K":  { "File": "titlecardsshadow.png", "Rect": "128,48,64,176", "Center": "0,0" },
	"titlecards_DA_S3&K":  { "File": "titlecardsshadow.png", "Rect": "192,48,64,176", "Center": "0,0" },
	"titlecards_DA_S3_air":  { "File": "titlecardsshadow.png", "Rect": "256,48,64,176", "Center": "0,0" },
	"titlecards_SH_in_air_DA":  { "File": "titlecardsshadow.png", "Rect": "320,48,64,176", "Center": "0,0" },
	"titlecards_SH_in_S3&K_DA":  { "File": "titlecardsshadow.png", "Rect": "384,48,64,176", "Center": "0,0" },
	"titlecards_SH_in_S3_DA":  { "File": "titlecardsshadow.png", "Rect": "448,48,64,176", "Center": "0,0" },
	"titlecards_SH_in_S&K_DA":  { "File": "titlecardsshadow.png", "Rect": "512,48,64,176", "Center": "0,0" },
	"titlecards_SH_in_DA":  { "File": "titlecardsshadow.png", "Rect": "576,48,64,176", "Center": "0,0" },
	"titleCards_SH_in_S3_air":  { "File": "titlecardsshadow.png", "Rect": "640,46,66,178", "Center": "0,0" },
	"titleCards_SH_in_S3&K":  { "File": "titlecardsshadow.png", "Rect": "706,46,66,178", "Center": "0,0" },
	"titleCards_SH_in_S3":  { "File": "titlecardsshadow.png", "Rect": "772,46,66,178", "Center": "0,0" },
	"titleCards_SH_in_S&K":  { "File": "titlecardsshadow.png", "Rect": "838,46,66,178", "Center": "0,0" },
	"titleCards_SH_in_DAGE_def":  { "File": "titlecardsshadow.png", "Rect": "904,46,66,178", "Center": "0,0" },
	//mania style hud
	"hud_text_score_m":  { "File": "hud_text_sprites.png", "Rect": "0,0,41,14", "Center": "1,0" },
	"hud_text_time_m":  { "File": "hud_text_sprites.png", "Rect": "0,14,33,14", "Center": "1,0" },
	"hud_text_time_red_m":  { "File": "hud_text_sprites.png", "Rect": "0,126,33,14", "Center": "1,0" },
	"hud_text_rings_m":  { "File": "hud_text_sprites.png", "Rect": "0,28,41,14", "Center": "1,0" },
	"hud_text_rings_red_m":  { "File": "hud_text_sprites.png", "Rect": "0,112,41,14", "Center": "1,0" },
	"hud_text_ring_m":  { "File": "hud_text_sprites.png", "Rect": "0,70,33,14", "Center": "1,0" },
	"hud_text_bonus_m":  { "File": "hud_text_sprites.png", "Rect": "0,42,166,14", "Center": "1,0" },
	"hud_text_total_m":  { "File": "hud_text_sprites.png", "Rect": "0,56,186,14", "Center": "1,0" },
	"hud_text_score_chaosstage_m":  { "File": "hud_text_sprites.png", "Rect": "0,0,41,14", "Center": "1,0" },
	"hud_text_ring_chaosstage_m":  { "File": "hud_text_sprites.png", "Rect": "0,70,33,14", "Center": "1,0" },
	"hud_text_bonus_chaosstage_m":  { "File": "hud_text_sprites.png", "Rect": "0,42,43,14", "Center": "1,0" },
	"hud_text_perfect_chaosstage_m":  { "File": "hud_text_sprites.png", "Rect": "0,84,57,14", "Center": "1,0" },
	"hud_text_continue_chaosstage_m":  { "File": "hud_text_sprites.png", "Rect": "0,98,65,14", "Center": "1,0" },
	"hud_text_score_superstage_m":  { "File": "hud_text_sprites.png", "Rect": "0,0,41,14", "Center": "1,0" },
	"hud_text_ring_superstage_m":  { "File": "hud_text_sprites.png", "Rect": "0,70,33,14", "Center": "1,0" },
	"hud_text_bonus_superstage_m":  { "File": "hud_text_sprites.png", "Rect": "0,42,43,14", "Center": "1,0" },
	"hud_text_perfect_superstage_m":  { "File": "hud_text_sprites.png", "Rect": "0,84,57,14", "Center": "1,0" },
	"hud_text_continue_superstage_m":  { "File": "hud_text_sprites.png", "Rect": "0,98,65,14", "Center": "1,0" },
	"hud_bonus_icon_slot5_m":  { "File": "hud_text_sprites.png", "Rect": "0,0,1,1", "Center": "0,0" },
	"hud_digit_0_m":  { "File": "hud_text_sprites.png", "Rect": "0,140,9,14", "Center": "-2,0" },
	"hud_digit_1_m":  { "File": "hud_text_sprites.png", "Rect": "10,140,6,14", "Center": "-3,0" },
	"hud_digit_2_m":  { "File": "hud_text_sprites.png", "Rect": "17,140,9,14", "Center": "-2,0" },
	"hud_digit_3_m":  { "File": "hud_text_sprites.png", "Rect": "27,140,9,14", "Center": "-2,0" },
	"hud_digit_4_m":  { "File": "hud_text_sprites.png", "Rect": "37,140,9,14", "Center": "-2,0" },
	"hud_digit_5_m":  { "File": "hud_text_sprites.png", "Rect": "47,140,9,14", "Center": "-2,0" },
	"hud_digit_6_m":  { "File": "hud_text_sprites.png", "Rect": "0,154,9,14", "Center": "-2,0" },
	"hud_digit_7_m":  { "File": "hud_text_sprites.png", "Rect": "10,154,9,14", "Center": "-2,0" },
	"hud_digit_8_m":  { "File": "hud_text_sprites.png", "Rect": "20,154,9,14", "Center": "-2,0" },
	"hud_digit_9_m":  { "File": "hud_text_sprites.png", "Rect": "30,154,9,14", "Center": "-2,0" },
	"hud_digit_0_chaosstage_m":  { "File": "hud_text_sprites.png", "Rect": "0,140,9,14", "Center": "-2,0" },
	"hud_digit_1_chaosstage_m":  { "File": "hud_text_sprites.png", "Rect": "10,140,6,14", "Center": "-3,0" },
	"hud_digit_2_chaosstage_m":  { "File": "hud_text_sprites.png", "Rect": "17,140,9,14", "Center": "-2,0" },
	"hud_digit_3_chaosstage_m":  { "File": "hud_text_sprites.png", "Rect": "27,140,9,14", "Center": "-2,0" },
	"hud_digit_4_chaosstage_m":  { "File": "hud_text_sprites.png", "Rect": "37,140,9,14", "Center": "-2,0" },
	"hud_digit_5_chaosstage_m":  { "File": "hud_text_sprites.png", "Rect": "47,140,9,14", "Center": "-2,0" },
	"hud_digit_6_chaosstage_m":  { "File": "hud_text_sprites.png", "Rect": "0,154,9,14", "Center": "-2,0" },
	"hud_digit_7_chaosstage_m":  { "File": "hud_text_sprites.png", "Rect": "10,154,9,14", "Center": "-2,0" },
	"hud_digit_8_chaosstage_m":  { "File": "hud_text_sprites.png", "Rect": "20,154,9,14", "Center": "-2,0" },
	"hud_digit_9_chaosstage_m":  { "File": "hud_text_sprites.png", "Rect": "30,154,9,14", "Center": "-2,0" },
	"hud_char_colon_m":  { "File": "hud_text_sprites.png", "Rect": "40,156,5,10", "Center": "-4,-2" },
	"hud_char_minutes_m":  { "File": "hud_text_sprites.png", "Rect": "46,154,5,7", "Center": "-3,2" },
	"hud_char_seconds_m":  { "File": "hud_text_sprites.png", "Rect": "52,154,9,7", "Center": "-2,2" },
	"hud_smalldigit_0_m":  { "File": "hud_text_sprites.png", "Rect": "0,140,9,14", "Center": "-3,6" },
	"hud_smalldigit_1_m":  { "File": "hud_text_sprites.png", "Rect": "10,140,6,14", "Center": "-4,6" },
	"hud_smalldigit_2_m":  { "File": "hud_text_sprites.png", "Rect": "17,140,9,14", "Center": "-3,6" },
	"hud_smalldigit_3_m":  { "File": "hud_text_sprites.png", "Rect": "27,140,9,14", "Center": "-3,6" },
	"hud_smalldigit_4_m":  { "File": "hud_text_sprites.png", "Rect": "37,140,9,14", "Center": "-3,6" },
	"hud_smalldigit_5_m":  { "File": "hud_text_sprites.png", "Rect": "47,140,9,14", "Center": "-3,6" },
	"hud_smalldigit_6_m":  { "File": "hud_text_sprites.png", "Rect": "0,154,9,14", "Center": "-3,6" },
	"hud_smalldigit_7_m":  { "File": "hud_text_sprites.png", "Rect": "10,154,9,14", "Center": "-3,6" },
	"hud_smalldigit_8_m":  { "File": "hud_text_sprites.png", "Rect": "20,154,9,14", "Center": "-3,6" },
	"hud_smalldigit_9_m":  { "File": "hud_text_sprites.png", "Rect": "30,154,9,14", "Center": "-3,6" },
	
	//megamix hud
	"hud_text_score_mm":  { "File": "megamixhud.png", "Rect": "0,0,54,12", "Center": "0,0" },
	"hud_text_time_mm":  { "File": "megamixhud.png", "Rect": "0,13,43,12", "Center": "0,0" },
	"hud_text_time_red_mm":  { "File": "megamixhud.png", "Rect": "44,13,43,12", "Center": "0,0" },
	"hud_text_rings_mm":  { "File": "megamixhud.png", "Rect": "0,26,51,12", "Center": "0,0" },
	"hud_text_rings_red_mm":  { "File": "megamixhud.png", "Rect": "52,26,51,12", "Center": "0,0" },
	"hud_text_time_bonus_mm":  { "File": "megamixhud.png", "Rect": "0,39,87,12", "Center": "0,0" },
	"hud_text_ring_mm":  { "File": "megamixhud.png", "Rect": "0,52,31,12", "Center": "0,0" },
	"hud_text_bonus_mm":  { "File": "megamixhud.png", "Rect": "31,52,56,12", "Center": "9,0" },
	"hud_text_perfect_mm":  { "File": "megamixhud.png", "Rect": "0,65,87,12", "Center": "0,0" },
	"hud_text_continue_mm":  { "File": "megamixhud.png", "Rect": "0,78,87,12", "Center": "0,0" },
	"hud_text_total_mm":  { "File": "totalgraphicmega.png", "Rect": "0,0,54,11", "Center": "0,0" },
	"hud_digit_0_mm":  { "File": "digitsmegamix.png", "Rect": "0,1,8,9", "Center": "0,0" },
	"hud_digit_1_mm":  { "File": "digitsmegamix.png", "Rect": "13,1,4,9", "Center": "-2,0" },
	"hud_digit_2_mm":  { "File": "digitsmegamix.png", "Rect": "22,1,8,9", "Center": "0,0" },
	"hud_digit_3_mm":  { "File": "digitsmegamix.png", "Rect": "33,1,8,9", "Center": "0,0" },
	"hud_digit_4_mm":  { "File": "digitsmegamix.png", "Rect": "44,1,8,9", "Center": "0,0" },
	"hud_digit_5_mm":  { "File": "digitsmegamix.png", "Rect": "55,1,8,9", "Center": "0,0" },
	"hud_digit_6_mm":  { "File": "digitsmegamix.png", "Rect": "66,1,8,9", "Center": "0,0" },
	"hud_digit_7_mm":  { "File": "digitsmegamix.png", "Rect": "77,1,8,9", "Center": "0,0" },
	"hud_digit_8_mm":  { "File": "digitsmegamix.png", "Rect": "88,1,8,9", "Center": "0,0" },
	"hud_digit_9_mm":  { "File": "digitsmegamix.png", "Rect": "99,1,8,9", "Center": "0,0" },
	"hud_smalldigit_0_mm":  { "File": "digitsmegamix.png", "Rect": "0,1,8,9", "Center": "0,0" },
	"hud_smalldigit_1_mm":  { "File": "digitsmegamix.png", "Rect": "13,1,4,9", "Center": "-2,0" },
	"hud_smalldigit_2_mm":  { "File": "digitsmegamix.png", "Rect": "22,1,8,9", "Center": "0,0" },
	"hud_smalldigit_3_mm":  { "File": "digitsmegamix.png", "Rect": "33,1,8,9", "Center": "0,0" },
	"hud_smalldigit_4_mm":  { "File": "digitsmegamix.png", "Rect": "44,1,8,9", "Center": "0,0" },
	"hud_smalldigit_5_mm":  { "File": "digitsmegamix.png", "Rect": "55,1,8,9", "Center": "0,0" },
	"hud_smalldigit_6_mm":  { "File": "digitsmegamix.png", "Rect": "66,1,8,9", "Center": "0,0" },
	"hud_smalldigit_7_mm":  { "File": "digitsmegamix.png", "Rect": "77,1,8,9", "Center": "0,0" },
	"hud_smalldigit_8_mm":  { "File": "digitsmegamix.png", "Rect": "88,1,8,9", "Center": "0,0" },
	"hud_smalldigit_9_mm":  { "File": "digitsmegamix.png", "Rect": "99,1,8,9", "Center": "0,0" },
	"hud_digit_0_chaosstage_mm":  { "File": "digitsmegamix.png", "Rect": "0,17,8,9", "Center": "0,0" },
	"hud_digit_1_chaosstage_mm":  { "File": "digitsmegamix.png", "Rect": "13,17,4,9", "Center": "-2,0" },
	"hud_digit_2_chaosstage_mm":  { "File": "digitsmegamix.png", "Rect": "22,17,8,9", "Center": "0,0" },
	"hud_digit_3_chaosstage_mm":  { "File": "digitsmegamix.png", "Rect": "33,17,8,9", "Center": "0,0" },
	"hud_digit_4_chaosstage_mm":  { "File": "digitsmegamix.png", "Rect": "44,17,8,9", "Center": "0,0" },
	"hud_digit_5_chaosstage_mm":  { "File": "digitsmegamix.png", "Rect": "55,17,8,9", "Center": "0,0" },
	"hud_digit_6_chaosstage_mm":  { "File": "digitsmegamix.png", "Rect": "66,17,8,9", "Center": "0,0" },
	"hud_digit_7_chaosstage_mm":  { "File": "digitsmegamix.png", "Rect": "77,17,8,9", "Center": "0,0" },
	"hud_digit_8_chaosstage_mm":  { "File": "digitsmegamix.png", "Rect": "88,17,8,9", "Center": "0,0" },
	"hud_digit_9_chaosstage_mm":  { "File": "digitsmegamix.png", "Rect": "99,17,8,9", "Center": "0,0" },
	"hud_char_colon_mm":  { "File": "digitsmegamix.png", "Rect": "110,1,8,9", "Center": "-1,0" },
	"hud_char_minutes_mm":  { "File": "digitsmegamix.png", "Rect": "120,0,4,5", "Center": "-1,0" },
	"hud_char_seconds_mm":  { "File": "digitsmegamix.png", "Rect": "128,0,7,4", "Center": "0,0" },
	"hud_text_ring_chaosstage_mm":  { "File": "megamixhud.png", "Rect": "0,52,31,12", "Center": "0,0" },
	"hud_text_bonus_chaosstage_mm":  { "File": "megamixhud.png", "Rect": "31,52,56,12", "Center": "9,0" },
	"hud_text_score_chaosstage_mm":  { "File": "megamixhud.png", "Rect": "0,0,54,12", "Center": "0,0" },
	"hud_text_perfect_chaosstage_mm":  { "File": "megamixhud.png", "Rect": "0,65,87,12", "Center": "0,0" },
	"hud_text_continue_chaosstage_mm":  { "File": "megamixhud.png", "Rect": "0,78,87,12", "Center": "0,0" },
	"hud_text_ring_superstage_mm":  { "File": "megamixhud.png", "Rect": "0,52,31,12", "Center": "0,0" },
	"hud_text_bonus_superstage_mm":  { "File": "megamixhud.png", "Rect": "31,52,56,12", "Center": "9,0" },
	"hud_text_score_superstage_mm":  { "File": "megamixhud.png", "Rect": "0,0,54,12", "Center": "0,0" },
	"hud_text_perfect_superstage_mm":  { "File": "megamixhud.png", "Rect": "0,65,87,12", "Center": "0,0" },
	"hud_text_continue_superstage_mm":  { "File": "megamixhud.png", "Rect": "0,78,87,12", "Center": "0,0" },
}