{
	//life monitor icon
	"monitor5_icon_sonic":  { "File": "shadow_hudicon_normal.bmp", "Rect": "0,0,16,16", "Center": "8,8" },
	//date select sprites
	"dataSel_life_slot5":  { "File": "interface.bmp", "Rect": "18,16,20,16", "Center": "12,-8" },
	"dataSel_life_slot5_nobmp":  { "File": "interface.png", "Rect": "18,16,20,16", "Center": "12,-8" },
	"dataSel_slot5":  { "File": "interface.png", "Rect": "38,16,28,39", "Center": "16,39" },
	"dataSel_slot5_nobmp":  { "File": "interface.png", "Rect": "38,16,28,39", "Center": "16,39" },
	"dataSel_lifeContinue_slot5":  { "File": "interface.png", "Rect": "17,16,21,40", "Center": "16,-8" },
	"dataSel_lifeContinue_slot5_nobmp":  { "File": "interface.png", "Rect": "17,16,21,40", "Center": "16,-8" },
	//mania
	"dataSel_character_shadowm":  { "File": "dataSel_character_Shadowm.png", "Rect": "0,0,59,59", "Center": "27,37" },
	"dataSel_lifeContinue_shadow":  { "File": "dataSel_lifeContinueShadowm.png", "Rect": "0,0,25,40", "Center": "5,16" },
	"dataSel_life_shadow":  { "File": "dataSel_lifeContinueShadowm.png", "Rect": "0,0,25,16", "Center": "5,16" },
	"hud_lives_icon_slot5_bmp":  { "File": "shadow_hud_icon.bmp", "Rect": "1,1,15,14", "Center": "0,0" },
	"Result_NamePlate_Shadow":  { "File": "Result_NamePlate_Shadow.png", "Rect": "0,0,151,20", "Center": "75,10" },
	"Mania_NamePlate_Shadow":  { "File": "Mania_NamePlate_Shadow.png", "Rect": "28,1,97,18", "Center": "49,9" },
	//sign posts
	"goal_shadow":  { "File": "signpost.bmp", "Rect": "0,0,48,32", "Center": "24,16" },
	
	"Goal_animes_slot5_0":  { "File": "signPostAnim.bmp", "Rect": "0,0,48,32", "Center": "24,16" },
	"Goal_animes_slot5_1":  { "File": "signPostAnim.bmp", "Rect": "48,0,48,32", "Center": "24,16" },
	"Goal_animes_slot5_2":  { "File": "signPostAnim.bmp", "Rect": "96,0,48,32", "Center": "24,16" },
	"Goal_animes_slot5_3":  { "File": "signPostAnim.bmp", "Rect": "144,0,48,32", "Center": "24,16" },
	
	"goal_shadow_old":  { "File": "interface.png", "Rect": "66,0,48,32", "Center": "24,16" },
	"goal_shadow_UW_old":  { "File": "interface.png", "Rect": "66,32,48,32", "Center": "24,16" },
	//save protraits
	"dataSel_savePortrait_slot5":  { "File": "interface.png", "Rect": "0,104,80,56", "Center": "40,120" },
	"dataSel_savePortrait_superslot5":  { "File": "interface.png", "Rect": "80,104,80,56", "Center": "40,120" },
	//various shadow sprites
	"ShadowPose":  { "File": "shadow_ending.bmp", "Rect": "0,0,69,103", "Center": "33,50" },
	"ShadowMini":  { "File": "interface.bmp", "Rect": "23,57,12,20", "Center": "6,12" },
	"ShadowMicro":  { "File": "interface.bmp", "Rect": "42,60,14,12", "Center": "8,4" },
	//micro plane sprites
	"Micro_Plane":  { "File": "Micro_Plane.bmp", "Rect": "1,12,14,8", "Center": "8,0" },
	"Micro_Sonic":  { "File": "Micro_Plane.bmp", "Rect": "8,8,2,2", "Center": "2,-1" },
	"Micro_Tails":  { "File": "Micro_Plane.bmp", "Rect": "12,8,2,2", "Center": "2,-1" },
}