{
    //frozen sprites
	"shadow_frozen_0":  { "File": "shadow_frozen0.bmp", "Rect": "0,0,64,64", "Center": "32,32" },
	"shadow_frozen_1":  { "File": "shadow_frozen1.bmp", "Rect": "0,0,64,64", "Center": "32,32" },
	
	//tornado pilots
	"sonic_in_tornado":  { "File": "Tornado_Head_Sonic.bmp", "Rect": "0,0,32,16", "Center": "20,8" },
	"ray_in_tornado":  { "File": "Tornado_Head_Ray.png", "Rect": "0,0,32,18", "Center": "20,10" },
	"Small_Ray":  { "File": "Tornado_Head_Ray.png", "Rect": "32,9,16,9", "Center": "8,5" },
	"Micro_Ray":  { "File": "Tornado_Head_Ray.png", "Rect": "49,16,2,2", "Center": "2,-1" },

	//portal sprites, used in aiz intro and menu
	"phantomportal_1":  { "File": "portal.png", "Rect": "0,0,126,126", "Center": "63,62" },
	"phantomportal_2":  { "File": "portal.png", "Rect": "127,0,126,126", "Center": "63,62" },
	"phantomportal_3":  { "File": "portal.png", "Rect": "254,0,126,126", "Center": "63,62" },
	"phantomportal_4":  { "File": "portal.png", "Rect": "381,0,126,126", "Center": "63,62" },
	"phantomportal_5":  { "File": "portal.png", "Rect": "0,127,126,126", "Center": "63,62" },
	"phantomportal_6":  { "File": "portal.png", "Rect": "127,127,126,126", "Center": "63,62" },
	"phantomportal_7":  { "File": "portal.png", "Rect": "254,127,126,126", "Center": "63,62" },
	"phantomportal_8":  { "File": "portal.png", "Rect": "381,127,126,126", "Center": "63,62" },
	"phantomportal_9":  { "File": "portal.png", "Rect": "0,254,126,126", "Center": "63,62" },
	"phantomportal_10":  { "File": "portal.png", "Rect": "127,254,126,126", "Center": "63,62" },
	"phantomportal_11":  { "File": "portal.png", "Rect": "254,254,126,126", "Center": "63,62" },
	"phantomportal_12":  { "File": "portal.png", "Rect": "381,254,126,126", "Center": "63,62" },
	"phantomportal_13":  { "File": "portal.png", "Rect": "0,381,126,126", "Center": "63,62" },
	"phantomportal_14":  { "File": "portal.png", "Rect": "127,381,126,126", "Center": "63,62" },
	"phantomportal_15":  { "File": "portal.png", "Rect": "254,381,126,126", "Center": "63,62" },
	"phantomportal_16":  { "File": "portal.png", "Rect": "381,381,126,126", "Center": "63,62" },
	"phantomportal_17":  { "File": "portal.png", "Rect": "0,508,126,126", "Center": "63,62" },
	"phantomportal_18":  { "File": "portal.png", "Rect": "127,508,126,126", "Center": "63,62" },
	"phantomportal_19":  { "File": "portal.png", "Rect": "254,508,126,126", "Center": "63,62" },
	"phantomportal_20":  { "File": "portal.png", "Rect": "381,508,126,126", "Center": "63,62" },
	
	//dust
	"dusta_0":  { "File": "dust.bmp", "Rect": "0,0,16,16", "Center": "8,8" },
	"dusta_1":  { "File": "dust.bmp", "Rect": "16,0,16,16", "Center": "8,8" },
	"dusta_2":  { "File": "dust.bmp", "Rect": "32,0,16,16", "Center": "8,8" },
	"dusta_3":  { "File": "dust.bmp", "Rect": "48,0,16,16", "Center": "8,8" },
	
	//speed shoes
	"monitor_shadow_shoe":  { "File": "shadow_speed_shoes.png", "Rect": "0,0,16,16", "Center": "8,8" },
	
	//ending
	"shadow_ending1":  { "File": "new_ending.bmp", "Rect": "0,0,25,44", "Center": "13,22" },
	
	//continue sprites
	"shadowcont_0":  { "File": "continue.bmp", "Rect": "0,0,24,40", "Center": "12,20" },
	"shadowcont_1":  { "File": "continue.bmp", "Rect": "32,0,24,40", "Center": "12,20" },
	
	// s3c level select
	"level_select_S3C_shadow":  { "File": "s3c_level.png", "Rect": "0,0,16,16"},
	"level_select_S3C_mephiles":  { "File": "s3c_level.png", "Rect": "0,16,16,16"},

    //bumper of blue spheres
    "bump_slot5_0x00":  { "File": "bumper.png", "Rect": "0,0,16,16", "Center": "8,8" },
	"bump_slot5_0x01":  { "File": "bumper.png", "Rect": "24,0,16,16", "Center": "8,8" },
	"bump_slot5_0x02":  { "File": "bumper.png", "Rect": "48,0,16,16", "Center": "8,8" },
	"bump_slot5_0x03":  { "File": "bumper.png", "Rect": "72,0,16,16", "Center": "8,8" },
	"bump_slot5_0x04":  { "File": "bumper.png", "Rect": "96,0,16,16", "Center": "8,8" },
	"bump_slot5_0x05":  { "File": "bumper.png", "Rect": "120,0,16,16", "Center": "8,8" },
	"bump_slot5_0x06":  { "File": "bumper.png", "Rect": "144,0,16,16", "Center": "8,8" },
	"bump_slot5_0x07":  { "File": "bumper.png", "Rect": "168,0,16,16", "Center": "8,8" },
	
	//monitor icons mania
	"monitor_icon_speedshoes-00":  { "File": "iconsmania.png", "Rect": "0,112,16,16", "Center": "8,8" },
	"monitor_icon_speedshoes-01":  { "File": "iconsmania.png", "Rect": "16,112,16,16", "Center": "8,8" },
	"monitor_icon_speedshoes-03":  { "File": "iconsmania.png", "Rect": "32,112,16,16", "Center": "8,8" },
	"monitor_icon_speedshoes-03":  { "File": "iconsmania.png", "Rect": "48,112,16,16", "Center": "8,8" },
	"monitor_icon_shadow_m-00":  { "File": "iconsmania.png", "Rect": "0,128,16,16", "Center": "8,8" },
	"monitor_icon_shadow_m-01":  { "File": "iconsmania.png", "Rect": "16,128,16,16", "Center": "8,8" },
	"monitor_icon_shadow_m-02":  { "File": "iconsmania.png", "Rect": "32,128,16,16", "Center": "8,8" },
	"monitor_icon_shadow_m-03":  { "File": "iconsmania.png", "Rect": "48,128,16,16", "Center": "8,8" },
	"monitor_icon_shadowshoe_m-00":  { "File": "iconsmania.png", "Rect": "0,144,16,16", "Center": "8,8" },
	"monitor_icon_shadowshoe_m-01":  { "File": "iconsmania.png", "Rect": "16,144,16,16", "Center": "8,8" },
	"monitor_icon_shadowshoe_m-02":  { "File": "iconsmania.png", "Rect": "32,144,16,16", "Center": "8,8" },
	"monitor_icon_shadowshoe_m-03":  { "File": "iconsmania.png", "Rect": "48,144,16,16", "Center": "8,8" },
}