{
	"Metadata":
	{
		"Name": "Extra Slot 3D in 2D Shadow",
		"Author": "1funniman",
		"UniqueID": "es-3d2d-shadow",
		"Description": "Shadow the Hedgehog is now playable in an extra character slot, with his moveset from the game Sonic 3D in 2D!",
		"URL": "https://sotaknuck.itch.io/sonic3d2d",
		"ModVersion": "2.1",
		"GameVersion": "21.09.12.0"
	},
	"Settings":
	{
		"Group1":
		[
			{
				"InternalName": "Shadow Partner",
				"DisplayName": "Partner",
				"Variable": "ESShadow.hasPartner",
				"DefaultValue": "0",
				"Category": "Gameplay",
				"Options":
				{
					"0": "No",
					"1": "Yes",
				}
			},
			{
				"InternalName": "shadowinfinite",
				"DisplayName": "Hyper Unlimited Boost Gauge",
				"Variable": "ESShadow.hyperBoostInf",
				"DefaultValue": "0",
				"Category": "Gameplay",
				"Options":
				{
					"0": "Normal",
					"1": "Unlimited"
				}
			},
			{
				"InternalName": "cutscenenews",
				"DisplayName": "New Cutscenes",
				"Variable": "ESShadow.newcutscene",
				"DefaultValue": "1",
				"Category": "Gameplay",
				"Options":
				{
					"0": "Off",
					"1": "On"
				}
			},
			{
				"InternalName": "Boostbutton",
				"DisplayName": "Boost Button",
				"Variable": "ESShadow.boostButton",
				"DefaultValue": "0x10",
				"Category": "Controls",
				"Options":
				{
					"0x40": "A",
					"0x10": "B (Default)",
					"0x20": "C",
				}
			},
			{
				"InternalName": "paletteshadows",
				"DisplayName": "Shadow's Palette",
				"Variable": "ESshadowpalette",
				"DefaultValue": "0",
				"Category": "Appearance",
				"Options":
				{
					"0": "Original",
					"1": "Mephiles (Shadow Form)",
				}
			},
			{
				"InternalName": "theshadow",
				"DisplayName": "Shadow's Sprites",
				"Variable": "ESShadow.shadowsprites",
				"DefaultValue": "0",
				"Category": "Appearance",
				"Options":
				{
					"0": "New Sprites",
					"1": "Original Sprites",
				}
			},
			{
				"InternalName": "hudshadowsp",
				"DisplayName": "Unique HUD",
				"Variable": "ESShadow.hudtypeShadow",
				"DefaultValue": "0",
				"Category": "Appearance",
				"Options":
				{
					"0": "Default",
					"1": "Mania",
					"2": "Megamix"
				}
			},
			{
				"InternalName": "shadow now has a different name",
				"DisplayName": "Shadow's Name in Act Select",
				"Variable": "ESShadow.shadowName",
				"DefaultValue": "0",
				"Category": "Appearance",
				"Options":
				{
					"0": "3D2D Shadow",
					"1": "Shadow"
				}
			},
			{
				"InternalName": "speed shoes",
				"DisplayName": "Speed Shoes Icon",
				"Variable": "ESShadow.isSpeedshoes",
				"DefaultValue": "0",
				"Category": "Appearance",
				"Options":
				{
					"0": "Shadow-Styled",
					"1": "Default"
				}
			},
			{
				"InternalName": "HyperStars",
				"DisplayName": "Hyper Form Stars",
				"Variable": "ESShadow.HyperStars",
				"DefaultValue": "1",
				"Category": "Appearance",
				"Options":
				{
					"0": "Sonic 3 & Knuckles",
					"1": "Sonic 3D in 2D"
				}
			},
			{
				"InternalName": "shadow is no longer dusty",
				"DisplayName": "Dust Effects",
				"Variable": "ESShadow.Dust",
				"DefaultValue": "0",
				"Category": "Appearance",
				"Options":
				{
					"0": "Enabled",
					"1": "Disabled"
				}
			},
			{
				"InternalName": "shadow has name",
				"DisplayName": "Custom Banner Name",
				"Variable": "ESShadow.shadowintext",
				"DefaultValue": "0",
				"Category": "Zone Banner Options",
				"Options":
				{
					"0": "Yes",
					"1": "No"
				}
			},
			{
				"InternalName": "banner text y",
				"DisplayName": "Banner Text",
				"Variable": "ESShadow.bannertext",
				"DefaultValue": "1",
				"Category": "Zone Banner Options",
				"Options":
				{
					"0": "DA Garden",
					"1": "Sonic 3 A.I.R",
					"2": "Sonic 3",
					"3": "Sonic & Knuckles",
					"4": "Sonic 3 & Knuckles"
				}
			},
			{
				"InternalName": "banner type",
				"DisplayName": "D.A. Garden Zone Banner",
				"Variable": "ESShadow.zonebanner",
				"DefaultValue": "0",
				"Category": "Zone Banner Options",		
				"Options":
				{
					"0": "Default",
					"1": "D.A. Garden"
				}
			},
			{
				"InternalName": "Plane Tornado Pilot",
				"DisplayName": "Tornado Plane Pilot",
				"Variable": "ESShadow.Pilot",
				"DefaultValue": "0",
				"Category": "Misc.",
				"Options":
				{
					"0": "Sonic",
					"1": "Tails",
					"2": "Ray",
				}
			},
		]
	},
}
