{
	"ms_boostbar_0":  { "File": "boostbar.png", "Rect": "0,0,157,22", "Center": "0,0" },
	"ms_boostbar_1":  { "File": "boostbar.png", "Rect": "0,26,157,22", "Center": "0,0" },
	"ms_boostbar_2":  { "File": "boostbar.png", "Rect": "0,54,157,22", "Center": "0,0" },
	"ms_boostbar_3":  { "File": "boostbar.png", "Rect": "0,82,157,22", "Center": "0,0" },
	"ms_boostbar_4":  { "File": "boostbar.png", "Rect": "0,111,157,22", "Center": "0,0" },
	"ms_boostbar_5":  { "File": "boostbar.png", "Rect": "0,140,157,22", "Center": "0,0" },
	"ms_boostbar_6":  { "File": "boostbar.png", "Rect": "0,166,157,22", "Center": "0,0" },
}