{	// Character icon for lives
	"hud_lives_icon_slot35":    { "File": "modernsonic_life_hud.png", "Rect": "0,16,48,16" },
	"ModernSonic_3Complete":    { "File": "MS_S3C.png", "Rect": "0,0,16,16" },

	// Small digits for lives
	"hud_smalldigit_0_MS": { "File": "modernsonic_life_hud.png", "Rect": "0,0,8,8" },
	"hud_smalldigit_1_MS": { "File": "modernsonic_life_hud.png", "Rect": "8,0,8,8" },
	"hud_smalldigit_2_MS": { "File": "modernsonic_life_hud.png", "Rect": "16,0,8,8" },
	"hud_smalldigit_3_MS": { "File": "modernsonic_life_hud.png", "Rect": "24,0,8,8" },
	"hud_smalldigit_4_MS": { "File": "modernsonic_life_hud.png", "Rect": "32,0,8,8" },
	"hud_smalldigit_5_MS": { "File": "modernsonic_life_hud.png", "Rect": "0,8,8,8" },
	"hud_smalldigit_6_MS": { "File": "modernsonic_life_hud.png", "Rect": "8,8,8,8" },
	"hud_smalldigit_7_MS": { "File": "modernsonic_life_hud.png", "Rect": "16,8,8,8" },
	"hud_smalldigit_8_MS": { "File": "modernsonic_life_hud.png", "Rect": "24,8,8,8" },
	"hud_smalldigit_9_MS": { "File": "modernsonic_life_hud.png", "Rect": "32,8,8,8" }

}
