{
//Continue
	"continue_icon_slot35":  { "File": "hud_text_sprites.png", "Rect": "0,82,20,24", "Center": "12,24" },

// THE ACTUAL HUD :fire:
	"hud_text_score_MS":  { "File": "hud_text_sprites.png", "Rect": "16,0,120,53", "Center": "17,-2" },
	"hud_text_time_MS":  { "File": "hud_text_sprites.png", "Rect": "0,17,136,19", "Center": "33,-3" },
	"hud_text_time_red_MS":  { "File": "hud_text_sprites.png", "Rect": "39,12,1,1", "Center": "0,0" },
	"hud_text_rings_MS":  { "File": "hud_text_sprites.png", "Rect": "0,34,136,20", "Center": "33,-4" },
	"hud_text_rings_red_MS":  { "File": "hud_text_sprites.png", "Rect": "31,24,1,1", "Center": "0,0" },
	"hud_text_ring_MS":  { "File": "hud_text_sprites.png", "Rect": "144,32,59,12", "Center": "-2,-6" },
	"hud_text_timebonus_MS":  { "File": "hud_text_sprites.png", "Rect": "144,88,59,12", "Center": "-2,-6" },
	"hud_text_bonus_MS":  { "File": "hud_text_sprites.png", "Rect": "130,92,1,12", "Center": "-4,-4" },
	"hud_text_total_MS":  { "File": "hud_text_sprites.png", "Rect": "144,46,59,12", "Center": "-2,-3" },
	"hud_text_score_chaosstage_MS":  { "File": "hud_text_sprites.png", "Rect": "144,4,59,12", "Center": "-2,0" },
	"hud_text_ring_chaosstage_MS":  { "File": "hud_text_sprites.png", "Rect": "144,32,59,12", "Center": "-2,0" },
	"hud_text_bonus_chaosstage_MS":  { "File": "hud_text_sprites.png", "Rect": "24,1,1,1", "Center": "0,0" },
	"hud_text_perfect_chaosstage_MS":  { "File": "hud_text_sprites.png", "Rect": "144,60,59,12", "Center": "-2,0" },
	"hud_text_continue_chaosstage_MS":  { "File": "hud_text_sprites.png", "Rect": "144,74,59,12", "Center": "-2,0" },
	"hud_text_score_superstage_MS":  { "File": "hud_text_sprites.png", "Rect": "144,4,59,12", "Center": "-2,0" },
	"hud_text_ring_superstage_MS":  { "File": "hud_text_sprites.png", "Rect": "144,32,59,12", "Center": "-2,0" },
	"hud_text_bonus_superstage_MS":  { "File": "hud_text_sprites.png", "Rect": "1,1,1,1", "Center": "0,0" },
	"hud_text_perfect_superstage_MS":  { "File": "hud_text_sprites.png", "Rect": "144,60,59,12", "Center": "-2,0" },
	"hud_text_continue_superstage_MS":  { "File": "hud_text_sprites.png", "Rect": "144,74,59,12", "Center": "-2,0" },
	"hud_bonus_icon_slot35":  { "File": "hud_text_sprites.png", "Rect": "0,61,12,19", "Center": "0,0" },
	"hud_digit_0_MS":  { "File": "hud_text_sprites.png", "Rect": "0,109,8,12", "Center": "-14,-6" },
	"hud_digit_1_MS":  { "File": "hud_text_sprites.png", "Rect": "8,108,7,11", "Center": "-14,-5" },
	"hud_digit_2_MS":  { "File": "hud_text_sprites.png", "Rect": "15,108,8,12", "Center": "-14,-5" },
	"hud_digit_3_MS":  { "File": "hud_text_sprites.png", "Rect": "24,108,7,12", "Center": "-14,-5" },
	"hud_digit_4_MS":  { "File": "hud_text_sprites.png", "Rect": "31,108,9,12", "Center": "-14,-5" },
	"hud_digit_5_MS":  { "File": "hud_text_sprites.png", "Rect": "40,108,8,12", "Center": "-14,-5" },
	"hud_digit_6_MS":  { "File": "hud_text_sprites.png", "Rect": "48,108,8,12", "Center": "-14,-5" },
	"hud_digit_7_MS":  { "File": "hud_text_sprites.png", "Rect": "56,108,8,12", "Center": "-14,-5" },
	"hud_digit_8_MS":  { "File": "hud_text_sprites.png", "Rect": "64,108,8,12", "Center": "-14,-5" },
	"hud_digit_9_MS":  { "File": "hud_text_sprites.png", "Rect": "72,108,8,12", "Center": "-14,-5" },
	"hud_digit_0_chaosstage_MS":  { "File": "hud_text_sprites.png", "Rect": "0,120,8,12", "Center": "0,0" },
	"hud_digit_1_chaosstage_MS":  { "File": "hud_text_sprites.png", "Rect": "8,120,7,12", "Center": "0,0" },
	"hud_digit_2_chaosstage_MS":  { "File": "hud_text_sprites.png", "Rect": "15,120,8,12", "Center": "0,0" },
	"hud_digit_3_chaosstage_MS":  { "File": "hud_text_sprites.png", "Rect": "24,120,7,12", "Center": "0,0" },
	"hud_digit_4_chaosstage_MS":  { "File": "hud_text_sprites.png", "Rect": "31,120,9,12", "Center": "0,0" },
	"hud_digit_5_chaosstage_MS":  { "File": "hud_text_sprites.png", "Rect": "40,120,8,12", "Center": "0,0" },
	"hud_digit_6_chaosstage_MS":  { "File": "hud_text_sprites.png", "Rect": "48,120,8,12", "Center": "0,0" },
	"hud_digit_7_chaosstage_MS":  { "File": "hud_text_sprites.png", "Rect": "56,120,8,12", "Center": "0,0" },
	"hud_digit_8_chaosstage_MS":  { "File": "hud_text_sprites.png", "Rect": "64,120,8,12", "Center": "0,0" },
	"hud_digit_9_chaosstage_MS":  { "File": "hud_text_sprites.png", "Rect": "72,120,8,12", "Center": "0,0" },
	"hud_char_colon_MS":  { "File": "hud_text_sprites.png", "Rect": "80,108,8,12", "Center": "0,0" },
	"hud_char_minutes_MS":  { "File": "hud_text_sprites.png", "Rect": "88,108,8,12", "Center": "-14,-3" },
	"hud_char_seconds_MS":  { "File": "hud_text_sprites.png", "Rect": "96,108,8,12", "Center": "-14,-3" },

}