{
	"char4_tornado_00":  { "File": "amy_tornado_intro.bmp", "Rect": "0,0,34,34", "Center": "15,13" },
	"char4_tornado_01":  { "File": "amy_tornado_intro.bmp", "Rect": "0,0,34,34", "Center": "15,13" },
	"tornado_char4_small":  { "File": "tornado_amy.bmp", "Rect": "72,8,16,24", "Center": "8,12" },
	"tornado_char4S3_small":  { "File": "tornado_amyS3.bmp", "Rect": "72,8,16,24", "Center": "8,12" },
	"tornado_char4Ca22_small":  { "File": "tornado_amyCa22.bmp", "Rect": "72,8,16,24", "Center": "8,12" },
	"char4_tornadoalt_00":  { "File": "amy_tornado_introAtomic.bmp", "Rect": "0,0,34,34", "Center": "15,13" },
	"char4_tornadoalt_01":  { "File": "amy_tornado_introAtomic.bmp", "Rect": "34,0,34,34", "Center": "15,13" },
	"char4_tornadoalt_02":  { "File": "amy_tornado_introAtomic.bmp", "Rect": "0,0,34,34", "Center": "15,13" },
	"char4_tornadoalt_03":  { "File": "amy_tornado_introAtomic.bmp", "Rect": "34,0,34,34", "Center": "15,13" },
	"char4_tornadoAxol_00":  { "File": "amy_tornado_intro.bmp", "Rect": "35,0,34,34", "Center": "15,13" },
	"char4_tornadoAxol_01":  { "File": "amy_tornado_intro.bmp", "Rect": "70,0,34,34", "Center": "15,13" },
	"char4_tornadoAxol_02":  { "File": "amy_tornado_intro.bmp", "Rect": "35,0,34,34", "Center": "15,13" },
	"char4_tornadoAxol_03":  { "File": "amy_tornado_intro.bmp", "Rect": "105,0,34,34", "Center": "15,13" },
	"MiniAmy":  { "File": "MicroAmy.bmp", "Rect": "0,0,5,7", "Center": "0,5" },
	"MiniAmyS3":  { "File": "MicroAmyS3.bmp", "Rect": "0,0,5,7", "Center": "0,5" },
	"MiniAmyCa22":  { "File": "MicroAmyCa22.bmp", "Rect": "0,0,5,7", "Center": "0,5" },
}