{
	"dataSel_Metal":  { "File": "MetalDataSel.bmp", "Rect": "0,0,38,45", "Center": "21,43" },
	"ActSel_Metal":  { "File": "MetalDataSel.bmp", "Rect": "0,0,38,45", "Center": "21,23" },
	"dataSel_lifeContinue_metal":  { "File": "dataselectlife_metal.bmp", "Rect": "0,4,26,45", "Center": "2,0" },
	"character_metal_continue":  { "File": "dataselectlife_metal.bmp", "Rect": "5,21,15,23", "Center": "7,24" },
	"character_metal_continue_0":  { "File": "dataselectlife_metal.bmp", "Rect": "5,21,15,23", "Center": "7,11" },
	"character_metal_continue_1":  { "File": "dataselectlife_metal.bmp", "Rect": "5,21,15,23", "Center": "7,11" }
}