	{
	"Metadata":
	{
		"Name": "Extra Slot Modern Sonic",
		"Author": "U.A-Sonic, Patrick Bravo 2002 & MrAxolot4231 ",
		"Description": "The sprites in this mod were based on the original sprites from Sonic 3 Complete and Cooler Sonic Hack. The tails sprites were created by Modgen, the credits of the tails belong to them.",
		"URL": "https://www.deviantart.com/patrick2002",
		"ModVersion": "V6",
		"GameVersion": "20.04.26.0"
	},
	"Settings":
	{
		"List":
		[

			{
			"InternalName": "Sonic",
			"DisplayName": "M.Sonic Palette",
            "Category": "Visual",
			"Variable": "SonicPalette",
			"DefaultValue": "1",
			"Options":
			        {
				"0x00": "Sonic 3 & Knuckles",
				"0x01": "Sonic Unleashed / Generations",
                "0x02": "CGI Cinematic Cutscenes",
				"0x03": "Archie Styled Sonic"
	            	}
			},
			{
			"InternalName": "SonicJump",
			"DisplayName": "Air Move",
			"Category": "Moveset",
			"Variable": "SonicJump",
			"DefaultValue": "1",
			"Options":
					{
				"0x00": "Double Jump",
				"0x01": "Homing Attack",
					}
			},
			{
			"InternalName": "SonicJump2",
			"DisplayName": "2nd Air Move",
			"Category": "Moveset",
			"Variable": "SonicJump2",
			"DefaultValue": "0",
			"Options":
					{
				"0x00": "Bounce",
				"0x01": "Stomp",
			     }
			},
			{
			"InternalName": "MSPartner",
			"DisplayName": "Partner",
			"Category": "Misc",
			"Variable": "MSPartner",
			"Options":
			{
				"0x00": "Off",
				"0x01": "Modern Tails",
 			}
		},
			{
			"InternalName": "MSJumpBall",
			"DisplayName": "Jumpball Style",
			"Category": "Visual",
			"Variable": "MSJumpBall",
			"DefaultValue": "0",
			"Options":
					{
				"0x00": "Normal",
				"0x01": "Alt",
			     },
			}
		]
	}
}
