{
	"Metadata":
	{
		"Name": "Rey's Mo' Save Slots, yo",
		"Author": "AtomicRey",
		"Description": "I was bored",
		"ModVersion": "THIS.....IS MADNESS!!!",
		"GameVersion": "24.02.02.0"
	},
	"UsesFeatures": { "Controls_LR": true },
	"Settings":
	{
		"RMSSYSlots":
		[
			{
				"InternalName": "SWAPPBUTTONS",
				"DisplayName": "Swap button(s)",
				"Category": "Rey's Mo' Save Slots, yo",
				"Variable": "RMSSY.control",
				"DefaultValue": "0x00",
				"Options":
				{
					"0x00": "L/R",
					"0x01": "C/X",
				}
			},
			{
				"InternalName": "PAGES",
				"DisplayName": "Page amounts",
				"Category": "Rey's Mo' Save Slots, yo",
				"Variable": "RMSSY.SavePageOption",
				"DefaultValue": "0x01",
				"Options":
				{
					"0x01": "10",
					"0x02": "20",
					"0x03": "30",
					"0x04": "40",
					"0x05": "50",
					"0x06": "60",
					"0x07": "70",
					"0x08": "80",
					"0x09": "90",
					"0x0a": "100",
				}
			}
		]
	}
}
