{

//Boost
	"slot35_boost_0":  { "File": "effects.png", "Rect": "0,254,150,64", "Center": "121,34" },
	"slot35_boost_1":  { "File": "effects.png", "Rect": "152,254,150,64", "Center": "116,34" },
	"slot35_boost_2":  { "File": "effects.png", "Rect": "0,328,150,64", "Center": "121,34" },
	"slot35_boost_3":  { "File": "effects.png", "Rect": "150,328,150,64", "Center": "118,34" },
	"slot35_superboost_0":  { "File": "effects_super.png", "Rect": "0,254,150,64", "Center": "121,34" },
	"slot35_superboost_1":  { "File": "effects_super.png", "Rect": "152,254,150,64", "Center": "116,34" },
	"slot35_superboost_2":  { "File": "effects_super.png", "Rect": "0,328,150,64", "Center": "121,34" },
	"slot35_superboost_3":  { "File": "effects_super.png", "Rect": "150,328,150,64", "Center": "118,34" },
	"slot35_hyperboost_0":  { "File": "effects_hyper.png", "Rect": "0,254,150,64", "Center": "121,34" },
	"slot35_hyperboost_1":  { "File": "effects_hyper.png", "Rect": "152,254,150,64", "Center": "116,34" },
	"slot35_hyperboost_2":  { "File": "effects_hyper.png", "Rect": "0,328,150,64", "Center": "121,34" },
	"slot35_hyperboost_3":  { "File": "effects_hyper.png", "Rect": "150,328,150,64", "Center": "118,34" },

//Stomp
	"slot35_drop_0":  { "File": "effects.png", "Rect": "3,174,55,65", "Center": "27,32" },
	"slot35_drop_1":  { "File": "effects.png", "Rect": "60,174,52,64", "Center": "25,32" },
	"slot35_drop_2":  { "File": "effects.png", "Rect": "119,183,50,56", "Center": "24,23" },
	"slot35_drop_3":  { "File": "effects.png", "Rect": "176,181,55,58", "Center": "27,25" },
	"slot35_superdrop_0":  { "File": "effects_super.png", "Rect": "3,174,55,65", "Center": "27,32" },
	"slot35_superdrop_1":  { "File": "effects_super.png", "Rect": "60,174,52,64", "Center": "25,32" },
	"slot35_superdrop_2":  { "File": "effects_super.png", "Rect": "119,183,50,56", "Center": "24,23" },
	"slot35_superdrop_3":  { "File": "effects_super.png", "Rect": "176,181,55,58", "Center": "27,25" },
	"slot35_hyperdrop_0":  { "File": "effects_hyper.png", "Rect": "3,174,55,65", "Center": "27,32" },
	"slot35_hyperdrop_1":  { "File": "effects_hyper.png", "Rect": "60,174,52,64", "Center": "25,32" },
	"slot35_hyperdrop_2":  { "File": "effects_hyper.png", "Rect": "119,183,50,56", "Center": "24,23" },
	"slot35_hyperdrop_3":  { "File": "effects_hyper.png", "Rect": "176,181,55,58", "Center": "27,25" },
}