{
	"MetalMISC.SpinCD": { "File": "SpindashCharge.ogg", "Type": "Sound", "Channel": "AB" },
	"MetalMISC.SpinCDrel": { "File": "SpindashRelease.ogg", "Type": "Sound", "Channel": "AB" },
	"MetalMISC.Teleport": { "File": "Metaltelport.ogg", "Type": "Sound", "Channel": "AB" },
	"MetalMISC.Teleport2": { "File": "Metaltelport2.ogg", "Type": "Sound", "Channel": "AB" },
	"MetalMISC.A1Extended": { "File": "A1_Extended.ogg", "Type": "Sound", "Channel": "AB" },

	// The "Name": thing is used in the option menu, displaying a name in the game instead of just the music id.


	// Also, if you add a "_fast" in the end of the id and if there's the same id but without it (like, AIZ1 equals to AIZ1_fast), the game will automatically asign the id to the effect for the song with the same id, playing the song assigned to "_fast" when the speed effect is on(just work with type: music)

	"SBZ_intro": { "Name": "Metal's Scrap Brain Intro", "File": "ScrapBrain.ogg", "Type": "Music"},
	"metalintro": { "Name": "metal madness funny moments", "File": "metalintro.ogg", "Type": "Jingle"},
	"metaloutro": { "Name": "that's all folks!", "File": "ThatsAllFolks.ogg", "Type": "Jingle"},
	"Sweden": { "Name": "Sweden", "File": "Sweden.ogg", "Type": "Music"},
	"Sweden_fast": { "Name": "Sweden (fast)", "File": "Sweden_fast.ogg", "Type": "Music"},

	"MetalMISC.Minecrap": { "File": "minecraft_click.ogg", "Type": "Sound", "Channel": "AB" },
}