{
	"Metadata":
	{
		"Name": "Extra Slot Modern Tails",
		"Author": "U.A-Sonic, Patrick Bravo 2002, Jesus.B & MrAxolot4231 ",
		"Description": "Modern Tails is real (Sprites by Modgen.)",
		"ModVersion": "1.0"
	},
	"Settings":
	{
		"List":
		[

			{
			"InternalName": "MTailsPal",
			"DisplayName": "M.Tails Palette",
            "Category": "Palettes",
			"Variable": "MTailsPalette",
			"DefaultValue": "1",
			"Options":
			        {
				"0x00": "Sonic 3 & Knuckles",
				"0x01": "Sonic Unleashed / Generations",
                      "0x02": "CGI Cinematic Cutscenes" 			           }
		      }
		]
	}
}
