{
	"dataSel_TT16":  { "File": "dataSel_Amytt16a.png", "Rect": "0,0,45,45", "Center": "12,43" },
	"dataSel_lifeContinue_TT16":  { "File": "dataselectlife_tt16.png", "Rect": "0,4,26,45", "Center": "0,0" },
	"ActSel_TT16":  { "File": "dataSel_Amytt16a.png", "Rect": "0,0,45,45", "Center": "12,23" },
	"ESS_Life_Es6tt16":  { "File": "icons_tt16.png", "Rect": "0,0,16,16", "Center": "8,16" },
	"ESS_Cont_Es6tt16":  { "File": "icons_tt16.png", "Rect": "0,16,20,24", "Center": "10,24" },
	
	"monitor_icon_char4tt16":  { "File": "monitor_icon_tt16.bmp", "Center": "8,8" },
	"s3c_tt16":  { "File": "dataselectlife_tt16.png", "Rect": "2,4,16,16", "Center": "0,0" }
}