{
	"bluesphere_hue_0x01":  { "File": "bluesphere_hue.bmp", "Rect": "0,8,33,41", "Center": "17,35" },
	"bluesphere_hue_0x02":  { "File": "bluesphere_hue.bmp", "Rect": "33,3,33,49", "Center": "17,42" },
	"bluesphere_hue_0x03":  { "File": "bluesphere_hue.bmp", "Rect": "67,3,34,50", "Center": "18,42" },
	"bluesphere_hue_0x04":  { "File": "bluesphere_hue.bmp", "Rect": "102,2,35,51", "Center": "19,43" },
	"bluesphere_hue_0x05":  { "File": "bluesphere_hue.bmp", "Rect": "138,2,36,56", "Center": "20,43" },
	"bluesphere_hue_0x06":  { "File": "bluesphere_hue.bmp", "Rect": "175,3,34,50", "Center": "17,42" },
	"bluesphere_hue_0x07":  { "File": "bluesphere_hue.bmp", "Rect": "210,2,35,51", "Center": "17,43" },
	"bluesphere_hue_0x08":  { "File": "bluesphere_hue.bmp", "Rect": "246,2,36,56", "Center": "17,43" },
	"bluesphere_hue_0x09":  { "File": "bluesphere_hue.bmp", "Rect": "418,17,32,32", "Center": "16,38" },
	"bluesphere_hue_0x0a":  { "File": "bluesphere_hue.bmp", "Rect": "450,17,32,32", "Center": "16,38" },
	"bluesphere_hue_0x0b":  { "File": "bluesphere_hue.bmp", "Rect": "482,17,32,32", "Center": "16,38" },
	"bluesphere_hue_hover_0x02":  { "File": "bluesphere_hue.bmp", "Rect": "283,3,33,55", "Center": "17,43" },
	"bluesphere_hue_hover_0x03":  { "File": "bluesphere_hue.bmp", "Rect": "317,3,33,55", "Center": "17,43" },
	"bluesphere_hue_hover_0x04":  { "File": "bluesphere_hue.bmp", "Rect": "351,3,33,55", "Center": "17,43" },
	"bluesphere_hue_hover_0x05":  { "File": "bluesphere_hue.bmp", "Rect": "385,3,33,55", "Center": "17,43" },
	"bluesphere_hue_hover_0x06":  { "File": "bluesphere_hue.bmp", "Rect": "317,3,33,55", "Center": "17,43" },
	"bluesphere_hue_hover_0x07":  { "File": "bluesphere_hue.bmp", "Rect": "351,3,33,55", "Center": "17,43" },
	"bluesphere_hue_hover_0x08":  { "File": "bluesphere_hue.bmp", "Rect": "385,3,33,55", "Center": "17,43" }
}