{
	"character_hue_hoverwalk_0x01":  { "File": "character_hue_hover_walk.bmp", "Rect": "1,1,36,47", "Center": "17,29" },
	"character_hue_hoverwalk_0x02":  { "File": "character_hue_hover_walk.bmp", "Rect": "39,1,36,47", "Center": "17,29" },
	"character_hue_hoverwalk_0x03":  { "File": "character_hue_hover_walk.bmp", "Rect": "77,1,36,47", "Center": "17,29" },
	"character_hue_hoverwalk_0x04":  { "File": "character_hue_hover_walk.bmp", "Rect": "115,1,36,47", "Center": "17,29" },
	"character_hue_hoverwalk_0x05":  { "File": "character_hue_hover_walk.bmp", "Rect": "1,1,36,47", "Center": "17,29" },
	"character_hue_hoverwalk_0x06":  { "File": "character_hue_hover_walk.bmp", "Rect": "39,1,36,47", "Center": "17,29" },
	"character_hue_hoverwalk_0x07":  { "File": "character_hue_hover_walk.bmp", "Rect": "77,1,36,47", "Center": "17,29" },
	"character_hue_hoverwalk_0x08":  { "File": "character_hue_hover_walk.bmp", "Rect": "115,1,36,47", "Center": "17,29" },
	"character_hue_0x01":  { "File": "character_hue.bmp", "Rect": "8,6,40,42", "Center": "18,22" },
	"character_hue_0x02":  { "File": "character_hue.bmp", "Rect": "64,8,40,40", "Center": "18,20" },
	"character_hue_0x03":  { "File": "character_hue.bmp", "Rect": "124,8,32,40", "Center": "16,20" },
	"character_hue_0x04":  { "File": "character_hue.bmp", "Rect": "180,7,32,41", "Center": "17,21" },
	"character_hue_0x05":  { "File": "character_hue.bmp", "Rect": "232,6,40,42", "Center": "16,22" },
	"character_hue_0x06":  { "File": "character_hue.bmp", "Rect": "288,8,40,40", "Center": "20,20" },
	"character_hue_0x07":  { "File": "character_hue.bmp", "Rect": "348,8,32,40", "Center": "15,20" },
	"character_hue_0x08":  { "File": "character_hue.bmp", "Rect": "404,7,32,41", "Center": "17,21" },
	"character_hue_0x09":  { "File": "character_hue.bmp", "Rect": "456,4,40,48", "Center": "21,19" },
	"character_hue_0x0a":  { "File": "character_hue.bmp", "Rect": "508,8,48,40", "Center": "20,14" },
	"character_hue_0x0b":  { "File": "character_hue.bmp", "Rect": "568,8,40,40", "Center": "19,21" },
	"character_hue_0x0c":  { "File": "character_hue.bmp", "Rect": "620,8,48,40", "Center": "20,19" },
	"character_hue_0x0d":  { "File": "character_hue.bmp", "Rect": "680,4,40,48", "Center": "20,18" },
	"character_hue_0x0e":  { "File": "character_hue.bmp", "Rect": "732,4,48,48", "Center": "21,20" },
	"character_hue_0x0f":  { "File": "character_hue.bmp", "Rect": "792,8,40,40", "Center": "22,17" },
	"character_hue_0x10":  { "File": "character_hue.bmp", "Rect": "848,8,40,40", "Center": "20,18" },
	"character_hue_0x11":  { "File": "character_hue.bmp", "Rect": "8,64,40,40", "Center": "20,19" },
	"character_hue_0x12":  { "File": "character_hue.bmp", "Rect": "64,64,40,40", "Center": "20,19" },
	"character_hue_0x13":  { "File": "character_hue.bmp", "Rect": "120,68,40,32", "Center": "20,11" },
	"character_hue_0x14":  { "File": "character_hue.bmp", "Rect": "176,68,40,32", "Center": "20,13" },
	"character_hue_0x15":  { "File": "character_hue.bmp", "Rect": "232,64,40,40", "Center": "20,21" },
	"character_hue_0x16":  { "File": "character_hue.bmp", "Rect": "288,64,40,40", "Center": "20,20" },
	"character_hue_0x17":  { "File": "character_hue.bmp", "Rect": "344,68,40,32", "Center": "20,11" },
	"character_hue_0x18":  { "File": "character_hue.bmp", "Rect": "400,68,40,32", "Center": "20,11" },
	"character_hue_0x19":  { "File": "character_hue.bmp", "Rect": "452,64,48,40", "Center": "18,17" },
	"character_hue_0x1a":  { "File": "character_hue.bmp", "Rect": "512,60,40,48", "Center": "16,25" },
	"character_hue_0x1b":  { "File": "character_hue.bmp", "Rect": "568,64,40,40", "Center": "19,17" },
	"character_hue_0x1c":  { "File": "character_hue.bmp", "Rect": "624,60,40,48", "Center": "16,25" },
	"character_hue_0x1d":  { "File": "character_hue.bmp", "Rect": "676,64,48,40", "Center": "17,18" },
	"character_hue_0x1e":  { "File": "character_hue.bmp", "Rect": "732,60,48,48", "Center": "17,24" },
	"character_hue_0x1f":  { "File": "character_hue.bmp", "Rect": "792,64,40,40", "Center": "18,18" },
	"character_hue_0x20":  { "File": "character_hue.bmp", "Rect": "848,64,40,40", "Center": "18,18" },
	"character_hue_0x21":  { "File": "character_hue.bmp", "Rect": "1,118,43,42", "Center": "27,22" },
	"character_hue_0x22":  { "File": "character_hue.bmp", "Rect": "57,118,43,42", "Center": "27,22" },
	"character_hue_0x23":  { "File": "character_hue.bmp", "Rect": "113,118,43,42", "Center": "27,22" },
	"character_hue_0x24":  { "File": "character_hue.bmp", "Rect": "169,118,43,42", "Center": "27,22" },
	"character_hue_waterrun_0x21":  { "File": "character_hue_water_run.bmp", "Rect": "1,1,43,42", "Center": "27,22" },
	"character_hue_waterrun_0x22":  { "File": "character_hue_water_run.bmp", "Rect": "46,1,43,42", "Center": "27,22" },
	"character_hue_waterrun_0x23":  { "File": "character_hue_water_run.bmp", "Rect": "91,1,43,42", "Center": "27,22" },
	"character_hue_waterrun_0x24":  { "File": "character_hue_water_run.bmp", "Rect": "136,1,43,42", "Center": "27,22" },
	"character_hue_0x25":  { "File": "character_hue.bmp", "Rect": "232,120,40,40", "Center": "19,17" },
	"character_hue_0x26":  { "File": "character_hue.bmp", "Rect": "292,120,32,40", "Center": "16,18" },
	"character_hue_0x27":  { "File": "character_hue.bmp", "Rect": "344,120,40,40", "Center": "19,17" },
	"character_hue_0x28":  { "File": "character_hue.bmp", "Rect": "404,120,32,40", "Center": "16,18" },
	"character_hue_0x29":  { "File": "character_hue.bmp", "Rect": "456,124,40,32", "Center": "20,16" },
	"character_hue_0x2a":  { "File": "character_hue.bmp", "Rect": "512,124,40,32", "Center": "20,16" },
	"character_hue_0x2b":  { "File": "character_hue.bmp", "Rect": "568,124,40,32", "Center": "20,16" },
	"character_hue_0x2c":  { "File": "character_hue.bmp", "Rect": "624,124,40,32", "Center": "20,16" },
	"character_hue_0x2d":  { "File": "character_hue.bmp", "Rect": "680,120,40,40", "Center": "18,22" },
	"character_hue_0x2e":  { "File": "character_hue.bmp", "Rect": "736,124,40,32", "Center": "19,17" },
	"character_hue_0x2f":  { "File": "character_hue.bmp", "Rect": "792,120,40,40", "Center": "18,22" },
	"character_hue_0x30":  { "File": "character_hue.bmp", "Rect": "848,124,40,32", "Center": "19,17" },
	"character_hue_0x31":  { "File": "character_hue.bmp", "Rect": "12,175,32,41", "Center": "18,21" },
	"character_hue_0x32":  { "File": "character_hue.bmp", "Rect": "68,176,32,40", "Center": "14,22" },
	"character_hue_0x33":  { "File": "character_hue.bmp", "Rect": "124,180,32,32", "Center": "14,16" },
	"character_hue_0x34":  { "File": "character_hue.bmp", "Rect": "174,176,43,43", "Center": "28,11" },
	"character_hue_0x35":  { "File": "character_hue.bmp", "Rect": "235,180,33,32", "Center": "19,12" },
	"character_hue_0x36":  { "File": "character_hue.bmp", "Rect": "292,176,32,40", "Center": "16,18" },
	"character_hue_0x37":  { "File": "character_hue.bmp", "Rect": "348,176,32,42", "Center": "17,20" },
	"character_hue_0x38":  { "File": "character_hue.bmp", "Rect": "400,176,42,40", "Center": "28,18" },
	"character_hue_0x39":  { "File": "character_hue.bmp", "Rect": "459,179,33,35", "Center": "19,19" },
	"character_hue_0x3a":  { "File": "character_hue.bmp", "Rect": "516,180,32,32", "Center": "16,16" },
	"character_hue_0x3b":  { "File": "character_hue.bmp", "Rect": "574,176,27,40", "Center": "13,20" },
	"character_hue_0x3c":  { "File": "character_hue.bmp", "Rect": "617,176,41,40", "Center": "27,20" },
	"character_hue_watercorkscrew_0x00":  { "File": "character_hue_corkscrew_water.bmp", "Rect": "8,7,36,41", "Center": "22,21" },
	"character_hue_watercorkscrew_0x01":  { "File": "character_hue_corkscrew_water.bmp", "Rect": "65,8,35,40", "Center": "17,22" },
	"character_hue_watercorkscrew_0x02":  { "File": "character_hue_corkscrew_water.bmp", "Rect": "124,12,32,32", "Center": "14,16" },
	"character_hue_watercorkscrew_0x03":  { "File": "character_hue_corkscrew_water.bmp", "Rect": "174,8,43,43", "Center": "28,11" },
	"character_hue_watercorkscrew_0x04":  { "File": "character_hue_corkscrew_water.bmp", "Rect": "226,12,42,32", "Center": "28,12" },
	"character_hue_watercorkscrew_0x05":  { "File": "character_hue_corkscrew_water.bmp", "Rect": "289,8,35,40", "Center": "19,18" },
	"character_hue_watercorkscrew_0x06":  { "File": "character_hue_corkscrew_water.bmp", "Rect": "348,8,32,42", "Center": "17,20" },
	"character_hue_watercorkscrew_0x07":  { "File": "character_hue_corkscrew_water.bmp", "Rect": "400,8,42,40", "Center": "28,18" },
	"character_hue_watercorkscrew_0x08":  { "File": "character_hue_corkscrew_water.bmp", "Rect": "451,11,41,35", "Center": "27,19" },
	"character_hue_watercorkscrew_0x09":  { "File": "character_hue_corkscrew_water.bmp", "Rect": "515,12,33,32", "Center": "17,16" },
	"character_hue_watercorkscrew_0x0a":  { "File": "character_hue_corkscrew_water.bmp", "Rect": "574,8,27,40", "Center": "13,20" },
	"character_hue_watercorkscrew_0x0b":  { "File": "character_hue_corkscrew_water.bmp", "Rect": "617,8,41,41", "Center": "27,20" },
	"character_hue_0x3d":  { "File": "character_hue.bmp", "Rect": "686,172,28,48", "Center": "14,26" },
	"character_hue_0x3e":  { "File": "character_hue.bmp", "Rect": "742,179,28,34", "Center": "14,15" },
	"character_hue_0x3f":  { "File": "character_hue.bmp", "Rect": "796,180,32,32", "Center": "15,15" },
	"character_hue_0x40":  { "File": "character_hue.bmp", "Rect": "852,180,32,32", "Center": "16,14" },
	"character_hue_0x41":  { "File": "character_hue.bmp", "Rect": "12,232,32,40", "Center": "17,17" },
	"character_hue_0x42":  { "File": "character_hue.bmp", "Rect": "68,232,32,42", "Center": "17,18" },
	"character_hue_0x43":  { "File": "character_hue.bmp", "Rect": "126,232,27,40", "Center": "14,20" },
	"character_hue_0x44":  { "File": "character_hue.bmp", "Rect": "182,236,28,32", "Center": "15,16" },
	"character_hue_0x45":  { "File": "character_hue.bmp", "Rect": "236,238,32,28", "Center": "14,12" },
	"character_hue_0x46":  { "File": "character_hue.bmp", "Rect": "293,236,29,32", "Center": "14,13" },
	"character_hue_0x47":  { "File": "character_hue.bmp", "Rect": "350,232,29,40", "Center": "15,18" },
	"character_hue_0x48":  { "File": "character_hue.bmp", "Rect": "404,230,32,42", "Center": "16,22" },
	"character_hue_0x49":  { "File": "character_hue.bmp", "Rect": "456,232,40,40", "Center": "20,24" },
	"character_hue_0x4a":  { "File": "character_hue.bmp", "Rect": "516,228,32,48", "Center": "14,22" },
	"character_hue_0x4b":  { "File": "character_hue.bmp", "Rect": "572,236,32,32", "Center": "16,21" },
	"character_hue_0x4c":  { "File": "character_hue.bmp", "Rect": "628,236,32,32", "Center": "13,15" },
	"character_hue_0x4d":  { "File": "character_hue.bmp", "Rect": "684,236,32,32", "Center": "13,18" },
	"character_hue_0x4e":  { "File": "character_hue.bmp", "Rect": "740,236,32,32", "Center": "18,14" },
	"character_hue_0x4f":  { "File": "character_hue.bmp", "Rect": "792,232,40,40", "Center": "22,22" },
	"character_hue_0x50":  { "File": "character_hue.bmp", "Rect": "848,232,40,40", "Center": "21,20" },
	"character_hue_0x51":  { "File": "character_hue.bmp", "Rect": "12,292,32,32", "Center": "17,19" },
	"character_hue_0x52":  { "File": "character_hue.bmp", "Rect": "68,292,32,32", "Center": "14,17" },
	"character_hue_0x53":  { "File": "character_hue.bmp", "Rect": "120,292,40,32", "Center": "24,19" },
	"character_hue_0x54":  { "File": "character_hue.bmp", "Rect": "176,292,40,32", "Center": "17,16" },
	"character_hue_0x55":  { "File": "character_hue.bmp", "Rect": "236,286,32,42", "Center": "19,22" },
	"character_hue_0x56":  { "File": "character_hue.bmp", "Rect": "292,286,32,42", "Center": "18,22" },
	"character_hue_0x57":  { "File": "character_hue.bmp", "Rect": "348,286,32,42", "Center": "16,22" },
	"character_hue_0x58":  { "File": "character_hue.bmp", "Rect": "408,286,24,42", "Center": "12,22" },
	"character_hue_0x59":  { "File": "character_hue.bmp", "Rect": "460,286,32,42", "Center": "14,22" },
	"character_hue_0x5a":  { "File": "character_hue.bmp", "Rect": "516,286,32,42", "Center": "17,22" },
	"character_hue_0x5b":  { "File": "character_hue.bmp", "Rect": "576,286,24,42", "Center": "13,22" },
	"character_hue_0x5c":  { "File": "character_hue.bmp", "Rect": "620,294,48,26", "Center": "20,13" },
	"character_hue_0x5d":  { "File": "character_hue.bmp", "Rect": "684,295,32,25", "Center": "4,13" },
	"character_hue_0x5e":  { "File": "character_hue.bmp", "Rect": "736,295,43,25", "Center": "30,13" },
	"character_hue_0x5f":  { "File": "character_hue.bmp", "Rect": "787,294,49,26", "Center": "28,13" },
	"character_hue_0x60":  { "File": "character_hue.bmp", "Rect": "852,296,32,24", "Center": "10,13" },
	"character_hue_0x61":  { "File": "character_hue.bmp", "Rect": "8,352,40,25", "Center": "28,13" },
	"character_hue_0x62":  { "File": "character_hue.bmp", "Rect": "64,346,41,37", "Center": "20,18" },
	"character_hue_0x63":  { "File": "character_hue.bmp", "Rect": "126,340,26,48", "Center": "13,24" },
	"character_hue_0x64":  { "File": "character_hue.bmp", "Rect": "184,348,25,32", "Center": "13,15" },
	"character_hue_0x65":  { "File": "character_hue.bmp", "Rect": "239,344,25,43", "Center": "13,21" },
	"character_hue_0x66":  { "File": "character_hue.bmp", "Rect": "294,339,26,49", "Center": "12,25" },
	"character_hue_0x67":  { "File": "character_hue.bmp", "Rect": "352,348,25,32", "Center": "12,16" },
	"character_hue_0x68":  { "File": "character_hue.bmp", "Rect": "408,344,25,40", "Center": "12,17" },
	"character_hue_0x69":  { "File": "character_hue.bmp", "Rect": "460,344,32,40", "Center": "16,20" },
	"character_hue_0x6a":  { "File": "character_hue.bmp", "Rect": "516,345,32,36", "Center": "16,19" },
	"character_hue_0x6b":  { "File": "character_hue.bmp", "Rect": "569,348,39,32", "Center": "20,17" },
	"character_hue_0x6c":  { "File": "character_hue.bmp", "Rect": "628,348,32,32", "Center": "16,16" },
	"character_hue_0x6d":  { "File": "character_hue.bmp", "Rect": "680,348,40,32", "Center": "20,16" },
	"character_hue_0x6e":  { "File": "character_hue.bmp", "Rect": "736,348,40,32", "Center": "20,16" },
	"character_hue_0x6f":  { "File": "character_hue.bmp", "Rect": "796,348,32,32", "Center": "16,16" },
	"character_hue_0x70":  { "File": "character_hue.bmp", "Rect": "852,348,32,32", "Center": "16,16" },
	"character_hue_0x71":  { "File": "character_hue.bmp", "Rect": "12,404,32,32", "Center": "16,16" },
	"character_hue_0x72":  { "File": "character_hue.bmp", "Rect": "64,404,40,32", "Center": "20,16" },
	"character_hue_0x73":  { "File": "character_hue.bmp", "Rect": "120,404,40,32", "Center": "20,16" },
	"character_hue_0x74":  { "File": "character_hue.bmp", "Rect": "180,404,32,32", "Center": "16,16" },
	"character_hue_0x75":  { "File": "character_hue.bmp", "Rect": "240,404,24,32", "Center": "12,16" },
	"character_hue_0x76":  { "File": "character_hue.bmp", "Rect": "292,404,32,32", "Center": "16,16" },
	"character_hue_0x77":  { "File": "character_hue.bmp", "Rect": "348,408,32,24", "Center": "16,12" },
	"character_hue_0x78":  { "File": "character_hue.bmp", "Rect": "399,396,41,50", "Center": "19,25" },
	"character_hue_0x79":  { "File": "character_hue.bmp", "Rect": "452,400,48,40", "Center": "31,26" },
	"character_hue_0x7a":  { "File": "character_hue.bmp", "Rect": "508,400,48,40", "Center": "26,23" },
	"character_hue_0x7b":  { "File": "character_hue.bmp", "Rect": "568,396,40,48", "Center": "27,18" },
	"character_hue_0x7c":  { "File": "character_hue.bmp", "Rect": "624,396,40,48", "Center": "23,22" },
	"character_hue_0x7d":  { "File": "character_hue.bmp", "Rect": "676,400,48,40", "Center": "20,13" },
	"character_hue_0x7e":  { "File": "character_hue.bmp", "Rect": "732,400,48,40", "Center": "23,17" },
	"character_hue_0x7f":  { "File": "character_hue.bmp", "Rect": "792,396,40,48", "Center": "13,28" },
	"character_hue_0x80":  { "File": "character_hue.bmp", "Rect": "848,396,40,48", "Center": "17,24" },
	"character_hue_0x81":  { "File": "character_hue.bmp", "Rect": "12,452,32,48", "Center": "18,24" },
	"character_hue_0x82":  { "File": "character_hue.bmp", "Rect": "68,452,35,48", "Center": "20,24" },
	"character_hue_0x83":  { "File": "character_hue.bmp", "Rect": "120,452,40,48", "Center": "22,24" },
	"character_hue_0x84":  { "File": "character_hue.bmp", "Rect": "180,452,32,48", "Center": "19,24" },
	"character_hue_0x85":  { "File": "character_hue.bmp", "Rect": "236,452,32,48", "Center": "17,24" },
	"character_hue_0x86":  { "File": "character_hue.bmp", "Rect": "292,460,32,32", "Center": "12,8" },
	"character_hue_0x87":  { "File": "character_hue.bmp", "Rect": "348,460,32,32", "Center": "12,8" },
	"character_hue_0x88":  { "File": "character_hue.bmp", "Rect": "404,460,32,32", "Center": "12,8" },
	"character_hue_0x89":  { "File": "character_hue.bmp", "Rect": "460,460,32,32", "Center": "12,8" },
	"character_hue_0x8a":  { "File": "character_hue.bmp", "Rect": "516,460,32,32", "Center": "12,8" },
	"character_hue_0x8b":  { "File": "character_hue.bmp", "Rect": "572,460,32,32", "Center": "12,8" },
	"character_hue_0x8c":  { "File": "character_hue.bmp", "Rect": "624,460,40,32", "Center": "20,17" },
	"character_hue_0x8d":  { "File": "character_hue.bmp", "Rect": "680,460,40,32", "Center": "20,17" },
	"character_hue_0x8e":  { "File": "character_hue.bmp", "Rect": "743,454,31,48", "Center": "15,22" },
	"character_hue_0x8f":  { "File": "character_hue.bmp", "Rect": "792,460,40,32", "Center": "28,22" },
	"character_hue_0x90":  { "File": "character_hue.bmp", "Rect": "851,452,33,49", "Center": "17,24" },
	"character_hue_0x91":  { "File": "character_hue.bmp", "Rect": "7,508,41,48", "Center": "17,26" },
	"character_hue_0x92":  { "File": "character_hue.bmp", "Rect": "63,512,41,40", "Center": "17,24" },
	"character_hue_0x93":  { "File": "character_hue.bmp", "Rect": "123,516,33,38", "Center": "17,24" },
	"character_hue_0x94":  { "File": "character_hue.bmp", "Rect": "179,508,33,48", "Center": "15,24" },
	"character_hue_0x95":  { "File": "character_hue.bmp", "Rect": "237,508,27,48", "Center": "12,24" },
	"character_hue_0x96":  { "File": "character_hue.bmp", "Rect": "292,516,32,32", "Center": "16,16" },
	"character_hue_0x97":  { "File": "character_hue.bmp", "Rect": "348,516,32,32", "Center": "16,16" },
	"character_hue_0x98":  { "File": "character_hue.bmp", "Rect": "404,516,32,32", "Center": "16,16" },
	"character_hue_0x99":  { "File": "character_hue.bmp", "Rect": "460,516,32,32", "Center": "16,16" },
	"character_hue_0x9a":  { "File": "character_hue.bmp", "Rect": "516,516,32,32", "Center": "16,16" },
	"character_hue_0x9b":  { "File": "character_hue.bmp", "Rect": "576,512,31,40", "Center": "8,20" },
	"character_hue_0x9c":  { "File": "character_hue.bmp", "Rect": "628,516,32,32", "Center": "9,12" },
	"character_hue_altcrouch_0x9b":  { "File": "crouch.bmp", "Rect": "1,2,31,40", "Center": "11,20" },
	"character_hue_altcrouch_0x9c":  { "File": "crouch.bmp", "Rect": "52,6,35,32", "Center": "13,12" },
	"character_hue_0x9d":  { "File": "character_hue.bmp", "Rect": "680,512,40,40", "Center": "19,21" },
	"character_hue_0x9e":  { "File": "character_hue.bmp", "Rect": "736,512,40,40", "Center": "18,21" },
	"character_hue_0x9f":  { "File": "character_hue.bmp", "Rect": "794,512,38,40", "Center": "17,21" },
	"character_hue_0xa0":  { "File": "character_hue.bmp", "Rect": "852,512,39,40", "Center": "15,21" },
	"character_hue_0xa1":  { "File": "character_hue.bmp", "Rect": "8,566,40,42", "Center": "24,22" },
	"character_hue_0xa2":  { "File": "character_hue.bmp", "Rect": "64,566,40,42", "Center": "24,22" },
	"character_hue_0xa3":  { "File": "character_hue.bmp", "Rect": "64,566,40,42", "Center": "24,22" },
	"character_hue_0xa4":  { "File": "character_hue.bmp", "Rect": "176,565,40,44", "Center": "19,22" },
	"character_hue_0xa5":  { "File": "character_hue.bmp", "Rect": "232,565,40,44", "Center": "19,22" },
	"character_hue_0xa6":  { "File": "character_hue.bmp", "Rect": "288,565,40,44", "Center": "19,22" },
	"character_hue_0xa7":  { "File": "character_hue.bmp", "Rect": "343,565,42,43", "Center": "21,22" },
	"character_hue_0xa8":  { "File": "character_hue.bmp", "Rect": "399,565,42,43", "Center": "21,22" },
	"character_hue_0xa9":  { "File": "character_hue.bmp", "Rect": "455,565,42,43", "Center": "21,22" },
	"character_hue_0xaa":  { "File": "character_hue.bmp", "Rect": "504,570,56,34", "Center": "26,18" },
	"character_hue_0xab":  { "File": "character_hue.bmp", "Rect": "560,570,56,34", "Center": "26,18" },
	"character_hue_0xac":  { "File": "character_hue.bmp", "Rect": "624,563,40,49", "Center": "20,27" },
	"character_hue_0xad":  { "File": "character_hue.bmp", "Rect": "684,568,32,40", "Center": "18,20" },
	"character_hue_0xae":  { "File": "character_hue.bmp", "Rect": "740,568,32,40", "Center": "18,20" },
	"character_hue_0xaf":  { "File": "character_hue.bmp", "Rect": "792,568,40,40", "Center": "26,20" },
	"character_hue_0xb0":  { "File": "character_hue.bmp", "Rect": "852,566,32,42", "Center": "19,22" },
	"character_hue_0xb1":  { "File": "character_hue.bmp", "Rect": "12,622,33,42", "Center": "18,22" },
	"character_hue_0xb2":  { "File": "character_hue.bmp", "Rect": "68,622,33,42", "Center": "18,22" },
	"character_hue_0xb3":  { "File": "character_hue.bmp", "Rect": "124,622,33,42", "Center": "18,22" },
	"character_hue_0xb4":  { "File": "character_hue.bmp", "Rect": "180,616,34,56", "Center": "15,26" },
	"character_hue_0xb5":  { "File": "character_hue.bmp", "Rect": "236,616,34,56", "Center": "15,26" },
	"character_hue_0xb6":  { "File": "character_hue.bmp", "Rect": "292,624,34,40", "Center": "19,20" },
	"character_hue_0xb7":  { "File": "character_hue.bmp", "Rect": "348,624,30,40", "Center": "15,20" },
	"character_hue_0xb8":  { "File": "character_hue.bmp", "Rect": "404,624,34,40", "Center": "19,20" },
	"character_hue_0xb9":  { "File": "character_hue.bmp", "Rect": "460,624,30,40", "Center": "15,20" },
	"character_hue_0xba":  { "File": "character_hue.bmp", "Rect": "516,622,32,42", "Center": "16,22" },
	"character_hue_0xbb":  { "File": "character_hue.bmp", "Rect": "572,624,32,40", "Center": "18,19" },
	"character_hue_0xbc":  { "File": "character_hue.bmp", "Rect": "628,624,32,40", "Center": "18,20" },
	"character_hue_0xbd":  { "File": "character_hue.bmp", "Rect": "684,624,32,40", "Center": "18,20" },
	"character_hue_0xbe":  { "File": "character_hue.bmp", "Rect": "740,624,32,40", "Center": "18,20" },
	"character_hue_0xbf":  { "File": "character_hue.bmp", "Rect": "796,624,32,40", "Center": "18,20" },
	"character_hue_0xc0":  { "File": "character_hue.bmp", "Rect": "852,624,32,40", "Center": "18,20" },
	"character_hue_0xc1":  { "File": "character_hue.bmp", "Rect": "12,680,32,40", "Center": "13,20" },
	"character_hue_0xc2":  { "File": "character_hue.bmp", "Rect": "68,680,32,40", "Center": "13,20" },
	"character_hue_0xc3":  { "File": "character_hue.bmp", "Rect": "124,680,32,40", "Center": "17,20" },
	"character_hue_0xc4":  { "File": "character_hue.bmp", "Rect": "176,680,40,40", "Center": "22,20" },
	"character_hue_0xc5":  { "File": "character_hue.bmp", "Rect": "236,680,32,40", "Center": "19,20" },
	"character_hue_0xc6":  { "File": "character_hue.bmp", "Rect": "292,680,32,40", "Center": "18,20" },
	"character_hue_0xc7":  { "File": "character_hue.bmp", "Rect": "348,680,32,40", "Center": "19,20" },
	"character_hue_0xc8":  { "File": "character_hue.bmp", "Rect": "396,687,48,27", "Center": "29,13" },
	"character_hue_0xc9":  { "File": "character_hue.bmp", "Rect": "456,687,40,27", "Center": "20,13" },
	"character_hue_0xca":  { "File": "character_hue.bmp", "Rect": "516,687,34,27", "Center": "17,13" },
	"character_hue_0xcb":  { "File": "character_hue.bmp", "Rect": "568,687,40,27", "Center": "21,13" },
	"character_hue_0xcc":  { "File": "character_hue.bmp", "Rect": "620,687,48,27", "Center": "18,13" },
	"character_hue_0xcd":  { "File": "character_hue.bmp", "Rect": "680,687,44,27", "Center": "22,13" },
	"character_hue_0xce":  { "File": "character_hue.bmp", "Rect": "740,687,34,27", "Center": "17,13" },
	"character_hue_0xcf":  { "File": "character_hue.bmp", "Rect": "788,687,44,27", "Center": "21,13" },
	"character_hue_0xd0":  { "File": "character_hue.bmp", "Rect": "848,684,40,32", "Center": "20,8" },
	"character_hue_0xd1":  { "File": "character_hue.bmp", "Rect": "8,740,40,32", "Center": "20,8" },
	"character_hue_0xd2":  { "File": "character_hue.bmp", "Rect": "70,740,27,32", "Center": "12,16" },
	"character_hue_0xd3":  { "File": "character_hue.bmp", "Rect": "124,732,32,48", "Center": "16,24" },
	"character_hue_0xd4":  { "File": "character_hue.bmp", "Rect": "180,732,32,48", "Center": "17,21" },
	"character_hue_0xd5":  { "File": "character_hue.bmp", "Rect": "236,732,32,48", "Center": "17,21" },
	"character_hue_0xd6":  { "File": "character_hue.bmp", "Rect": "292,732,32,48", "Center": "17,21" },
	"character_hue_0xd7":  { "File": "character_hue.bmp", "Rect": "344,740,40,32", "Center": "24,12" },
	"character_hue_0xd8":  { "File": "character_hue.bmp", "Rect": "400,740,40,32", "Center": "24,12" },
	"character_hue_0xd9":  { "File": "character_hue.bmp", "Rect": "456,736,40,40", "Center": "24,20" },
	"character_hue_0xda":  { "File": "character_hue.bmp", "Rect": "516,736,32,40", "Center": "16,20" },
	"character_hue_0xdb":  { "File": "character_hue.bmp", "Rect": "572,736,32,40", "Center": "16,20" },
	"character_hue_0xdc":  { "File": "character_hue.bmp", "Rect": "628,736,32,40", "Center": "16,20" },
	"character_hue_0xdd":  { "File": "character_hue.bmp", "Rect": "684,736,32,40", "Center": "16,20" },
	"character_hue_0xde":  { "File": "character_hue.bmp", "Rect": "740,736,32,40", "Center": "16,20" },
	"character_hue_0xdf":  { "File": "character_hue.bmp", "Rect": "796,736,32,40", "Center": "16,20" },
	"character_hue_0xe0":  { "File": "character_hue.bmp", "Rect": "853,740,34,32", "Center": "18,16" },
	"character_hue_0xe1":  { "File": "character_hue.bmp", "Rect": "14,786,30,54", "Center": "15,38" },
	"character_hue_0xe2":  { "File": "character_hue.bmp", "Rect": "66,792,35,36", "Center": "16,20" },
	"character_hue_0xe3":  { "File": "character_hue.bmp", "Rect": "121,791,36,41", "Center": "16,26" },
	"character_hue_0xe4":  { "File": "character_hue.bmp", "Rect": "180,788,32,49", "Center": "16,24" },
	"character_hue_0xe5":  { "File": "character_hue.bmp", "Rect": "235,788,33,49", "Center": "17,24" },
	"character_hue_0xe6":  { "File": "character_hue.bmp", "Rect": "292,788,32,49", "Center": "13,24" },
	"character_hue_0xe7":  { "File": "character_hue.bmp", "Rect": "352,788,24,49", "Center": "12,24" },
	"character_hue_0xe8":  { "File": "character_hue.bmp", "Rect": "404,788,32,49", "Center": "16,24" },
	"character_hue_0xe9":  { "File": "character_hue.bmp", "Rect": "460,788,33,49", "Center": "16,24" },
	"character_hue_0xea":  { "File": "character_hue.bmp", "Rect": "520,788,24,50", "Center": "12,25" },
	"character_hue_0xeb":  { "File": "character_hue.bmp", "Rect": "568,788,40,48", "Center": "20,24" },
	"character_hue_0xec":  { "File": "character_hue.bmp", "Rect": "620,792,48,40", "Center": "24,20" },
	"character_hue_0xed":  { "File": "character_hue.bmp", "Rect": "684,788,32,48", "Center": "16,24" },
	"character_hue_0xee":  { "File": "character_hue.bmp", "Rect": "732,792,48,40", "Center": "24,20" },
	"character_hue_0xef":  { "File": "character_hue.bmp", "Rect": "796,786,32,46", "Center": "18,26" },
	"character_hue_0xf0":  { "File": "character_hue.bmp", "Rect": "852,786,32,46", "Center": "18,26" },
	"character_hue_0xf1":  { "File": "character_hue.bmp", "Rect": "15,842,27,46", "Center": "16,26" },
	"character_hue_0xf2":  { "File": "character_hue.bmp", "Rect": "70,842,27,46", "Center": "13,26" },
	"character_hue_0xf3":  { "File": "character_hue.bmp", "Rect": "128,842,25,46", "Center": "10,26" },
	"character_hue_0xf4":  { "File": "character_hue.bmp", "Rect": "180,842,32,46", "Center": "13,26" },
	"character_hue_0xf5":  { "File": "character_hue.bmp", "Rect": "235,842,36,46", "Center": "13,26" },
	"character_hue_0xf6":  { "File": "character_hue.bmp", "Rect": "288,842,45,46", "Center": "13,26" },
	"character_hue_0xf7":  { "File": "character_hue.bmp", "Rect": "350,842,27,46", "Center": "11,26" },
	"character_hue_0xf8":  { "File": "character_hue.bmp", "Rect": "408,842,24,46", "Center": "12,26" },
	"character_hue_0xf9":  { "File": "character_hue.bmp", "Rect": "461,842,30,46", "Center": "18,26" },
	"character_hue_0xfa":  { "File": "character_hue.bmp", "Rect": "510,843,45,45", "Center": "31,26" },
	"hue_disappeared":  { "File": "character_hue.bmp", "Rect": "8,6,1,1", "Center": "0,0" }
}