{
	"character_hue_idle_0":  { "File": "hue_idle1.bmp", "Rect": "1,1,55,50", "Center": "28,30" },
	"character_hue_idle_1":  { "File": "hue_idle1.bmp", "Rect": "58,1,55,50", "Center": "28,30" },
	"character_hue_idle_2":  { "File": "hue_idle1.bmp", "Rect": "115,1,55,50", "Center": "28,30" },
	"character_hue_idle_3":  { "File": "hue_idle1.bmp", "Rect": "172,1,55,50", "Center": "28,30" },
	"character_hue_idle_4":  { "File": "hue_idle1.bmp", "Rect": "229,1,55,50", "Center": "28,30" },
	"character_hue_idle_5":  { "File": "hue_idle1.bmp", "Rect": "286,1,55,50", "Center": "28,30" },
	"character_hue_idle_6":  { "File": "hue_idle1.bmp", "Rect": "343,1,55,50", "Center": "28,30" },
	"character_hue_idle_7":  { "File": "hue_idle1.bmp", "Rect": "400,1,55,50", "Center": "28,30" },
	"character_hue_idle_8":  { "File": "hue_idle1.bmp", "Rect": "457,1,55,50", "Center": "28,30" },
	"character_hue_idle_9":  { "File": "hue_idle1.bmp", "Rect": "514,1,55,50", "Center": "28,30" },
	"character_hue_idle_bow_0":  { "File": "hue_idle2.bmp", "Rect": "1,1,31,43", "Center": "16,23" },
	"character_hue_idle_bow_1":  { "File": "hue_idle2.bmp", "Rect": "34,1,31,43", "Center": "16,23" },
	"character_hue_idle_bow_2":  { "File": "hue_idle2.bmp", "Rect": "67,1,31,43", "Center": "16,23" },
	"character_hue_idle_bow_3":  { "File": "hue_idle2.bmp", "Rect": "100,1,31,43", "Center": "16,23" },
	"character_hue_idle_bow_4":  { "File": "hue_idle2.bmp", "Rect": "1,46,31,43", "Center": "16,23" },
	"character_hue_idle_bow_5":  { "File": "hue_idle2.bmp", "Rect": "34,46,31,43", "Center": "16,23" },
	"character_hue_idle_bow_6":  { "File": "hue_idle2.bmp", "Rect": "67,46,31,43", "Center": "16,23" },
	"character_hue_idle_bow_7":  { "File": "hue_idle2.bmp", "Rect": "100,46,31,43", "Center": "16,23" },
	"character_hue_idle_bow_8":  { "File": "hue_idle2.bmp", "Rect": "1,91,31,43", "Center": "16,23" },
	"character_hue_idle_bow_9":  { "File": "hue_idle2.bmp", "Rect": "34,91,31,43", "Center": "16,23" },
	"character_hue_idle_bow_10":  { "File": "hue_idle2.bmp", "Rect": "67,91,31,43", "Center": "16,23" },
	"character_hue_idle_bow_11":  { "File": "hue_idle2.bmp", "Rect": "100,91,31,43", "Center": "16,23" },
	"character_hue_idle_bow_12":  { "File": "hue_idle2.bmp", "Rect": "1,136,31,43", "Center": "16,23" },
	"character_hue_idle_bow_13":  { "File": "hue_idle2.bmp", "Rect": "34,136,31,43", "Center": "16,23" },
	"endlogo_hue_idle_1":  { "File": "hue_idle1.bmp", "Rect": "58,1,55,50", "Center": "28,48" },
	"endlogo_hue_idle_2":  { "File": "hue_idle1.bmp", "Rect": "115,1,55,50", "Center": "28,48" },
	"endlogo_hue_idle_3":  { "File": "hue_idle1.bmp", "Rect": "172,1,55,50", "Center": "28,48" },
	"endlogo_hue_idle_4":  { "File": "hue_idle1.bmp", "Rect": "457,1,55,50", "Center": "28,48" }
}