{
	"character_hue_dropdash_charge_0":  { "File": "character_hue_dropdash.bmp", "Rect": "3,2,30,48", "Center": "16,22" },
	"character_hue_dropdash_charge_1":  { "File": "character_hue_dropdash.bmp", "Rect": "36,2,34,44", "Center": "20,22" },
	"character_hue_dropdash_charge_2":  { "File": "character_hue_dropdash.bmp", "Rect": "72,2,34,49", "Center": "20,26" },
	"character_hue_dropdash_charge_3":  { "File": "character_hue_dropdash.bmp", "Rect": "119,2,35,41", "Center": "19,21" },
	"character_hue_dropdash_charge_4":  { "File": "character_hue_dropdash.bmp", "Rect": "156,2,38,33", "Center": "23,18" },
	"character_hue_dropdash_spin_0":  { "File": "character_hue_dropdash.bmp", "Rect": "1,88,50,50", "Center": "25,25" },
	"character_hue_dropdash_spin_1":  { "File": "character_hue_dropdash.bmp", "Rect": "52,88,50,50", "Center": "25,25" },
	"character_hue_dropdash_spin_2":  { "File": "character_hue_dropdash.bmp", "Rect": "103,88,50,50", "Center": "25,25" },
	"character_hue_dropdash_spin_3":  { "File": "character_hue_dropdash.bmp", "Rect": "154,88,50,50", "Center": "25,25" },
	"character_hue_dropdash_charge_nofire_0":  { "File": "character_hue_dropdash.bmp", "Rect": "3,2,30,43", "Center": "19,22" },
	"character_hue_dropdash_charge_nofire_1":  { "File": "character_hue_dropdash.bmp", "Rect": "36,2,34,44", "Center": "20,22" },
	"character_hue_dropdash_charge_nofire_2":  { "File": "character_hue_dropdash.bmp", "Rect": "72,2,34,49", "Center": "20,27" },
	"character_hue_dropdash_charge_nofire_3":  { "File": "character_hue_dropdash.bmp", "Rect": "125,45,29,40", "Center": "13,21" },
	"character_hue_dropdash_charge_nofire_4":  { "File": "character_hue_dropdash.bmp", "Rect": "156,37,38,33", "Center": "23,18" },
	"character_hue_dropdash_spin_nofire_0":  { "File": "character_hue_dropdash.bmp", "Rect": "1,141,50,50", "Center": "25,25" },
	"character_hue_dropdash_spin_nofire_1":  { "File": "character_hue_dropdash.bmp", "Rect": "52,141,50,50", "Center": "25,25" },
	"character_hue_dropdash_spin_nofire_2":  { "File": "character_hue_dropdash.bmp", "Rect": "103,141,50,50", "Center": "25,25" },
	"character_hue_dropdash_spin_nofire_3":  { "File": "character_hue_dropdash.bmp", "Rect": "154,141,50,50", "Center": "25,25" }
}