{
	"character_hue_charge_peelout_0":  { "File": "character_hue_peeloutCharge.bmp", "Rect": "1,1,41,35", "Center": "20,15" },
	"character_hue_charge_peelout_1":  { "File": "character_hue_peeloutCharge.bmp", "Rect": "44,1,41,35", "Center": "20,15" },
	"character_hue_charge_peelout_2":  { "File": "character_hue_peeloutCharge.bmp", "Rect": "1,1,41,35", "Center": "20,15" },
	"character_hue_charge_peelout_3":  { "File": "character_hue_peeloutCharge.bmp", "Rect": "44,1,41,35", "Center": "20,15" },
	"character_hue_charge_peelout_cd_0":  { "File": "character_hue_peeloutCharge.bmp", "Rect": "1,38,28,38", "Center": "15,18" },
	"character_hue_charge_peelout_cd_1":  { "File": "character_hue_peeloutCharge.bmp", "Rect": "31,38,28,38", "Center": "15,18" },
	"character_hue_charge_peelout_cd_2":  { "File": "character_hue_peeloutCharge.bmp", "Rect": "1,38,28,38", "Center": "15,18" },
	"character_hue_charge_peelout_cd_3":  { "File": "character_hue_peeloutCharge.bmp", "Rect": "31,38,28,38", "Center": "15,18" },
	"character_hue_nofire_peelout_0":  { "File": "hue_fastrun.bmp", "Rect": "1,1,74,44", "Center": "53,24" },
	"character_hue_nofire_peelout_1":  { "File": "hue_fastrun.bmp", "Rect": "77,1,74,44", "Center": "53,24" },
	"character_hue_nofire_peelout_2":  { "File": "hue_fastrun.bmp", "Rect": "1,1,74,44", "Center": "53,24" },
	"character_hue_nofire_peelout_3":  { "File": "hue_fastrun.bmp", "Rect": "77,1,74,44", "Center": "53,24" },
	"character_hue_water_peelout_0":  { "File": "hue_fastrun_water.bmp", "Rect": "1,1,74,44", "Center": "53,24" },
	"character_hue_water_peelout_1":  { "File": "hue_fastrun_water.bmp", "Rect": "77,1,74,44", "Center": "53,24" },
	"character_hue_water_peelout_2":  { "File": "hue_fastrun_water.bmp", "Rect": "153,1,74,44", "Center": "53,24" },
	"character_hue_water_peelout_3":  { "File": "hue_fastrun_water.bmp", "Rect": "229,1,74,44", "Center": "53,24" },
	"character_hue_peelout_0":  { "File": "hue_fastrun_fire.bmp", "Rect": "1,1,74,44", "Center": "53,24" },
	"character_hue_peelout_1":  { "File": "hue_fastrun_fire.bmp", "Rect": "77,1,74,44", "Center": "53,24" },
	"character_hue_peelout_2":  { "File": "hue_fastrun_fire.bmp", "Rect": "153,1,74,44", "Center": "53,24" },
	"character_hue_peelout_3":  { "File": "hue_fastrun_fire.bmp", "Rect": "229,1,74,44", "Center": "53,24" },
	"character_hue_super_peelout_0":  { "File": "hue_fastrun_fire_super.bmp", "Rect": "1,1,74,44", "Center": "53,24" },
	"character_hue_super_peelout_1":  { "File": "hue_fastrun_fire_super.bmp", "Rect": "77,1,74,44", "Center": "53,24" },
	"character_hue_super_peelout_2":  { "File": "hue_fastrun_fire_super.bmp", "Rect": "153,1,74,44", "Center": "53,24" },
	"character_hue_super_peelout_3":  { "File": "hue_fastrun_fire_super.bmp", "Rect": "229,1,74,44", "Center": "53,24" }
}