{
	"character_hue_springtwirl_0":  { "File": "character_hue_springtwirl.bmp", "Rect": "1,1,39,48", "Center": "19,23" },
	"character_hue_springtwirl_1":  { "File": "character_hue_springtwirl.bmp", "Rect": "42,1,39,48", "Center": "19,23" },
	"character_hue_springtwirl_2":  { "File": "character_hue_springtwirl.bmp", "Rect": "83,1,39,48", "Center": "19,23" },
	"character_hue_springtwirl_3":  { "File": "character_hue_springtwirl.bmp", "Rect": "124,1,39,48", "Center": "19,23" },
	"character_hue_springtwirl_4":  { "File": "character_hue_springtwirl.bmp", "Rect": "1,51,39,48", "Center": "20,23" },
	"character_hue_springtwirl_5":  { "File": "character_hue_springtwirl.bmp", "Rect": "42,51,39,48", "Center": "20,23" },
	"character_hue_springtwirl_6":  { "File": "character_hue_springtwirl.bmp", "Rect": "83,51,39,48", "Center": "20,23" },
	"character_hue_springtwirl_7":  { "File": "character_hue_springtwirl.bmp", "Rect": "124,51,39,48", "Center": "19,23" }
}