{
	"character_hue_boost_charge":  { "File": "hue_spherethrow.bmp", "Rect": "2,3,30,47", "Center": "16,26" },
	"character_hue_voverdrive_0":  { "File": "hue_v_overdrive.bmp", "Rect": "1,1,57,46", "Center": "30,26" },
	"character_hue_voverdrive_1":  { "File": "hue_v_overdrive.bmp", "Rect": "60,1,57,46", "Center": "30,26" },
	"character_hue_voverdrive_2":  { "File": "hue_v_overdrive.bmp", "Rect": "119,1,57,46", "Center": "30,26" },
	"character_hue_voverdrive_3":  { "File": "hue_v_overdrive.bmp", "Rect": "178,1,57,46", "Center": "30,26" }
}