{
	"character_hue_cling_chaotixconcept":  { "File": "character_hue_wallcling.bmp", "Rect": "6,3,32,42", "Center": "20,22" },
	"character_hue_cling_mighty":  { "File": "character_hue_wallcling.bmp", "Rect": "46,50,33,40", "Center": "21,21" },
	"character_hue_cling_knuckles":  { "File": "character_hue_wallcling.bmp", "Rect": "5,49,37,41", "Center": "25,22" },
	"character_hue_cling_maniaknuckles":  { "File": "character_hue_wallcling.bmp", "Rect": "42,3,35,43", "Center": "23,23" },
	"hue_wallspindash_0":  { "File": "hue_wallspindash.bmp", "Rect": "0,280,32,32", "Center": "17,20" },
	"hue_wallspindash_1":  { "File": "hue_wallspindash.bmp", "Rect": "0,224,32,32", "Center": "17,20" },
	"hue_wallspindash_2":  { "File": "hue_wallspindash.bmp", "Rect": "0,280,32,32", "Center": "17,20" },
	"hue_wallspindash_3":  { "File": "hue_wallspindash.bmp", "Rect": "0,168,32,32", "Center": "17,20" },
	"hue_wallspindash_4":  { "File": "hue_wallspindash.bmp", "Rect": "0,280,32,32", "Center": "17,20" },
	"hue_wallspindash_5":  { "File": "hue_wallspindash.bmp", "Rect": "0,112,32,32", "Center": "17,20" },
	"hue_wallspindash_6":  { "File": "hue_wallspindash.bmp", "Rect": "0,280,32,32", "Center": "17,20" },
	"hue_wallspindash_7":  { "File": "hue_wallspindash.bmp", "Rect": "0,56,32,32", "Center": "17,20" },
	"hue_wallspindash_8":  { "File": "hue_wallspindash.bmp", "Rect": "0,280,32,32", "Center": "17,20" },
	"hue_wallspindash_9":  { "File": "hue_wallspindash.bmp", "Rect": "0,0,32,32", "Center": "17,20" }
}