{
	"mt_staminabar_0":  { "File": "staminabar.png", "Rect": "0,0,157,22", "Center": "0,0" },
	"mt_staminabar_1":  { "File": "staminabar.png", "Rect": "0,26,157,22", "Center": "0,0" },
	"mt_staminabar_2":  { "File": "staminabar.png", "Rect": "0,54,157,22", "Center": "0,0" },
	"mt_staminabar_3":  { "File": "staminabar.png", "Rect": "0,82,157,22", "Center": "0,0" },
	"mt_staminabar_4":  { "File": "staminabar.png", "Rect": "0,111,157,22", "Center": "0,0" },
	"mt_staminabar_5":  { "File": "staminabar.png", "Rect": "0,140,157,22", "Center": "0,0" },
	"mt_staminabar_6":  { "File": "staminabar.png", "Rect": "0,166,157,22", "Center": "0,0" },
}