{
	"Boost":  { "File": "Boost.png", "Rect": "0,0,45,21", "Center": "15,12" },
	"Meter_00":  { "File": "AntonMeter.png", "Rect": "0,0,18,54", "Center": "9,27" },
	"Meter_01":  { "File": "AntonMeter.png", "Rect": "18,0,18,54", "Center": "9,27" },
	"Meter_02":  { "File": "AntonMeter.png", "Rect": "36,0,18,54", "Center": "9,27" },
	"Meter_03":  { "File": "AntonMeter.png", "Rect": "54,0,18,54", "Center": "9,27" },
	"Meter_04":  { "File": "AntonMeter.png", "Rect": "72,0,18,54", "Center": "9,27" },
	"Meter_05":  { "File": "AntonMeter.png", "Rect": "90,0,18,54", "Center": "9,27" },
	"Meter_06":  { "File": "AntonMeter.png", "Rect": "108,0,18,54", "Center": "9,27" },
	"Meter_07":  { "File": "AntonMeter.png", "Rect": "126,0,18,54", "Center": "9,27" },
	"Meter_08":  { "File": "AntonMeter.png", "Rect": "144,0,18,54", "Center": "9,27" },
	"Meter_09":  { "File": "AntonMeter.png", "Rect": "162,0,18,54", "Center": "9,27" },
	"Meter_0a":  { "File": "AntonMeter.png", "Rect": "180,0,18,54", "Center": "9,27" },
	"Meter_0b":  { "File": "AntonMeter.png", "Rect": "198,0,18,54", "Center": "9,27" },
	"Meter_0c":  { "File": "AntonMeter.png", "Rect": "216,0,18,54", "Center": "9,27" },
	"Meter_0d":  { "File": "AntonMeter.png", "Rect": "234,0,18,54", "Center": "9,27" },
	"Meter_0e":  { "File": "AntonMeter.png", "Rect": "252,0,18,54", "Center": "9,27" },
	"Meter_0f":  { "File": "AntonMeter.png", "Rect": "270,0,18,54", "Center": "9,27" },
	"Meter_10":  { "File": "AntonMeter.png", "Rect": "288,0,18,54", "Center": "9,27" },
	"Meter_11":  { "File": "AntonMeter.png", "Rect": "306,0,18,54", "Center": "9,27" },
	"Meter_12":  { "File": "AntonMeter.png", "Rect": "324,0,18,54", "Center": "9,27" },
	"Meter_13":  { "File": "AntonMeter.png", "Rect": "342,0,18,54", "Center": "9,27" },
	"Meter_14":  { "File": "AntonMeter.png", "Rect": "360,0,18,54", "Center": "9,27" },
	"Meter_15":  { "File": "AntonMeter.png", "Rect": "378,0,18,54", "Center": "9,27" },
	"Meter_16":  { "File": "AntonMeter.png", "Rect": "396,0,18,54", "Center": "9,27" },
	"Meter_17":  { "File": "AntonMeter.png", "Rect": "414,0,18,54", "Center": "9,27" },
	"Meter_18":  { "File": "AntonMeter.png", "Rect": "432,0,18,54", "Center": "9,27" },
	"Meter_19":  { "File": "AntonMeter.png", "Rect": "450,0,18,54", "Center": "9,27" },
	"Meter_1a":  { "File": "AntonMeter.png", "Rect": "468,0,18,54", "Center": "9,27" },
	"Meter_1b":  { "File": "AntonMeter.png", "Rect": "486,0,18,54", "Center": "9,27" },
	"Meter_1c":  { "File": "AntonMeter.png", "Rect": "504,0,18,54", "Center": "9,27" },
	"Meter_1d":  { "File": "AntonMeter.png", "Rect": "522,0,18,54", "Center": "9,27" },
	"Meter_1e":  { "File": "AntonMeter.png", "Rect": "540,0,18,54", "Center": "9,27" },
	"Meter_1f":  { "File": "AntonMeter.png", "Rect": "558,0,18,54", "Center": "9,27" },
	"Meter_20":  { "File": "AntonMeter.png", "Rect": "576,0,18,54", "Center": "9,27" },
	"Meter_21":  { "File": "AntonMeter.png", "Rect": "594,0,18,54", "Center": "9,27" },
	"Meter_22":  { "File": "AntonMeter.png", "Rect": "612,0,18,54", "Center": "9,27" },
	"Meter_23":  { "File": "AntonMeter.png", "Rect": "630,0,18,54", "Center": "9,27" },
	"Meter_24":  { "File": "AntonMeter.png", "Rect": "648,0,18,54", "Center": "9,27" },
	"Meter_25":  { "File": "AntonMeter.png", "Rect": "666,0,18,54", "Center": "9,27" },
	"Meter_26":  { "File": "AntonMeter.png", "Rect": "684,0,18,54", "Center": "9,27" },
	"Meter_27":  { "File": "AntonMeter.png", "Rect": "702,0,18,54", "Center": "9,27" },
	"Meter_28":  { "File": "AntonMeter.png", "Rect": "720,0,18,54", "Center": "9,27" },
	"Meter_29":  { "File": "AntonMeter.png", "Rect": "738,0,18,54", "Center": "9,27" },
	"Meter_2a":  { "File": "AntonMeter.png", "Rect": "756,0,18,54", "Center": "9,27" },
	"Meter_2b":  { "File": "AntonMeter.png", "Rect": "774,0,18,54", "Center": "9,27" },
	"Meter_2c":  { "File": "AntonMeter.png", "Rect": "774,0,18,54", "Center": "9,27" }
}