{
	"dataSel_char4":  { "File": "dataSel_Amyplusa.png", "Rect": "0,0,45,45", "Center": "12,43" },
	"dataSel_char5":  { "File": "dataSel_Amyplusa.png", "Rect": "0,0,45,45", "Center": "12,43" },
	"dataSel_S3":  { "File": "dataSel_AmyplusS3.png", "Rect": "0,0,45,45", "Center": "12,40" },
	"dataSel_Ca22":  { "File": "dataSel_Ca22.png", "Rect": "0,0,45,45", "Center": "12,40" },
	"dataSel_lifeContinue_char4":  { "File": "dataselectlife.png", "Rect": "0,4,26,45", "Center": "2,0" },
	"dataSel_lifeContinue_char4S3":  { "File": "dataselectlifeS3.png", "Rect": "0,4,26,45", "Center": "2,0" },
	"dataSel_lifeContinue_char4Ca22":  { "File": "dataselectlifeCa22.png", "Rect": "0,4,26,45", "Center": "2,0" },

	"ActSel_char4":  { "File": "dataSel_Amyplusa.png", "Rect": "0,0,45,45", "Center": "12,23" },
	"ActSel_S3":  { "File": "dataSel_AmyplusS3.png", "Rect": "0,0,45,45", "Center": "12,20" },
	"ActSel_Ca22":  { "File": "dataSel_Ca22.png", "Rect": "0,0,45,45", "Center": "12,20" },
}