{
	"ESS_Char_Es6":  { "File": "dataSel_Amyplus.png", "Rect": "0,0,40,43", "Center": "12,43" },
	"ESS_Life_Es6":  { "File": "icons.png", "Rect": "0,0,16,16", "Center": "8,16" },
	"ESS_Cont_Es6":  { "File": "icons.png", "Rect": "0,16,20,24", "Center": "10,24" },
	"ESS_Char_Es6S3":  { "File": "dataSel_AmyplusS3.png", "Rect": "0,0,40,43", "Center": "12,43" },
	"ESS_Life_Es6S3":  { "File": "iconsS3.png", "Rect": "0,0,16,16", "Center": "8,16" },
	"ESS_Cont_Es6S3":  { "File": "iconsS3.png", "Rect": "0,16,20,24", "Center": "10,24" },
	"ESS_Char_Es6Ca22":  { "File": "dataSel_Ca22.png", "Rect": "0,0,40,43", "Center": "12,43" },
	"ESS_Life_Es6Ca22":  { "File": "iconsCa22.png", "Rect": "0,0,16,16", "Center": "8,16" },
	"ESS_Cont_Es6Ca22":  { "File": "iconsCa22.png", "Rect": "0,16,20,24", "Center": "10,24" },

	"ESS_Zone_Char4_0":  { "File": "save_amy.png", "Rect": "0,0,80,56", "Center": "40,28" },
	"ESS_Zone_Char4_1":  { "File": "save_amy.png", "Rect": "80,0,80,56", "Center": "40,28" },
	"ESS_Zone_Char4_2":  { "File": "save_amy.png", "Rect": "160,56,80,56", "Center": "40,28" },

	//Achievements plus thing
	"menu_thumb_detailPanel_es": { "File": "AchievementsPlus.png", "Rect": "0,0,60,60", "Center": "4,8" },
}