{
	"monitor_icon_char4":  { "File": "monitor_icon.bmp", "Center": "8,8" },
	"monitor_icon_char4S3":  { "File": "monitor_icon_S3.bmp", "Center": "8,8" },
	"monitor_icon_char4Ca22":  { "File": "monitor_icon_Ca22.bmp", "Center": "8,8" },
	"s3c_char4":  { "File": "dataselectlife.png", "Rect": "4,4,16,16", "Center": "0,0" },
	"s3c_char4S3":  { "File": "dataselectlifeS3.png", "Rect": "2,4,16,16", "Center": "0,0" },
	"s3c_char4Ca22":  { "File": "dataselectlifeCa22.png", "Rect": "2,4,16,16", "Center": "0,0" }
}