{
	"Swap_0x00":  { "File": "Swap.png", "Rect": "0,0,16,16", "Center": "8,8" },
	"Swap_0x01":  { "File": "Swap.png", "Rect": "0,16,16,16", "Center": "8,8" },
	"Swap_0x02":  { "File": "Swap.png", "Rect": "0,32,16,16", "Center": "8,8" },
	"Swap_0x03":  { "File": "Swap.png", "Rect": "0,48,16,16", "Center": "8,8" },
	"Swap_0x04":  { "File": "Swap.png", "Rect": "0,0,16,16", "Center": "8,8" },
	"Swap_0x05":  { "File": "Swap.png", "Rect": "0,16,16,16", "Center": "8,8" },
	"Swap_0x06":  { "File": "Swap.png", "Rect": "0,32,16,16", "Center": "8,8" },
	"Swap_0x07":  { "File": "Swap.png", "Rect": "0,48,16,16", "Center": "8,8" },
	"Swap_0x08":  { "File": "Swap.png", "Rect": "0,64,16,16", "Center": "8,8" },
	"Swap_0x09":  { "File": "Swap.png", "Rect": "0,80,16,16", "Center": "8,8" },
	"MoveName_0x00":  { "File": "MoveSetNames.png", "Rect": "0,11,80,11", "Center": "80,0" },
	"MoveName_0x01":  { "File": "MoveSetNames.png", "Rect": "0,0,80,11", "Center": "80,0" },
	"MoveName_0x02":  { "File": "MoveSetNames.png", "Rect": "0,33,80,11", "Center": "80,0" },
	"MoveName_0x03":  { "File": "MoveSetNames.png", "Rect": "0,22,80,11", "Center": "80,0" },
	"MoveName_0x04":  { "File": "MoveSetNames.png", "Rect": "0,44,80,11", "Center": "80,0" },
	"MoveName_0x05":  { "File": "MoveSetNames.png", "Rect": "0,55,80,11", "Center": "80,0" },
	"MoveName_0x06":  { "File": "MoveSetNames.png", "Rect": "0,66,80,11", "Center": "80,0" },
	"MoveName_0x07":  { "File": "MoveSetNames.png", "Rect": "0,77,80,11", "Center": "80,0" },
	"MoveName_0x08":  { "File": "MoveSetNames.png", "Rect": "0,88,80,11", "Center": "80,0" },
	"P5MoveName_0x00":  { "File": "P5MoveSetNames.png", "Rect": "0,34,142,34", "Center": "0,0" },
	"P5MoveName_0x01":  { "File": "P5MoveSetNames.png", "Rect": "0,0,142,34", "Center": "0,0" },
	"P5MoveName_0x02":  { "File": "P5MoveSetNames.png", "Rect": "0,102,142,34", "Center": "0,0" },
	"P5MoveName_0x03":  { "File": "P5MoveSetNames.png", "Rect": "0,68,142,34", "Center": "0,0" },
	"P5MoveName_0x04":  { "File": "P5MoveSetNames.png", "Rect": "0,136,142,34", "Center": "0,0" },
	"P5MoveName_0x05":  { "File": "P5MoveSetNames.png", "Rect": "0,170,142,34", "Center": "0,0" },
	"P5MoveName_0x06":  { "File": "P5MoveSetNames.png", "Rect": "0,204,142,34", "Center": "0,0" },
	"P5MoveName_0x07":  { "File": "P5MoveSetNames.png", "Rect": "0,238,142,34", "Center": "0,0" },
	"P5MoveName_0x08":  { "File": "P5MoveSetNames.png", "Rect": "0,272,142,34", "Center": "0,0" }
}