{
	"eggrobo_metal_aiz2":  { "File": "eggrobo_newsprites.bmp", "Rect": "0,16,64,56", "Center": "32,28" },
	"eggrobo_metal_lrz2_background":  { "File": "eggrobo_newsprites.bmp", "Rect": "65,16,22,10", "Center": "11,6" },
	"eggrobo_metal_lrz2_0x00":  { "File": "eggrobo_newsprites.bmp", "Rect": "0,0,16,15", "Center": "7,7" },
	"eggrobo_metal_lrz2_0x01":  { "File": "eggrobo_newsprites.bmp", "Rect": "17,0,16,15", "Center": "7,7" },
	"eggrobo_metal_lrz2_0x02":  { "File": "eggrobo_newsprites.bmp", "Rect": "34,0,18,15", "Center": "9,7" },
	"eggrobo_metal_lrz2_0x03":  { "File": "eggrobo_newsprites.bmp", "Rect": "53,0,18,15", "Center": "9,7" },
	"monitor_eggrobo_metal":  { "File": "eggrobo_newsprites.bmp", "Rect": "65,36,16,16", "Center": "8,8" },
	"eggrobo_metal_run_0x00":  { "File": "eggrobo_newsprites.bmp", "Rect": "96,16,54,56", "Center": "27,24" },
	"eggrobo_metal_run_0x01":  { "File": "eggrobo_newsprites.bmp", "Rect": "158,16,32,56", "Center": "13,24" },
	"eggrobo_metal_run_0x02":  { "File": "eggrobo_newsprites.bmp", "Rect": "201,16,37,56", "Center": "18,24" }
}