{
	"character_slot36_0x01":  { "File": "character_slot36.bmp", "Rect": "0,3,51,41", "Center": "33,26" },
	"character_slot36_0x02":  { "File": "character_slot36.bmp", "Rect": "53,3,53,41", "Center": "34,25" },
	"character_slot36_0x03":  { "File": "character_slot36.bmp", "Rect": "109,4,47,40", "Center": "35,24" },
	"character_slot36_0x04":  { "File": "character_slot36.bmp", "Rect": "157,2,47,42", "Center": "34,26" },
	"character_slot36_0x05":  { "File": "character_slot36.bmp", "Rect": "206,2,51,42", "Center": "33,27" },
	"character_slot36_0x06":  { "File": "character_slot36.bmp", "Rect": "257,2,50,42", "Center": "34,26" },
	"character_slot36_0x07":  { "File": "character_slot36.bmp", "Rect": "309,3,46,41", "Center": "34,25" },
	"character_slot36_0x08":  { "File": "character_slot36.bmp", "Rect": "357,1,48,43", "Center": "35,27" },
	"character_slot36_0x09":  { "File": "character_slot36.bmp", "Rect": "408,4,32,40", "Center": "16,18" },
	"character_slot36_0x0a":  { "File": "character_slot36.bmp", "Rect": "445,4,40,40", "Center": "15,16" },
	"character_slot36_0x0b":  { "File": "character_slot36.bmp", "Rect": "488,0,32,48", "Center": "16,22" },
	"character_slot36_0x0c":  { "File": "character_slot36.bmp", "Rect": "532,4,40,40", "Center": "18,17" },
	"character_slot36_0x0d":  { "File": "character_slot36.bmp", "Rect": "584,4,32,40", "Center": "14,19" },
	"character_slot36_0x0e":  { "File": "character_slot36.bmp", "Rect": "628,4,40,40", "Center": "17,14" },
	"character_slot36_0x0f":  { "File": "character_slot36.bmp", "Rect": "680,4,32,40", "Center": "17,16" },
	"character_slot36_0x10":  { "File": "character_slot36.bmp", "Rect": "724,4,40,40", "Center": "20,20" },
	"character_slot36_0x11":  { "File": "character_slot36.bmp", "Rect": "8,48,32,48", "Center": "16,18" },
	"character_slot36_0x12":  { "File": "character_slot36.bmp", "Rect": "56,51,32,42", "Center": "16,14" },
	"character_slot36_0x13":  { "File": "character_slot36.bmp", "Rect": "104,51,32,42", "Center": "16,14" },
	"character_slot36_0x14":  { "File": "character_slot36.bmp", "Rect": "152,51,32,42", "Center": "16,12" },
	"character_slot36_0x15":  { "File": "character_slot36.bmp", "Rect": "200,48,32,47", "Center": "16,19" },
	"character_slot36_0x16":  { "File": "character_slot36.bmp", "Rect": "248,51,32,42", "Center": "16,12" },
	"character_slot36_0x17":  { "File": "character_slot36.bmp", "Rect": "296,50,32,43", "Center": "16,15" },
	"character_slot36_0x18":  { "File": "character_slot36.bmp", "Rect": "344,53,32,38", "Center": "16,12" },
	"character_slot36_0x19":  { "File": "character_slot36.bmp", "Rect": "388,56,40,32", "Center": "19,17" },
	"character_slot36_0x1a":  { "File": "character_slot36.bmp", "Rect": "436,52,40,40", "Center": "16,24" },
	"character_slot36_0x1b":  { "File": "character_slot36.bmp", "Rect": "480,56,48,32", "Center": "23,16" },
	"character_slot36_0x1c":  { "File": "character_slot36.bmp", "Rect": "532,52,40,40", "Center": "18,22" },
	"character_slot36_0x1d":  { "File": "character_slot36.bmp", "Rect": "580,56,40,32", "Center": "17,17" },
	"character_slot36_0x1e":  { "File": "character_slot36.bmp", "Rect": "628,52,40,40", "Center": "16,23" },
	"character_slot36_0x1f":  { "File": "character_slot36.bmp", "Rect": "676,56,40,32", "Center": "16,15" },
	"character_slot36_0x20":  { "File": "character_slot36.bmp", "Rect": "724,52,40,40", "Center": "20,20" },
	"character_slot36_0x21":  { "File": "character_slot36.bmp", "Rect": "0,102,50,44", "Center": "27,23" },
	"character_slot36_0x22":  { "File": "character_slot36.bmp", "Rect": "50,102,50,44", "Center": "27,23" },
	"character_slot36_0x23":  { "File": "character_slot36.bmp", "Rect": "100,102,50,44", "Center": "27,23" },
	"character_slot36_0x24":  { "File": "character_slot36.bmp", "Rect": "150,102,50,44", "Center": "27,23" },
	"character_slot36_0x25":  { "File": "character_slot36.bmp", "Rect": "200,96,32,48", "Center": "24,20" },
	"character_slot36_0x26":  { "File": "character_slot36.bmp", "Rect": "246,100,36,40", "Center": "28,19" },
	"character_slot36_0x27":  { "File": "character_slot36.bmp", "Rect": "300,100,24,40", "Center": "16,20" },
	"character_slot36_0x28":  { "File": "character_slot36.bmp", "Rect": "347,98,25,43", "Center": "17,19" },
	"character_slot36_0x29":  { "File": "character_slot36.bmp", "Rect": "392,101,32,38", "Center": "16,16" },
	"character_slot36_0x2a":  { "File": "character_slot36.bmp", "Rect": "440,101,32,38", "Center": "16,16" },
	"character_slot36_0x2b":  { "File": "character_slot36.bmp", "Rect": "488,101,32,38", "Center": "16,16" },
	"character_slot36_0x2c":  { "File": "character_slot36.bmp", "Rect": "536,101,32,38", "Center": "16,16" },
	"character_slot36_0x2d":  { "File": "character_slot36.bmp", "Rect": "578,106,43,28", "Center": "20,8" },
	"character_slot36_0x2e":  { "File": "character_slot36.bmp", "Rect": "628,105,40,30", "Center": "21,8" },
	"character_slot36_0x2f":  { "File": "character_slot36.bmp", "Rect": "676,108,40,24", "Center": "20,8" },
	"character_slot36_0x30":  { "File": "character_slot36.bmp", "Rect": "724,108,40,24", "Center": "21,8" },
	"character_slot36_0x31":  { "File": "character_slot36.bmp", "Rect": "1,148,44,41", "Center": "30,24" },
	"character_slot36_0x32":  { "File": "character_slot36.bmp", "Rect": "50,148,43,40", "Center": "27,24" },
	"character_slot36_0x33":  { "File": "character_slot36.bmp", "Rect": "102,147,43,43", "Center": "30,19" },
	"character_slot36_0x34":  { "File": "character_slot36.bmp", "Rect": "148,147,44,43", "Center": "31,16" },
	"character_slot36_0x35":  { "File": "character_slot36.bmp", "Rect": "195,150,45,38", "Center": "28,17" },
	"character_slot36_0x36":  { "File": "character_slot36.bmp", "Rect": "245,149,43,40", "Center": "29,18" },
	"character_slot36_0x37":  { "File": "character_slot36.bmp", "Rect": "290,150,45,39", "Center": "29,14" },
	"character_slot36_0x38":  { "File": "character_slot36.bmp", "Rect": "337,149,46,40", "Center": "28,16" },
	"character_slot36_0x39":  { "File": "character_slot36.bmp", "Rect": "386,147,37,47", "Center": "20,23" },
	"character_slot36_0x3a":  { "File": "character_slot36.bmp", "Rect": "433,147,41,47", "Center": "22,26" },
	"character_slot36_0x3b":  { "File": "character_slot36.bmp", "Rect": "481,147,43,47", "Center": "24,28" },
	"character_slot36_0x3c":  { "File": "character_slot36.bmp", "Rect": "528,152,49,42", "Center": "29,25" },
	"character_slot36_0x3d":  { "File": "character_slot36.bmp", "Rect": "588,143,29,41", "Center": "19,19" },
	"character_slot36_0x3e":  { "File": "character_slot36.bmp", "Rect": "633,152,31,32", "Center": "20,16" },
	"character_slot36_0x3f":  { "File": "character_slot36.bmp", "Rect": "680,155,30,28", "Center": "18,12" },
	"character_slot36_0x40":  { "File": "character_slot36.bmp", "Rect": "725,152,36,34", "Center": "22,18" },
	"character_slot36_0x41":  { "File": "character_slot36.bmp", "Rect": "9,200,32,34", "Center": "17,17" },
	"character_slot36_0x42":  { "File": "character_slot36.bmp", "Rect": "53,200,32,39", "Center": "18,20" },
	"character_slot36_0x43":  { "File": "character_slot36.bmp", "Rect": "103,200,31,37", "Center": "18,20" },
	"character_slot36_0x44":  { "File": "character_slot36.bmp", "Rect": "151,200,33,33", "Center": "21,16" },
	"character_slot36_0x45":  { "File": "character_slot36.bmp", "Rect": "202,204,26,24", "Center": "11,13" },
	"character_slot36_0x46":  { "File": "character_slot36.bmp", "Rect": "250,196,29,32", "Center": "18,16" },
	"character_slot36_0x47":  { "File": "character_slot36.bmp", "Rect": "296,196,31,36", "Center": "20,17" },
	"character_slot36_0x48":  { "File": "character_slot36.bmp", "Rect": "343,194,33,39", "Center": "20,19" },
	"character_slot36_0x49":  { "File": "character_slot36.bmp", "Rect": "388,204,40,24", "Center": "19,14" },
	"character_slot36_0x4a":  { "File": "character_slot36.bmp", "Rect": "440,204,32,24", "Center": "16,14" },
	"character_slot36_0x4b":  { "File": "character_slot36.bmp", "Rect": "488,204,32,24", "Center": "17,14" },
	"character_slot36_0x4c":  { "File": "character_slot36.bmp", "Rect": "540,200,24,32", "Center": "12,16" },
	"character_slot36_0x4d":  { "File": "character_slot36.bmp", "Rect": "588,200,24,32", "Center": "12,16" },
	"character_slot36_0x4e":  { "File": "character_slot36.bmp", "Rect": "632,196,32,40", "Center": "16,22" },
	"character_slot36_0x4f":  { "File": "character_slot36.bmp", "Rect": "680,196,32,40", "Center": "16,19" },
	"character_slot36_0x50":  { "File": "character_slot36.bmp", "Rect": "728,196,32,40", "Center": "15,21" },
	"character_slot36_0x51":  { "File": "character_slot36.bmp", "Rect": "12,248,24,32", "Center": "14,17" },
	"character_slot36_0x52":  { "File": "character_slot36.bmp", "Rect": "56,252,32,24", "Center": "16,12" },
	"character_slot36_0x53":  { "File": "character_slot36.bmp", "Rect": "104,252,32,24", "Center": "16,12" },
	"character_slot36_0x54":  { "File": "character_slot36.bmp", "Rect": "152,252,32,24", "Center": "18,13" },
	"character_slot36_0x55":  { "File": "character_slot36.bmp", "Rect": "192,240,44,40", "Center": "32,24" },
	"character_slot36_0x56":  { "File": "character_slot36.bmp", "Rect": "237,241,46,39", "Center": "33,23" },
	"character_slot36_0x57":  { "File": "character_slot36.bmp", "Rect": "284,241,42,39", "Center": "23,23" },
	"character_slot36_0x58":  { "File": "character_slot36.bmp", "Rect": "327,241,52,39", "Center": "26,23" },
	"character_slot36_0x59":  { "File": "character_slot36.bmp", "Rect": "380,241,45,39", "Center": "14,23" },
	"character_slot36_0x5a":  { "File": "character_slot36.bmp", "Rect": "426,241,42,39", "Center": "19,23" },
	"character_slot36_0x5b":  { "File": "character_slot36.bmp", "Rect": "468,241,52,39", "Center": "26,23" },
	"character_slot36_0x5c":  { "File": "character_slot36.bmp", "Rect": "520,251,51,26", "Center": "16,13" },
	"character_slot36_0x5d":  { "File": "character_slot36.bmp", "Rect": "572,252,43,24", "Center": "3,12" },
	"character_slot36_0x5e":  { "File": "character_slot36.bmp", "Rect": "616,252,40,24", "Center": "23,12" },
	"character_slot36_0x5f":  { "File": "character_slot36.bmp", "Rect": "657,251,55,26", "Center": "38,13" },
	"character_slot36_0x60":  { "File": "character_slot36.bmp", "Rect": "714,252,48,24", "Center": "29,12" },
	"character_slot36_0x61":  { "File": "character_slot36.bmp", "Rect": "2,300,38,24", "Center": "30,12" },
	"character_slot36_0x62":  { "File": "character_slot36.bmp", "Rect": "52,300,40,24", "Center": "20,12" },
	"character_slot36_0x63":  { "File": "character_slot36.bmp", "Rect": "106,288,26,51", "Center": "13,23" },
	"character_slot36_0x64":  { "File": "character_slot36.bmp", "Rect": "156,296,24,43", "Center": "12,15" },
	"character_slot36_0x65":  { "File": "character_slot36.bmp", "Rect": "204,292,24,40", "Center": "12,23" },
	"character_slot36_0x66":  { "File": "character_slot36.bmp", "Rect": "251,281,26,55", "Center": "13,32" },
	"character_slot36_0x67":  { "File": "character_slot36.bmp", "Rect": "300,280,24,48", "Center": "12,32" },
	"character_slot36_0x68":  { "File": "character_slot36.bmp", "Rect": "348,290,24,38", "Center": "12,22" },
	"character_slot36_0x69":  { "File": "character_slot36.bmp", "Rect": "388,296,40,32", "Center": "17,17" },
	"character_slot36_0x6a":  { "File": "character_slot36.bmp", "Rect": "440,296,32,32", "Center": "17,18" },
	"character_slot36_0x6b":  { "File": "character_slot36.bmp", "Rect": "483,290,47,40", "Center": "28,21" },
	"character_slot36_0x6c":  { "File": "character_slot36.bmp", "Rect": "532,289,39,46", "Center": "25,17" },
	"character_slot36_0x6d":  { "File": "character_slot36.bmp", "Rect": "580,289,39,46", "Center": "23,18" },
	"character_slot36_0x6e":  { "File": "character_slot36.bmp", "Rect": "625,295,47,37", "Center": "24,17" },
	"character_slot36_0x6f":  { "File": "character_slot36.bmp", "Rect": "673,293,47,37", "Center": "21,19" },
	"character_slot36_0x70":  { "File": "character_slot36.bmp", "Rect": "721,292,47,42", "Center": "19,18" },
	"character_slot36_0x71":  { "File": "character_slot36.bmp", "Rect": "6,336,42,45", "Center": "17,16" },
	"character_slot36_0x72":  { "File": "character_slot36.bmp", "Rect": "52,337,41,44", "Center": "17,14" },
	"character_slot36_0x73":  { "File": "character_slot36.bmp", "Rect": "100,339,40,41", "Center": "16,16" },
	"character_slot36_0x74":  { "File": "character_slot36.bmp", "Rect": "149,340,38,42", "Center": "21,12" },
	"character_slot36_0x75":  { "File": "character_slot36.bmp", "Rect": "194,337,42,44", "Center": "26,13" },
	"character_slot36_0x76":  { "File": "character_slot36.bmp", "Rect": "244,338,39,44", "Center": "22,17" },
	"character_slot36_0x77":  { "File": "character_slot36.bmp", "Rect": "290,339,40,43", "Center": "22,14" },
	"character_slot36_0x78":  { "File": "character_slot36.bmp", "Rect": "334,339,50,50", "Center": "31,25" },
	"character_slot36_0x79":  { "File": "character_slot36.bmp", "Rect": "388,340,40,40", "Center": "26,30" },
	"character_slot36_0x7a":  { "File": "character_slot36.bmp", "Rect": "436,344,40,32", "Center": "28,18" },
	"character_slot36_0x7b":  { "File": "character_slot36.bmp", "Rect": "484,340,40,40", "Center": "31,12" },
	"character_slot36_0x7c":  { "File": "character_slot36.bmp", "Rect": "536,340,32,40", "Center": "18,12" },
	"character_slot36_0x7d":  { "File": "character_slot36.bmp", "Rect": "580,340,40,40", "Center": "13,10" },
	"character_slot36_0x7e":  { "File": "character_slot36.bmp", "Rect": "628,344,40,32", "Center": "11,14" },
	"character_slot36_0x7f":  { "File": "character_slot36.bmp", "Rect": "676,340,40,40", "Center": "7,27" },
	"character_slot36_0x80":  { "File": "character_slot36.bmp", "Rect": "726,334,35,55", "Center": "19,24" },
	"character_slot36_0x81":  { "File": "character_slot36.bmp", "Rect": "0,381,40,59", "Center": "30,23" },
	"character_slot36_0x82":  { "File": "character_slot36.bmp", "Rect": "52,382,40,58", "Center": "26,23" },
	"character_slot36_0x83":  { "File": "character_slot36.bmp", "Rect": "100,382,40,55", "Center": "20,24" },
	"character_slot36_0x84":  { "File": "character_slot36.bmp", "Rect": "148,382,40,56", "Center": "26,23" },
	"character_slot36_0x85":  { "File": "character_slot36.bmp", "Rect": "194,381,39,58", "Center": "25,23" },
	"character_slot36_0x86":  { "File": "character_slot36.bmp", "Rect": "248,395,32,28", "Center": "12,12" },
	"character_slot36_0x87":  { "File": "character_slot36.bmp", "Rect": "296,395,32,28", "Center": "12,12" },
	"character_slot36_0x88":  { "File": "character_slot36.bmp", "Rect": "344,395,32,28", "Center": "12,12" },
	"character_slot36_0x89":  { "File": "character_slot36.bmp", "Rect": "387,385,45,46", "Center": "22,29" },
	"character_slot36_0x8a":  { "File": "character_slot36.bmp", "Rect": "437,385,45,46", "Center": "21,29" },
	"character_slot36_0x8b":  { "File": "character_slot36.bmp", "Rect": "487,380,33,57", "Center": "27,26" },
	"character_slot36_0x8c":  { "File": "character_slot36.bmp", "Rect": "540,380,30,57", "Center": "24,26" },
	"character_slot36_0x8d":  { "File": "character_slot36.bmp", "Rect": "584,392,32,32", "Center": "18,18" },
	"character_slot36_0x8e":  { "File": "character_slot36.bmp", "Rect": "628,388,37,40", "Center": "17,24" },
	"character_slot36_0x8f":  { "File": "character_slot36.bmp", "Rect": "678,389,35,39", "Center": "17,23" },
	"character_slot36_0x90":  { "File": "character_slot36.bmp", "Rect": "732,389,28,47", "Center": "10,23" },
	"character_slot36_0x91":  { "File": "character_slot36.bmp", "Rect": "9,440,31,41", "Center": "10,23" },
	"character_slot36_0x92":  { "File": "character_slot36.bmp", "Rect": "56,440,32,36", "Center": "11,23" },
	"character_slot36_0x93":  { "File": "character_slot36.bmp", "Rect": "107,444,24,31", "Center": "10,23" },
	"character_slot36_0x94":  { "File": "character_slot36.bmp", "Rect": "152,439,32,43", "Center": "15,23" },
	"character_slot36_0x95":  { "File": "character_slot36.bmp", "Rect": "202,439,26,44", "Center": "13,23" },
	"character_slot36_0x96":  { "File": "character_slot36.bmp", "Rect": "247,440,35,33", "Center": "18,16" },
	"character_slot36_0x97":  { "File": "character_slot36.bmp", "Rect": "295,440,34,34", "Center": "17,17" },
	"character_slot36_0x98":  { "File": "character_slot36.bmp", "Rect": "341,439,39,37", "Center": "20,19" },
	"character_slot36_0x99":  { "File": "character_slot36.bmp", "Rect": "396,438,24,30", "Center": "8,14" },
	"character_slot36_0x9a":  { "File": "character_slot36.bmp", "Rect": "435,438,43,40", "Center": "29,24" },
	"character_slot36_0x9b":  { "File": "character_slot36.bmp", "Rect": "480,438,48,40", "Center": "29,24" },
	"character_slot36_0x9c":  { "File": "character_slot36.bmp", "Rect": "529,436,45,46", "Center": "23,26" },
	"character_slot36_0x9d":  { "File": "character_slot36.bmp", "Rect": "580,440,48,32", "Center": "26,18" },
	"character_slot36_0x9e":  { "File": "character_slot36.bmp", "Rect": "628,440,48,32", "Center": "26,18" },
	"character_slot36_0x9f":  { "File": "character_slot36.bmp", "Rect": "676,435,36,43", "Center": "22,23" },
	"character_slot36_0xa0":  { "File": "character_slot36.bmp", "Rect": "725,441,37,31", "Center": "21,19" },
	"character_slot36_0xa1":  { "File": "character_slot36.bmp", "Rect": "6,488,37,32", "Center": "21,19" },
	"character_slot36_0xa2":  { "File": "character_slot36.bmp", "Rect": "54,488,37,32", "Center": "21,19" },
	"character_slot36_0xa3":  { "File": "character_slot36.bmp", "Rect": "102,488,37,32", "Center": "21,19" },
	"character_slot36_0xa4":  { "File": "character_slot36.bmp", "Rect": "150,488,37,32", "Center": "21,19" },
	"character_slot36_0xa5":  { "File": "character_slot36.bmp", "Rect": "196,486,40,39", "Center": "14,23" },
	"character_slot36_0xa6":  { "File": "character_slot36.bmp", "Rect": "244,481,40,43", "Center": "14,27" },
	"character_slot36_0xa7":  { "File": "character_slot36.bmp", "Rect": "296,484,32,48", "Center": "14,19" },
	"character_slot36_0xa8":  { "File": "character_slot36.bmp", "Rect": "344,484,32,48", "Center": "14,19" },
	"character_slot36_0xa9":  { "File": "character_slot36.bmp", "Rect": "392,486,32,34", "Center": "17,18" },
	"character_slot36_0xaa":  { "File": "character_slot36.bmp", "Rect": "439,486,26,34", "Center": "13,18" },
	"character_slot36_0xab":  { "File": "character_slot36.bmp", "Rect": "485,486,31,34", "Center": "17,18" },
	"character_slot36_0xac":  { "File": "character_slot36.bmp", "Rect": "536,486,26,34", "Center": "13,18" },
	"character_slot36_0xad":  { "File": "character_slot36.bmp", "Rect": "588,481,24,39", "Center": "10,23" },
	"character_slot36_0xae":  { "File": "character_slot36.bmp", "Rect": "636,481,24,39", "Center": "10,23" },
	"character_slot36_0xaf":  { "File": "character_slot36.bmp", "Rect": "684,481,24,39", "Center": "10,23" },
	"character_slot36_0xb0":  { "File": "character_slot36.bmp", "Rect": "732,478,25,42", "Center": "11,26" },
	"character_slot36_0xb1":  { "File": "character_slot36.bmp", "Rect": "12,529,24,39", "Center": "10,23" },
	"character_slot36_0xb2":  { "File": "character_slot36.bmp", "Rect": "60,529,24,39", "Center": "10,23" },
	"character_slot36_0xb3":  { "File": "character_slot36.bmp", "Rect": "108,529,24,39", "Center": "10,23" },
	"character_slot36_0xb4":  { "File": "character_slot36.bmp", "Rect": "156,529,24,39", "Center": "10,23" },
	"character_slot36_0xb5":  { "File": "character_slot36.bmp", "Rect": "183,540,51,28", "Center": "29,16" },
	"character_slot36_0xb6":  { "File": "character_slot36.bmp", "Rect": "235,540,45,24", "Center": "24,16" },
	"character_slot36_0xb7":  { "File": "character_slot36.bmp", "Rect": "282,540,42,24", "Center": "21,16" },
	"character_slot36_0xb8":  { "File": "character_slot36.bmp", "Rect": "326,540,44,24", "Center": "21,16" },
	"character_slot36_0xb9":  { "File": "character_slot36.bmp", "Rect": "372,540,49,24", "Center": "22,16" },
	"character_slot36_0xba":  { "File": "character_slot36.bmp", "Rect": "425,540,49,30", "Center": "20,13" },
	"character_slot36_0xbb":  { "File": "character_slot36.bmp", "Rect": "475,540,52,28", "Center": "26,13" },
	"character_slot36_0xbc":  { "File": "character_slot36.bmp", "Rect": "528,540,49,33", "Center": "30,13" },
	"character_slot36_0xbd":  { "File": "character_slot36.bmp", "Rect": "580,521,40,53", "Center": "21,41" },
	"character_slot36_0xbe":  { "File": "character_slot36.bmp", "Rect": "628,521,40,54", "Center": "21,44" },
	"character_slot36_0xbf":  { "File": "character_slot36.bmp", "Rect": "676,522,40,52", "Center": "21,41" },
	"character_slot36_0xc0":  { "File": "character_slot36.bmp", "Rect": "724,522,40,50", "Center": "21,41" },
	"character_slot36_0xc1":  { "File": "character_slot36.bmp", "Rect": "4,572,40,53", "Center": "21,44" },
	"character_slot36_0xc2":  { "File": "character_slot36.bmp", "Rect": "52,575,40,49", "Center": "20,41" },
	"character_slot36_0xc3":  { "File": "character_slot36.bmp", "Rect": "97,579,50,44", "Center": "27,23" },
	"character_slot36_0xc4":  { "File": "character_slot36.bmp", "Rect": "147,579,50,44", "Center": "27,23" },
	"character_slot36_0xc5":  { "File": "character_slot36.bmp", "Rect": "200,580,31,40", "Center": "23,20" },
	"character_slot36_0xc6":  { "File": "character_slot36.bmp", "Rect": "248,580,31,40", "Center": "23,20" },
	"character_slot36_0xc7":  { "File": "character_slot36.bmp", "Rect": "296,581,32,37", "Center": "16,16" },
	"character_slot36_0xc8":  { "File": "character_slot36.bmp", "Rect": "344,581,32,37", "Center": "16,16" },
	"character_slot36_0xc9":  { "File": "character_slot36.bmp", "Rect": "388,584,40,31", "Center": "16,8" },
	"character_slot36_0xca":  { "File": "character_slot36.bmp", "Rect": "436,584,40,31", "Center": "20,8" },
	"character_slot36_0xcb":  { "File": "character_slot36.bmp", "Rect": "483,574,45,46", "Center": "22,29" },
	"character_slot36_0xcc":  { "File": "character_slot36.bmp", "Rect": "533,574,45,46", "Center": "21,29" },
	"character_slot36_0xcd":  { "File": "character_slot36.bmp", "Rect": "580,576,40,50", "Center": "20,42" },
	"character_slot36_0xce":  { "File": "character_slot36.bmp", "Rect": "628,576,40,50", "Center": "20,42" },
	"character_slot36_0xcf":  { "File": "character_slot36.bmp", "Rect": "684,575,24,51", "Center": "9,41" },
	"character_slot36_0xd0":  { "File": "character_slot36.bmp", "Rect": "732,574,24,52", "Center": "9,42" },
	"character_slot36_0xd1":  { "File": "character_slot36.bmp", "Rect": "8,628,32,40", "Center": "16,20" },
	"character_slot36_0xd2":  { "File": "character_slot36.bmp", "Rect": "56,628,32,40", "Center": "16,20" },
	"character_slot36_0xd3":  { "File": "character_slot36.bmp", "Rect": "104,628,32,40", "Center": "16,20" },
	"character_slot36_0xd4":  { "File": "character_slot36.bmp", "Rect": "152,628,32,40", "Center": "16,20" },
	"character_slot36_0xd5":  { "File": "character_slot36.bmp", "Rect": "200,628,32,40", "Center": "16,20" },
	"character_slot36_0xd6":  { "File": "character_slot36.bmp", "Rect": "248,628,32,40", "Center": "16,20" },
	"character_slot36_0xd7":  { "File": "character_slot36.bmp", "Rect": "296,628,32,40", "Center": "16,20" },
	"character_slot36_0xd8":  { "File": "character_slot36.bmp", "Rect": "344,628,32,40", "Center": "16,20" },
	"character_slot36_0xd9":  { "File": "character_slot36.bmp", "Rect": "392,628,32,40", "Center": "16,20" },
	"character_slot36_0xda":  { "File": "character_slot36.bmp", "Rect": "440,628,32,40", "Center": "16,20" },
	"character_slot36_0xdb":  { "File": "character_slot36.bmp", "Rect": "488,628,32,40", "Center": "16,20" },
	"character_slot36_0xdc":  { "File": "character_slot36.bmp", "Rect": "536,628,32,40", "Center": "16,20" },
	"character_slot36_0xdd":  { "File": "character_slot36.bmp", "Rect": "584,628,32,40", "Center": "16,20" },
	"character_slot36_0xde":  { "File": "character_slot36.bmp", "Rect": "632,628,32,40", "Center": "16,20" },
	"character_slot36_0xdf":  { "File": "character_slot36.bmp", "Rect": "680,628,32,40", "Center": "16,20" },
	"character_slot36_0xe0":  { "File": "character_slot36.bmp", "Rect": "732,632,24,32", "Center": "12,17" },
	"character_slot36_0xe1":  { "File": "character_slot36.bmp", "Rect": "12,676,24,40", "Center": "10,20" },
	"character_slot36_0xe2":  { "File": "character_slot36.bmp", "Rect": "60,676,24,40", "Center": "12,20" },
	"character_slot36_0xe3":  { "File": "character_slot36.bmp", "Rect": "104,676,32,40", "Center": "14,20" },
	"character_slot36_0xe4":  { "File": "character_slot36.bmp", "Rect": "145,676,42,47", "Center": "27,24" },
	"character_slot36_0xe5":  { "File": "character_slot36.bmp", "Rect": "193,676,39,47", "Center": "21,23" },
	"character_slot36_0xe6":  { "File": "character_slot36.bmp", "Rect": "249,676,31,48", "Center": "18,23" },
	"character_slot36_0xe7":  { "File": "character_slot36.bmp", "Rect": "299,676,26,46", "Center": "13,22" },
	"character_slot36_0xe8":  { "File": "character_slot36.bmp", "Rect": "345,676,33,48", "Center": "16,23" },
	"character_slot36_0xe9":  { "File": "character_slot36.bmp", "Rect": "393,676,32,48", "Center": "11,23" },
	"character_slot36_0xea":  { "File": "character_slot36.bmp", "Rect": "444,676,26,47", "Center": "13,23" },
	"character_slot36_0xeb":  { "File": "character_slot36.bmp", "Rect": "484,679,37,32", "Center": "23,17" },
	"character_slot36_0xec":  { "File": "character_slot36.bmp", "Rect": "532,673,37,49", "Center": "23,25" },
	"character_slot36_0xed":  { "File": "character_slot36.bmp", "Rect": "582,673,36,51", "Center": "22,25" },
	"character_slot36_0xee":  { "File": "character_slot36.bmp", "Rect": "627,673,37,49", "Center": "23,25" },
	"character_slot36_0xef":  { "File": "character_slot36.bmp", "Rect": "665,676,50,39", "Center": "27,23" },
	"character_slot36_0xf0":  { "File": "character_slot36.bmp", "Rect": "719,679,41,36", "Center": "21,20" },
	"character_slot36_0xf1":  { "File": "character_slot36.bmp", "Rect": "4,727,38,36", "Center": "20,20" },
	"character_slot36_0xf2":  { "File": "character_slot36.bmp", "Rect": "53,727,38,36", "Center": "19,20" },
	"character_slot36_0xf3":  { "File": "character_slot36.bmp", "Rect": "102,727,38,36", "Center": "18,20" },
	"character_slot36_0xf4":  { "File": "character_slot36.bmp", "Rect": "152,727,40,36", "Center": "17,20" },
	"character_slot36_0xf5":  { "File": "character_slot36.bmp", "Rect": "194,724,50,39", "Center": "23,23" },
	"character_slot36_0xf6":  { "File": "character_slot36.bmp", "Rect": "248,727,43,36", "Center": "20,20" },
	"character_slot36_0xf7":  { "File": "character_slot36.bmp", "Rect": "296,727,39,36", "Center": "19,20" },
	"character_slot36_0xf8":  { "File": "character_slot36.bmp", "Rect": "341,727,40,36", "Center": "20,20" },
	"character_slot36_0xf9":  { "File": "character_slot36.bmp", "Rect": "386,727,39,36", "Center": "20,20" },
	"character_slot36_0xfa":  { "File": "character_slot36.bmp", "Rect": "432,727,42,36", "Center": "21,20" },
	"dataSel_slot36":  { "File": "character_slot36.png", "Rect": "244,481,40,43", "Center": "16,43" },
	"ESS_Char_Es36":  { "File": "character_slot36.png", "Rect": "244,481,40,43", "Center": "16,43" },
	"ESS_Life_Es36":  { "File": "moderntails_life_hud.png", "Rect": "0,32,19,16", "Center": "8,16" }
}