{
	"hud_lives_icon_slot36":    { "File": "moderntails_life_hud.png", "Rect": "0,32,48,16" },

	// Small digits for lives
	"hud_smalldigit_0_MT": { "File": "moderntails_life_hud.png", "Rect": "0,0,8,8" },
	"hud_smalldigit_1_MT": { "File": "moderntails_life_hud.png", "Rect": "8,0,8,8" },
	"hud_smalldigit_2_MT": { "File": "moderntails_life_hud.png", "Rect": "16,0,8,8" },
	"hud_smalldigit_3_MT": { "File": "moderntails_life_hud.png", "Rect": "24,0,8,8" },
	"hud_smalldigit_4_MT": { "File": "moderntails_life_hud.png", "Rect": "32,0,8,8" },
	"hud_smalldigit_5_MT": { "File": "moderntails_life_hud.png", "Rect": "0,8,8,8" },
	"hud_smalldigit_6_MT": { "File": "moderntails_life_hud.png", "Rect": "8,8,8,8" },
	"hud_smalldigit_7_MT": { "File": "moderntails_life_hud.png", "Rect": "16,8,8,8" },
	"hud_smalldigit_8_MT": { "File": "moderntails_life_hud.png", "Rect": "24,8,8,8" },
	"hud_smalldigit_9_MT": { "File": "moderntails_life_hud.png", "Rect": "32,8,8,8" }

}