{
	"cutscene_metal_intro_0":  { "File": "cutscenemetal.png", "Rect": "1,1,48,48", "Center": "24,24" },
	"cutscene_metal_intro_1":  { "File": "cutscenemetal.png", "Rect": "51,1,48,48", "Center": "24,24" },
	"cutscene_metal_intro_2":  { "File": "cutscenemetal.png", "Rect": "101,1,48,48", "Center": "24,24" },
	"cutscene_metal_intro_3":  { "File": "cutscenemetal.png", "Rect": "151,1,48,48", "Center": "24,24" },
	"cutscene_metal_intro_4":  { "File": "cutscenemetal.png", "Rect": "201,1,48,48", "Center": "24,24" },
	"cutscene_metal_intro_5":  { "File": "cutscenemetal.png", "Rect": "251,1,48,48", "Center": "24,24" },
	"cutscene_metal_intro_6":  { "File": "cutscenemetal.png", "Rect": "301,1,48,48", "Center": "24,24" },
	"cutscene_metal_intro_7":  { "File": "cutscenemetal.png", "Rect": "351,1,48,48", "Center": "25,26" },
	"cutscene_metal_intro_8":  { "File": "cutscenemetal.png", "Rect": "401,1,48,48", "Center": "24,24" }
}