{
	"eggman_sit_off":  { "File": "eggman.png", "Rect": "1,2,51,42", "Center": "28,24" },
	"eggman_sit_1":  { "File": "eggman.png", "Rect": "54,2,51,42", "Center": "28,24" },
	"eggman_sit_2":  { "File": "eggman.png", "Rect": "107,2,51,42", "Center": "28,24" },
	"eggman_stand":  { "File": "eggman.png", "Rect": "1,46,41,54", "Center": "22,31" },
	"eggman_laugh_0":  { "File": "eggman.png", "Rect": "44,46,41,54", "Center": "22,31" },
	"eggman_laugh_1":  { "File": "eggman.png", "Rect": "87,46,41,54", "Center": "22,31" },
	"eggman_walk_0":  { "File": "eggman.png", "Rect": "2,108,57,45", "Center": "25,29" },
	"eggman_walk_1":  { "File": "eggman.png", "Rect": "62,108,49,57", "Center": "18,30" },
	"eggman_walk_2":  { "File": "eggman.png", "Rect": "114,108,53,57", "Center": "21,32" },
	"eggman_crouch":  { "File": "eggman.png", "Rect": "170,108,50,45", "Center": "17,28" },
	"cutscene_chair":  { "File": "eggman.png", "Rect": "160,2,51,42", "Center": "28,24" },
	"cutscene_button_0":  { "File": "eggman.png", "Rect": "130,46,32,16", "Center": "16,11" },
	"cutscene_button_1":  { "File": "eggman.png", "Rect": "130,63,32,10", "Center": "16,5" },
	"cutscene_screen_0":  { "File": "eggman.png", "Rect": "130,74,24,12", "Center": "10,12" },
	"cutscene_screen_1":  { "File": "eggman.png", "Rect": "130,87,24,12", "Center": "10,12" },
	"failsafe":  { "File": "eggman.png", "Rect": "170,49,28,49", "Center": "16,26" }
}