{
	"cutscene_metal_loadgraphic_0":  { "File": "loadgraphic.png", "Rect": "2,2,41,8", "Center": "18,4" },
	"cutscene_metal_loadgraphic_1":  { "File": "loadgraphic.png", "Rect": "82,11,41,8", "Center": "18,4" },
	"cutscene_metal_loadgraphic_2":  { "File": "loadgraphic.png", "Rect": "46,1,41,8", "Center": "18,4" },
	"cutscene_metal_loadgraphic_3":  { "File": "loadgraphic.png", "Rect": "132,1,41,8", "Center": "18,4" },
	"cutscene_metal_loadgraphic_4":  { "File": "loadgraphic.png", "Rect": "2,11,40,8", "Center": "18,4" },
	"cutscene_metal_loadgraphic_5":  { "File": "loadgraphic.png", "Rect": "126,11,41,8", "Center": "18,4" },
	"cutscene_metal_loadgraphic_6":  { "File": "loadgraphic.png", "Rect": "42,12,40,8", "Center": "18,4" },
	"cutscene_metal_loadgraphic_7":  { "File": "loadgraphic.png", "Rect": "90,2,41,8", "Center": "18,4" }
}