{
	"dataSel_savePortrait_slot35":  { "File": "Portraits.png", "Rect": "1,1,80,56", "Center": "40,120" },
	"dataSel_savePortrait_superslot35":  { "File": "Portraits.png", "Rect": "82,1,80,56", "Center": "40,120" },
	"dataSel_savePortrait_clear_slot35":  { "File": "Portraits.png", "Rect": "163,1,80,56", "Center": "40,120" },
	
	"ESS_Zone_Es35_0":  { "File": "Portraits.png", "Rect": "1,1,80,56", "Center": "40,28" },
	"ESS_Zone_Es35_1":  { "File": "Portraits.png", "Rect": "82,1,80,56", "Center": "40,28" },
	"ESS_Zone_Es35_2":  { "File": "Portraits.png", "Rect": "163,1,80,56", "Center": "40,28" },
}