{
	"character_char4_dropdash_0":  { "File": "dropdashOrigins.bmp", "Rect": "0,0,62,62", "Center": "31,31" },
	"character_char4_dropdash_1":  { "File": "dropdashOrigins.bmp", "Rect": "62,0,62,62", "Center": "31,31" },
	"character_char4_dropdash_2":  { "File": "dropdashOrigins.bmp", "Rect": "124,0,62,62", "Center": "31,31" },
	"character_char4_dropdash_3":  { "File": "dropdashOrigins.bmp", "Rect": "186,0,62,62", "Center": "31,31" },
	"character_char4_dropdash_4":  { "File": "dropdashOrigins.bmp", "Rect": "248,0,62,62", "Center": "31,31" },
	"character_char4_dropdash_5":  { "File": "dropdashOrigins.bmp", "Rect": "310,0,62,62", "Center": "31,31" },
	"character_char4_dropdash_6":  { "File": "dropdashOrigins.bmp", "Rect": "372,0,62,62", "Center": "31,31" },
	"character_char4_dropdash_7":  { "File": "dropdashOrigins.bmp", "Rect": "434,0,62,62", "Center": "31,31" },
	"character_char4_dropdash_8":  { "File": "dropdashOrigins.bmp", "Rect": "496,0,62,62", "Center": "31,31" },
	"character_char4_dropdash_9":  { "File": "dropdashOrigins.bmp", "Rect": "558,0,62,62", "Center": "31,31" },
	"character_char4_dropdash_10":  { "File": "dropdashOrigins.bmp", "Rect": "620,0,62,62", "Center": "31,31" },
	"character_char4_dropdash_11":  { "File": "dropdashOrigins.bmp", "Rect": "682,0,62,62", "Center": "31,31" },
	"character_char4_dropdash_12":  { "File": "dropdashOrigins.bmp", "Rect": "744,0,62,62", "Center": "31,31" },
	"character_char4_dropdash_13":  { "File": "dropdashOrigins.bmp", "Rect": "806,0,62,62", "Center": "31,31" },
	"character_char4_dropdash_14":  { "File": "dropdashOrigins.bmp", "Rect": "868,0,62,62", "Center": "31,31" },
	"character_char4_dropdash_15":  { "File": "dropdashOrigins.bmp", "Rect": "930,0,62,62", "Center": "31,31" },

	"character_S3_dropdash_0":  { "File": "dropdashS3.bmp", "Rect": "0,0,62,62", "Center": "31,31" },
	"character_S3_dropdash_1":  { "File": "dropdashS3.bmp", "Rect": "62,0,62,62", "Center": "31,31" },
	"character_S3_dropdash_2":  { "File": "dropdashS3.bmp", "Rect": "124,0,62,62", "Center": "31,31" },
	"character_S3_dropdash_3":  { "File": "dropdashS3.bmp", "Rect": "186,0,62,62", "Center": "31,31" },
	"character_S3_dropdash_4":  { "File": "dropdashS3.bmp", "Rect": "248,0,62,62", "Center": "31,31" },
	"character_S3_dropdash_5":  { "File": "dropdashS3.bmp", "Rect": "310,0,62,62", "Center": "31,31" },
	"character_S3_dropdash_6":  { "File": "dropdashS3.bmp", "Rect": "372,0,62,62", "Center": "31,31" },
	"character_S3_dropdash_7":  { "File": "dropdashS3.bmp", "Rect": "434,0,62,62", "Center": "31,31" },
	"character_S3_dropdash_8":  { "File": "dropdashS3.bmp", "Rect": "496,0,62,62", "Center": "31,31" },
	"character_S3_dropdash_9":  { "File": "dropdashS3.bmp", "Rect": "558,0,62,62", "Center": "31,31" },
	"character_S3_dropdash_10":  { "File": "dropdashS3.bmp", "Rect": "620,0,62,62", "Center": "31,31" },
	"character_S3_dropdash_11":  { "File": "dropdashS3.bmp", "Rect": "682,0,62,62", "Center": "31,31" },
	"character_S3_dropdash_12":  { "File": "dropdashS3.bmp", "Rect": "744,0,62,62", "Center": "31,31" },
	"character_S3_dropdash_13":  { "File": "dropdashS3.bmp", "Rect": "806,0,62,62", "Center": "31,31" },
	"character_S3_dropdash_14":  { "File": "dropdashS3.bmp", "Rect": "868,0,62,62", "Center": "31,31" },
	"character_S3_dropdash_15":  { "File": "dropdashS3.bmp", "Rect": "930,0,62,62", "Center": "31,31" },

	"Ca22_dropdash_0":  { "File": "dropdashCa22.bmp", "Rect": "0,0,62,62", "Center": "31,31" },
	"Ca22_dropdash_1":  { "File": "dropdashCa22.bmp", "Rect": "62,0,62,62", "Center": "31,31" },
	"Ca22_dropdash_2":  { "File": "dropdashCa22.bmp", "Rect": "124,0,62,62", "Center": "31,31" },
	"Ca22_dropdash_3":  { "File": "dropdashCa22.bmp", "Rect": "186,0,62,62", "Center": "31,31" },
	"Ca22_dropdash_4":  { "File": "dropdashCa22.bmp", "Rect": "248,0,62,62", "Center": "31,31" },
	"Ca22_dropdash_5":  { "File": "dropdashCa22.bmp", "Rect": "310,0,62,62", "Center": "31,31" },
	"Ca22_dropdash_6":  { "File": "dropdashCa22.bmp", "Rect": "372,0,62,62", "Center": "31,31" },
	"Ca22_dropdash_7":  { "File": "dropdashCa22.bmp", "Rect": "434,0,62,62", "Center": "31,31" },
	"Ca22_dropdash_8":  { "File": "dropdashCa22.bmp", "Rect": "496,0,62,62", "Center": "31,31" },
	"Ca22_dropdash_9":  { "File": "dropdashCa22.bmp", "Rect": "558,0,62,62", "Center": "31,31" },
	"Ca22_dropdash_10":  { "File": "dropdashCa22.bmp", "Rect": "620,0,62,62", "Center": "31,31" },
	"Ca22_dropdash_11":  { "File": "dropdashCa22.bmp", "Rect": "682,0,62,62", "Center": "31,31" },
	"Ca22_dropdash_12":  { "File": "dropdashCa22.bmp", "Rect": "744,0,62,62", "Center": "31,31" },
	"Ca22_dropdash_13":  { "File": "dropdashCa22.bmp", "Rect": "806,0,62,62", "Center": "31,31" },
	"Ca22_dropdash_14":  { "File": "dropdashCa22.bmp", "Rect": "868,0,62,62", "Center": "31,31" },
	"Ca22_dropdash_15":  { "File": "dropdashCa22.bmp", "Rect": "930,0,62,62", "Center": "31,31" },
}