{
	"character_char4_victory_0":  { "File": "Victory.bmp", "Rect": "0,0,48,48", "Center": "24,29" },
	"character_char4_victory_1":  { "File": "Victory.bmp", "Rect": "49,0,48,48", "Center": "24,29" },
	"character_char4_victory_2":  { "File": "Victory.bmp", "Rect": "49,0,48,48", "Center": "24,29" },
	"character_char4_victory_3":  { "File": "Victory.bmp", "Rect": "98,0,48,48", "Center": "24,29" },
	"character_char4_victory_4":  { "File": "Victory.bmp", "Rect": "147,0,48,48", "Center": "24,29" },
	"character_char4_victory_5":  { "File": "Victory.bmp", "Rect": "196,0,48,48", "Center": "24,29" },
	"character_char4_victory_6":  { "File": "Victory.bmp", "Rect": "245,0,48,48", "Center": "24,29" },
	"character_char4_victory_7":  { "File": "Victory.bmp", "Rect": "294,0,48,48", "Center": "24,29" },
	"character_char4_victory_8":  { "File": "Victory.bmp", "Rect": "343,0,48,48", "Center": "24,29" },
	"character_char4_victory_9":  { "File": "Victory.bmp", "Rect": "392,0,48,48", "Center": "24,29" },
	"character_char4_victory_10":  { "File": "Victory.bmp", "Rect": "441,0,48,48", "Center": "24,29" },
	"character_char4_victory_11":  { "File": "Victory.bmp", "Rect": "490,0,48,48", "Center": "24,29" },
	"character_char4_victory_12":  { "File": "Victory.bmp", "Rect": "49,0,48,48", "Center": "24,29" },
	"character_char4_victory_13":  { "File": "Victory.bmp", "Rect": "0,0,48,48", "Center": "24,29" },
	"character_char4_victory_14":  { "File": "Victory.bmp", "Rect": "637,0,48,48", "Center": "24,29" },
	"character_S3_victory_0":  { "File": "VictoryS3.bmp", "Rect": "0,0,48,48", "Center": "24,24" },
	"character_S3_victory_1":  { "File": "VictoryS3.bmp", "Rect": "48,0,48,48", "Center": "24,24" },
	"character_S3_victory_2":  { "File": "VictoryS3.bmp", "Rect": "96,0,48,48", "Center": "24,24" },
	"character_S3_victory_3":  { "File": "VictoryS3.bmp", "Rect": "144,0,48,48", "Center": "24,24" },
	"character_char4_idle_0":  { "File": "idle.bmp", "Rect": "1,0,48,48", "Center": "24,29" },
	"character_char4_idle_1":  { "File": "idle.bmp", "Rect": "50,0,48,48", "Center": "24,29" },
	"character_char4_idle_2":  { "File": "idle.bmp", "Rect": "99,0,48,48", "Center": "24,29" },
	"character_char4_idle_3":  { "File": "idle.bmp", "Rect": "148,0,48,48", "Center": "24,29" },
	"character_char4_idle_4":  { "File": "idle.bmp", "Rect": "197,0,48,48", "Center": "24,29" },
	"character_char4_idle_5":  { "File": "idle.bmp", "Rect": "246,0,48,48", "Center": "24,29" },
	"character_char4_idle_6":  { "File": "idle.bmp", "Rect": "295,0,48,48", "Center": "24,29" },
	"character_char4_idle_7":  { "File": "idle.bmp", "Rect": "393,0,48,48", "Center": "24,29" },
	"character_char4_idle_8":  { "File": "idle.bmp", "Rect": "442,0,48,48", "Center": "24,29" },
	"character_char4_idle_9":  { "File": "idle.bmp", "Rect": "491,0,48,48", "Center": "24,29" },
	"character_char4_idle_10":  { "File": "idle.bmp", "Rect": "540,0,48,48", "Center": "24,29" },
	"character_char4_idle_11":  { "File": "idle.bmp", "Rect": "589,0,48,48", "Center": "24,29" },
	"character_char4_idle_12":  { "File": "idle.bmp", "Rect": "638,0,48,48", "Center": "24,29" },
	"character_char4_idle_13":  { "File": "idle.bmp", "Rect": "687,0,48,48", "Center": "24,29" },
	"character_char4_idle_14":  { "File": "idle.bmp", "Rect": "736,0,48,48", "Center": "24,29" },
	"character_char4_idle_15":  { "File": "idle.bmp", "Rect": "785,0,48,48", "Center": "24,29" },
	"character_char4_idle_16":  { "File": "idle.bmp", "Rect": "834,0,48,48", "Center": "24,29" },
	"character_char4_idle_17":  { "File": "idle.bmp", "Rect": "883,0,48,48", "Center": "24,29" },
	"character_char4_idle_18":  { "File": "idle.bmp", "Rect": "932,0,48,48", "Center": "24,29" },
	"character_char4_idle_19":  { "File": "idle.bmp", "Rect": "981,0,48,48", "Center": "24,29" },
	"character_char4_idle_20":  { "File": "idle.bmp", "Rect": "1030,0,48,48", "Center": "24,29" },
	"superstar_char4_idle_0":  { "File": "idle2.bmp", "Rect": "1,0,48,48", "Center": "24,29" },
	"superstar_char4_idle_1":  { "File": "idle2.bmp", "Rect": "50,0,48,48", "Center": "24,29" },
	"superstar_char4_idle_2":  { "File": "idle2.bmp", "Rect": "99,0,48,48", "Center": "24,29" },
	"superstar_char4_idle_3":  { "File": "idle2.bmp", "Rect": "148,0,48,48", "Center": "24,29" },
	"superstar_char4_idle_4":  { "File": "idle2.bmp", "Rect": "197,0,48,48", "Center": "24,29" },
	"superstar_char4_idle_5":  { "File": "idle2.bmp", "Rect": "246,0,48,48", "Center": "24,29" },
	"superstar_char4_idle_6":  { "File": "idle2.bmp", "Rect": "295,0,48,48", "Center": "24,29" },
	"superstar_char4_idle_7":  { "File": "idle2.bmp", "Rect": "393,0,48,48", "Center": "24,29" },
	"superstar_char4_idle_8":  { "File": "idle2.bmp", "Rect": "442,0,48,48", "Center": "24,29" },
	"superstar_char4_idle_9":  { "File": "idle2.bmp", "Rect": "491,0,48,48", "Center": "24,29" },
	"superstar_char4_idle_10":  { "File": "idle2.bmp", "Rect": "540,0,48,48", "Center": "24,29" },
	"superstar_char4_idle_11":  { "File": "idle2.bmp", "Rect": "589,0,48,48", "Center": "24,29" },
	"superstar_char4_idle_12":  { "File": "idle2.bmp", "Rect": "638,0,48,48", "Center": "24,29" },
	"superstar_char4_idle_13":  { "File": "idle2.bmp", "Rect": "687,0,48,48", "Center": "24,29" },
	"superstar_char4_idle_14":  { "File": "idle2.bmp", "Rect": "736,0,48,48", "Center": "24,29" },
	"superstar_char4_idle_15":  { "File": "idle2.bmp", "Rect": "785,0,48,48", "Center": "24,29" },
	"superstar_char4_idle_16":  { "File": "idle2.bmp", "Rect": "834,0,48,48", "Center": "24,29" },
	"superstar_char4_idle_17":  { "File": "idle2.bmp", "Rect": "883,0,48,48", "Center": "24,29" },
	"superstar_char4_idle_18":  { "File": "idle2.bmp", "Rect": "932,0,48,48", "Center": "24,29" },
	"superstar_char4_idle_19":  { "File": "idle2.bmp", "Rect": "981,0,48,48", "Center": "24,29" },
	"superstar_char4_idle_20":  { "File": "idle2.bmp", "Rect": "1030,0,48,48", "Center": "24,29" },
	"superstar_char4_idle_21":  { "File": "idle2.bmp", "Rect": "1079,0,48,48", "Center": "24,29" },
	"S3_idle_0":  { "File": "idleS3.bmp", "Rect": "0,0,30,41", "Center": "15,18" },
	"S3_idle_1":  { "File": "idleS3.bmp", "Rect": "30,0,30,41", "Center": "15,18" },
	"S3_idle_2":  { "File": "idleS3.bmp", "Rect": "60,0,30,41", "Center": "15,18" },
	"S3_idle_3":  { "File": "idleS3.bmp", "Rect": "90,0,30,41", "Center": "15,18" }
}