{
	"Metadata":
	{
		"Name": "Metal Madness",
		"Author": "TEAM GALORE",
		"Description": "Metal Madness is an extra character mod that adds METAL SONIC\nas an additional playable character! blast through Angel Island with electrifying new abilities, and show the power of the one, true Sonic!",
		"ModVersion": "0.0.3 beta test",
		"GameVersion" : "24.02.02.0",
		"UniqueID": "MetalMadnessMISC",
	},
	"UsesFeatures": { "Controls_LR": true },
	"Settings":
	{
		"METALMADNESSMISC":
		[
			{
				"InternalName": "BUTTONPROMPTS",
				"DisplayName": "Button prompts",
				"Category": "Accessibility",
				"Variable": "MetalMISC.ButtonPrompt",
				"DefaultValue": "0x00",
				"Options":
				{
					"0x00": "Off",
					"0x01": "On",
				}
			},
			{
				"InternalName": "FLASHSPEED",
				"DisplayName": "Flashing speed",
				"Category": "Accessibility",
				"Variable": "MetalMISC.FlashSpeed",
				"DefaultValue": "0x01",
				"Options":
				{
					"0x00": "Off",
					"0x01": "Fast",
					"0x02": "Medium",
					"0x04": "Slow",
				}
			},
			{
				"InternalName": "SMOOTHCRIMINAL",
				"DisplayName": "Smoothed flashing",
				"Category": "Accessibility",
				"Variable": "MetalMISC.SmoothFlash",
				"DefaultValue": "0x00",
				"Options":
				{
					"0x00": "Auto",
					"0x01": "On (fast)",
					"0x02": "On (slow)",
				}
			},
			{
				"InternalName": "COOLFX",
				"DisplayName": "Flashy effects",
				"Category": "Accessibility",
				"Variable": "MetalMISC.FlashyStuff",
				"DefaultValue": "0x01",
				"Options":
				{
					"0x00": "Off",
					"0x01": "On"
				}
			},
			{
				"InternalName": "RINGCOST",
				"DisplayName": "Ring costs",
				"Category": "Accessibility",
				"Variable": "MetalMISC.RingCost",
				"DefaultValue": "0x01",
				"Options":
				{
					"0x00": "Off",
					"0x01": "On",
				}
			},
			{
				"InternalName": "UNDERDASEA",
				"DisplayName": "Underwater penalties",
				"Category": "Accessibility",
				"Variable": "MetalMISC.WaterPenalties",
				"DefaultValue": "0x01",
				"Options":
				{
					"0x00": "Off",
					"0x01": "On",
				}
			},
			{
				"InternalName": "NOOVERHEAT",
				"DisplayName": "Overheat",
				"Category": "Accessibility",
				"Variable": "MetalMISC.OverheatPenalty",
				"DefaultValue": "0x01",
				"Options":
				{
					"0x00": "Off",
					"0x01": "Above water",
					"0x02": "Always",
				}
			},
			{
				"InternalName": "OVERHEATINTENSITY",
				"DisplayName": "Overheat intensity",
				"Category": "Accessibility",
				"Variable": "MetalMISC.OverheatIntensity",
				"DefaultValue": "0x01",
				"Options":
				{
					"0x00": "Strict",
					"0x01": "Average",
					"0x02": "Lenient",
				}
			},
			{
				"InternalName": "PREPALETTES",
				"DisplayName": "Palette preset",
				"Category": "Sprite & Palette options",
				"Variable": "MetalMISC.ChoosePal",
				"DefaultValue": "0x01",
				"Options":
				{
					"0x00": "Custom",
					"0x01": "Madness",
					"0x02": "Badnik",
					"0x03": "CD",
					"0x04": "Chaotix",
					"0x05": "Madness (early)",
					"0x06": "Faker",
					"0x07": "Metal imitation",
					"0x08": "Rosy rascal",
					"0x09": "Metal knuckles",
					"0x10": "Mecha MK II",
					
				}
			},
			{
				"InternalName": "PALETTEEFFECT",
				"DisplayName": "Palette effect",
				"Category": "Sprite & Palette options",
				"Variable": "MetalMISC.Paleffect",
				"DefaultValue": "0x00",
				"Options":
				{
					"0x00": "None",
					"0x01": "Grayscale",
					"0x02": "Inverted"
				}
			},
			{
				"InternalName": "PAINT",
				"DisplayName": "Paint job",
				"Category": "Custom: Palette",
				"Variable": "MetalMISC.PaintJob",
				"DefaultValue": "0x00",
				"Options":
				{
					"0x00": "Default (Madness blues)",
					"0x01": "Early Blues",
					"0x02": "CD Blues",
					"0x03": "Black",
					"0x04": "Red",
					"0x05": "Mecha MK I",
					"0x06": "Amy blues",
					"0x07": "Amy pinks",
					"0x08": "Mecha MK II",
					"0x09": "Metal Knuckles red",
					"0x10": "Chaotix blues",
					"0x11": "Badnik",
					"0x12": "CNZ Dark balloons",
					"0x13": "Green"
				}
			},
			{
				"InternalName": "GRAYCOLS",
				"DisplayName": "Grays",
				"Category": "Custom: Palette",
				"Variable": "MetalMISC.GrayColour",
				"DefaultValue": "0x00",
				"Options":
				{
					"0x00": "Default (S3 grays)",
					"0x01": "Player grays",
					"0x02": "Early grays",
					"0x03": "CD grays",
					"0x04": "Fake hedgehog",
					"0x05": "Mecha MK II",
				}
			},
			{
				"InternalName": "BLACKCOLS",
				"DisplayName": "Black colours",
				"Category": "Custom: Palette",
				"Variable": "MetalMISC.BlackColour",
				"DefaultValue": "0x00",
				"Options":
				{
					"0x00": "Default (Blueish)",
					"0x01": "Pure black",
					"0x02": "Player black",
					"0x03": "Purpleish",
					"0x04": "Greenish",
					"0x05": "Redish",
				}
			},
			{
				"InternalName": "BELLYCOL",
				"DisplayName": "Belly colours",
				"Category": "Custom: Palette",
				"Variable": "MetalMISC.BellyCol",
				"DefaultValue": "0x00",
				"Options":
				{
					"0x00": "Default (Yellow)",
					"0x01": "Green",
					"0x02": "CD",
					"0x03": "Red",
					"0x04": "Fake hedgehog",
					"0x05": "Amy oranges",
					"0x06": "Mecha MK II",
					"0x07": "Metal Knuckles green",
					"0x08": "Chaotix oranges",
					"0x09": "Badnik",
				}
			},
			{
				"InternalName": "EYEFLASHCOL",
				"DisplayName": "Eye flash colour",
				"Category": "Custom: Palette",
				"Variable": "MetalMISC.EyeFlashCol",
				"DefaultValue": "0x00",
				"Options":
				{
					"0x00": "Default (Yellow)",
					"0x01": "CD",
					"0x02": "Blue",
					"0x03": "Red",
					"0x04": "Amy reds",
					"0x05": "Amy blues",
					"0x06": "Mecha MK II",
					"0x07": "Metal Knuckles green",
					"0x08": "Badnik",
				}
			},
			{
				"InternalName": "EYECOL",
				"DisplayName": "Eye colour",
				"Category": "Custom: Palette",
				"Variable": "MetalMISC.EyeCol",
				"DefaultValue": "0x00",
				"Options":
				{
					"0x00": "Default (Red)",
					"0x01": "CD",
					"0x02": "Blue",
					"0x03": "Yellow",
					"0x04": "Amy reds",
					"0x05": "Amy blues",
					"0x06": "Mecha MK II",
					"0x07": "Metal Knuckles green",
					"0x08": "Badnik",
				}
			},
			{
				"InternalName": "SHOECOL",
				"DisplayName": "Shoe colour",
				"Category": "Custom: Palette",
				"Variable": "MetalMISC.ShoeCol",
				"DefaultValue": "0x00",
				"Options":
				{
					"0x00": "Default (Red)",
					"0x01": "CD",
					"0x02": "Blue",
					"0x03": "Amy reds",
					"0x04": "Amy blues",
					"0x05": "Mecha MK II",
					"0x06": "Metal Knuckles green",
					"0x07": "Badnik"
				}
			},
			{
				"InternalName": "FIRE1",
				"DisplayName": "Fire/Electric colour 1",
				"Category": "Custom: Palette",
				"Variable": "MetalMISC.Fire1",
				"DefaultValue": "0x00",
				"Options":
				{
					"0x00": "Default (Orange)",
					"0x01": "Purple",
					"0x02": "Green",
					"0x03": "CD",
					"0x04": "Blue",
					"0x05": "Red",
					"0x06": "Amy pinks",
					"0x07": "Amy greens",
					"0x08": "MK II orange",
					"0x09": "MK II blue",
				}
			},
			{
				"InternalName": "FIRE2",
				"DisplayName": "Fire/Electric colour 2",
				"Category": "Custom: Palette",
				"Variable": "MetalMISC.Fire2",
				"DefaultValue": "0x00",
				"Options":
				{
					"0x00": "Default (Blue)",
					"0x01": "Purple",
					"0x02": "Green",
					"0x03": "CD",
					"0x04": "Orange",
					"0x05": "Red",
					"0x06": "Amy pinks",
					"0x07": "Amy greens",
					"0x08": "MK II orange",
					"0x09": "MK II blue",
				}
			},
			{
				"InternalName": "OVERHEAT1",
				"DisplayName": "Overheat 1",
				"Category": "Custom: Palette",
				"Variable": "MetalMISC.OverheatCols1",
				"DefaultValue": "0x00",
				"Options":
				{
					"0x00": "Default (Red)",
					"0x01": "CD",
					"0x02": "Yellow",
					"0x03": "Light blue",
					"0x04": "White",
					"0x05": "Amy reds",
				}
			},
			{
				"InternalName": "OVERHEAT2",
				"DisplayName": "Overheat 2",
				"Category": "Custom: Palette",
				"Variable": "MetalMISC.OverheatCols2",
				"DefaultValue": "0x00",
				"Options":
				{
					"0x00": "Default (Orange)",
					"0x01": "CD",
					"0x02": "Yellow",
					"0x03": "Light blue",
					"0x04": "White",
					"0x05": "Amy reds",
				}
			},
			{
				"InternalName": "THESIGNTHATPOSE",
				"DisplayName": "Signpost",
				"Category": "Custom: Palette",
				"Variable": "MetalMISC.SignpostCol",
				"DefaultValue": "0x00",
				"Options":
				{
					"0x00": "Orange",
					"0x01": "Red",
					"0x02": "Pink",
					"0x03": "Purple",
					"0x04": "Blue",
					"0x05": "Cyan",
					"0x06": "Green",
					"0x07": "Yellow",
					"0x08": "S3 Gray",
					"0x09": "CD Gray",
					"0x10": "S3 Black",
					"0x11": "Pure Black",
				}
			},
			{
				"InternalName": "SUPERCOL",
				"DisplayName": "Super colours",
				"Category": "Custom: Palette",
				"Variable": "MetalMISC.SuperPalette",
				"DefaultValue": "0x00",
				"Options":
				{
					"0x00": "Default",
					"0x01": "Player",
					"0x02": "CD",
					"0x03": "Mecha MK II",
					"0x04": "Chaotix",
				}
			},
			{
				"InternalName": "HYPERCOL",
				"DisplayName": "Hyper colours",
				"Category": "Custom: Palette",
				"Variable": "MetalMISC.HyperPalette",
				"DefaultValue": "0x00",
				"Options":
				{
					"0x00": "Default",
					"0x01": "Rainbow",
					"0x02": "Player",
					"0x03": "CD",
				}
			},
			{
				"InternalName": "WALKSPRITE",
				"DisplayName": "Walking animation",
				"Category": "Sprite & Palette options",
				"Variable": "MetalMISC.Hoverwalk",
				"DefaultValue": "0x00",
				"Options":
				{
					"0x00": "Walking",
					"0x01": "Hovering",
				}
			},
			{
				"InternalName": "CROUCHSPRITE",
				"DisplayName": "Crouch animation",
				"Category": "Sprite & Palette options",
				"Variable": "MetalMISC.Crouchanim",
				"DefaultValue": "0x00",
				"Options":
				{
					"0x00": "Normal",
					"0x01": "Addendum",
					"0x02": "Super dependant",
				}
			},
			{
				"InternalName": "PEELSPRITE",
				"DisplayName": "Peelout sprite",
				"Category": "Sprite & Palette options",
				"Variable": "MetalMISC.PeeloutCharging",
				"DefaultValue": "0x01",
				"Options":
				{
					"0x00": "CD",
					"0x01": "Custom",
				}
			},
			{
				"InternalName": "WALLCLINGSPRITE",
				"DisplayName": "Wall Cling sprite",
				"Category": "Sprite & Palette options",
				"Variable": "MetalMISC.ClingSprite",
				"DefaultValue": "0x00",
				"Options":
				{
					"0x00": "Mighty",
					"0x01": "Chaotix Concept art",
					"0x02": "Knuckles 3k",
					"0x03": "Knuckles Mania",
				}
			},
			{
				"InternalName": "SPIKEBREAKSTYLE",
				"DisplayName": "Spike break style",
				"Category": "Tweaks",
				"Variable": "MetalMISC.SpikeBreakStyle",
				"DefaultValue": "0x00",
				"Options":
				{
					"0x00": "Madness",
					"0x01": "CD"
				}
			},
			{
				"InternalName": "DEATHSTYLE",
				"DisplayName": "Metal is a...",
				"Category": "Tweaks",
				"Variable": "MetalMISC.MetalBadnik",
				"DefaultValue": "0x03",
				"Options":
				{
					"0x00": "Player",
					"0x01": "Badnik",
					"0x02": "Boss",
					"0x03": "Mini Boss"
				}
			},
			{
				"InternalName": "ACCURATEMECHS",
				"DisplayName": "Accurate behaviours",
				"Category": "Tweaks",
				"Variable": "MetalMISC.IsAccurateBehaviours",
				"DefaultValue": "0x00",
				"Options":
				{
					"0x00": "Off",
					"0x01": "On",
				}
			},
			{
				"InternalName": "MOVESETS",
				"DisplayName": "Moveset preset",
				"Category": "Gameplay",
				"Variable": "MetalMISC.Moveset",
				"DefaultValue": "0x00",
				"Options":
				{
					"0x00": "Bullet",
					"0x01": "Perpetual motion",
					"0x02": "Phaser",
					"0x03": "Hover shock",
					"0x04": "Flash burst",
					"0x05": "Electric flow",
					"0x06": "Speed demon",
					"0x07": "Custom",
				}
			},
			{
				"InternalName": "METALACTION",
				"DisplayName": "Action Button bind",
				"Category": "Gameplay",
				"Variable": "MetalMISC.ActionBind",
				"DefaultValue": "0x10",
				"Options":
				{
					"0xff": "Off (no action moves)",
					"0x20": "C",
					"0x40": "A",
					"0x10": "B",
				}
			},
			{
				"InternalName": "HYPERACTION",
				"DisplayName": "Hyper Ability bind",
				"Category": "Gameplay",
				"Variable": "MetalMISC.EnergyBind",
				"DefaultValue": "0x09",
				"Options":
				{
					"0x05": "C",
					"0x06": "A",
					"0x04": "B",
					"0x09": "Y",
				}
			},
			{
				"InternalName": "KNUXPATHS",
				"DisplayName": "Knux paths",
				"Category": "Gameplay",
				"Variable": "MetalMISC.KnuxPaths",
				"DefaultValue": "0x00",
				"Options":
				{
					"0x00": "Off",
					"0x01": "On",
				}
			},
			{
				"InternalName": "IGNORECONVEYORS",
				"DisplayName": "Ignore conveyors if hovering",
				"Category": "Gameplay",
				"Variable": "MetalMISC.IgnoreConveyors",
				"DefaultValue": "0x01",
				"Options":
				{
					"0x00": "Off",
					"0x01": "On",
				}
			},
			{
				"InternalName": "JUMPMOVE",
				"DisplayName": "Air jump move",
				"Category": "Custom: Abilities",
				"Variable": "MetalMISC.JumpMove",
				"DefaultValue": "0x01",
				"Options":
				{
					"0x00": "None",
					"0x01": "Bullet Dash",
					"0x02": "Hover Dash",
					"0x03": "Double jump",
					"0x04": "Electromagnetic Discharge",
					"0x05": "Hover",
					"0x06": "Super spin",
					"0xa0": "Vanish dash",
				}
			},
			{
				"InternalName": "AIRACTIONMOVE",
				"DisplayName": "Air action move",
				"Category": "Custom: Abilities",
				"Variable": "MetalMISC.AirActionMove",
				"DefaultValue": "0x00",
				"Options":
				{
					"0x00": "None",
					"0x01": "Bullet Dash",
					"0x02": "Hover Dash",
					"0x03": "Double jump",
					"0x04": "Electromagnetic Discharge",
					"0x05": "Hover",
					"0x06": "Super spin",
					"0xa0": "Vanish dash",
				}
			},
			{
				"InternalName": "JUMPMOVE2",
				"DisplayName": "Double jump move",
				"Category": "Custom: Abilities",
				"Variable": "MetalMISC.JumpMove2",
				"DefaultValue": "0x00",
				"Options":
				{
					"0x00": "None",
					"0x01": "Bullet Dash",
					"0x02": "Hover Dash",
					"0x03": "Triple jump",
					"0x04": "Electromagnetic Discharge",
					"0x05": "Hover",
					"0x06": "Super spin",
					"0xa0": "Vanish dash",
				}
			},
			{
				"InternalName": "AIRACTIONMOVE2",
				"DisplayName": "Double jump action",
				"Category": "Custom: Abilities",
				"Variable": "MetalMISC.AirActionMove2",
				"DefaultValue": "0x00",
				"Options":
				{
					"0x00": "None",
					"0x01": "Bullet Dash",
					"0x02": "Hover Dash",
					"0x03": "Triple jump",
					"0x04": "Electromagnetic Discharge",
					"0x05": "Hover",
					"0x06": "Super spin",
					"0xa0": "Vanish dash",
				}
			},
			{
				"InternalName": "JUMPMOVEUP",
				"DisplayName": "Up + air jump move",
				"Category": "Custom: Abilities",
				"Variable": "MetalMISC.UpJumpMove",
				"DefaultValue": "0x01",
				"Options":
				{
					"0x00": "None",
					"0x01": "Bullet Dash",
					"0x02": "Hover Dash",
					"0x03": "Double jump",
					"0x04": "Electromagnetic Discharge",
					"0x05": "Hover",
					"0x06": "Super spin",
					"0xa0": "Vanish dash",
				}
			},
			{
				"InternalName": "AIRACTIONMOVEUP",
				"DisplayName": "Up + air action move",
				"Category": "Custom: Abilities",
				"Variable": "MetalMISC.UpAirActionMove",
				"DefaultValue": "0x00",
				"Options":
				{
					"0x00": "None",
					"0x01": "Bullet Dash",
					"0x02": "Hover Dash",
					"0x03": "Double jump",
					"0x04": "Electromagnetic Discharge",
					"0x05": "Hover",
					"0x06": "Super spin",
					"0xa0": "Vanish dash",
				}
			},
			{
				"InternalName": "JUMPMOVEUP2",
				"DisplayName": "Up + double jump move",
				"Category": "Custom: Abilities",
				"Variable": "MetalMISC.UpJumpMove2",
				"DefaultValue": "0x00",
				"Options":
				{
					"0x00": "None",
					"0x01": "Bullet Dash",
					"0x02": "Hover Dash",
					"0x03": "Triple jump",
					"0x04": "Electromagnetic Discharge",
					"0x05": "Hover",
					"0x06": "Super spin",
					"0xa0": "Vanish dash",
				}
			},
			{
				"InternalName": "AIRACTIONMOVEUP2",
				"DisplayName": "Up + double jump action",
				"Category": "Custom: Abilities",
				"Variable": "MetalMISC.UpAirActionMove2",
				"DefaultValue": "0x00",
				"Options":
				{
					"0x00": "None",
					"0x01": "Bullet Dash",
					"0x02": "Hover Dash",
					"0x03": "Triple jump",
					"0x04": "Electromagnetic Discharge",
					"0x05": "Hover",
					"0x06": "Super spin",
					"0xa0": "Vanish dash",
				}
			},
			{
				"InternalName": "JUMPMOVEDOWN",
				"DisplayName": "Down + air jump move",
				"Category": "Custom: Abilities",
				"Variable": "MetalMISC.DownJumpMove",
				"DefaultValue": "0x01",
				"Options":
				{
					"0x00": "None",
					"0x01": "Bullet Dash",
					"0x02": "Hover Dash",
					"0x03": "Double jump",
					"0x04": "Electromagnetic Discharge",
					"0x05": "Hover",
					"0x06": "Super spin",
					"0xa0": "Vanish dash",
				}
			},
			{
				"InternalName": "AIRACTIONMOVEDOWN",
				"DisplayName": "Down + air action move",
				"Category": "Custom: Abilities",
				"Variable": "MetalMISC.DownAirActionMove",
				"DefaultValue": "0x00",
				"Options":
				{
					"0x00": "None",
					"0x01": "Bullet Dash",
					"0x02": "Hover Dash",
					"0x03": "Double jump",
					"0x04": "Electromagnetic Discharge",
					"0x05": "Hover",
					"0x06": "Super spin",
					"0xa0": "Vanish dash",
				}
			},
			{
				"InternalName": "JUMPMOVE2DOWN",
				"DisplayName": "Down + double jump move",
				"Category": "Custom: Abilities",
				"Variable": "MetalMISC.DownJumpMove2",
				"DefaultValue": "0x00",
				"Options":
				{
					"0x00": "None",
					"0x01": "Bullet Dash",
					"0x02": "Hover Dash",
					"0x03": "Triple jump",
					"0x04": "Electromagnetic Discharge",
					"0x05": "Hover",
					"0x06": "Super spin",
					"0xa0": "Vanish dash",
				}
			},
			{
				"InternalName": "AIRACTIONMOVE2DOWN",
				"DisplayName": "Down + double jump action",
				"Category": "Custom: Abilities",
				"Variable": "MetalMISC.DownAirActionMove2",
				"DefaultValue": "0x00",
				"Options":
				{
					"0x00": "None",
					"0x01": "Bullet Dash",
					"0x02": "Hover Dash",
					"0x03": "Triple jump",
					"0x04": "Electromagnetic Discharge",
					"0x05": "Hover",
					"0x06": "Super spin",
					"0xa0": "Vanish dash",
				}
			},
			{
				"InternalName": "ACTIONMOVE",
				"DisplayName": "Ground action move",
				"Category": "Custom: Abilities",
				"Variable": "MetalMISC.ActionMove",
				"DefaultValue": "0x00",
				"Options":
				{
					"0x00": "None",
					"0x02": "Instant Spindash",
					"0x03": "Instant Peelout",
					"0x04": "V. Overdrive",
				}
			},
			{
				"InternalName": "ACTIONRUN",
				"DisplayName": "Run + Action",
				"Category": "Custom: Abilities",
				"Variable": "MetalMISC.ActionRun",
				"DefaultValue": "0x00",
				"Options":
				{
					"0x00": "None",
					"0x02": "Instant Spindash",
					"0x03": "Instant Peelout",
					"0x04": "V. Overdrive",
				}
			},
			{
				"InternalName": "UPJUMP",
				"DisplayName": "Up + Jump",
				"Category": "Custom: Abilities",
				"Variable": "MetalMISC.UpJump",
				"DefaultValue": "0x00",
				"Options":
				{
					"0x00": "None",
					"0x01": "Peelout",
					"0x02": "Spindash",
				}
			},
			{
				"InternalName": "UPACTION",
				"DisplayName": "Up + Action",
				"Category": "Custom: Abilities",
				"Variable": "MetalMISC.UpAction",
				"DefaultValue": "0x00",
				"Options":
				{
					"0x00": "None",
					"0x01": "Peelout",
					"0x02": "Spindash",
				}
			},
			{
				"InternalName": "DOWNJUMP",
				"DisplayName": "Down + Jump",
				"Category": "Custom: Abilities",
				"Variable": "MetalMISC.DownJump",
				"DefaultValue": "0x02",
				"Options":
				{
					"0x00": "None",
					"0x01": "Peelout",	
					"0x02": "Spindash",
				}
			},
			{
				"InternalName": "DOWNACTION",
				"DisplayName": "Down + Action",
				"Category": "Custom: Abilities",
				"Variable": "MetalMISC.DownAction",
				"DefaultValue": "0x00",
				"Options":
				{
					"0x00": "None",
					"0x01": "Peelout",	
					"0x02": "Spindash",
				}
			},
			{
				"InternalName": "ZAPSCRAP",
				"DisplayName": "Zap Scrap ball",
				"Category": "Custom: Abilities",
				"Variable": "MetalMISC.ZapScrap",
				"DefaultValue": "0x01",
				"Options":
				{
					"0x00": "Off",
					"0x01": "On (Always)",
					"0x02": "On (Super)",
					"0x03": "On (Hyper)",
				}
			},
			{
				"InternalName": "WALLCLING",
				"DisplayName": "Wall cling",
				"Category": "Custom: Abilities",
				"Variable": "MetalMISC.WallCling",
				"DefaultValue": "0x02",
				"Options":
				{
					"0x00": "Off",
					"0x01": "On (No spindash)",
					"0x02": "On (Spindash)",
				}
			},
			{
				"InternalName": "OVERCLOCK",
				"DisplayName": "Chaos overclock",
				"Category": "Custom: Abilities",
				"Variable": "MetalMISC.Overclock",
				"DefaultValue": "0x01",
				"Options":
				{
					"0x00": "Off",
					"0x01": "On"
				}
			},
			{
				"InternalName": "DOUBLEJUMPNMOVES",
				"DisplayName": "Enable double jump moves",
				"Category": "Custom: Styles",
				"Variable": "MetalMISC.DJmoves",
				"DefaultValue": "0x00",
				"Options":
				{
					"0x00": "Off",
					"0x01": "On"
				}
			},
			{
				"InternalName": "BULLETSTYLE",
				"DisplayName": "Bullet dash style",
				"Category": "Custom: Styles",
				"Variable": "MetalMISC.BulletDashStyle",
				"DefaultValue": "0x00",
				"Options":
				{
					"0x00": "Focus",
					"0x01": "Flow"
				}
			},
			{
				"InternalName": "WALLBOUNCE",
				"DisplayName": "Bullet wall bounce",
				"Category": "Custom: Styles",
				"Variable": "MetalMISC.WallB",
				"DefaultValue": "0x00",
				"Options":
				{
					"0x00": "On",
					"0x01": "Off"
				}
			},
			{
				"InternalName": "FLOORBOUNCE",
				"DisplayName": "Bullet floor bounce",
				"Category": "Custom: Styles",
				"Variable": "MetalMISC.FloorB",
				"DefaultValue": "0x00",
				"Options":
				{
					"0x00": "On",
					"0x01": "Off"
				}
			},
			{
				"InternalName": "SUPERSPINSTYLE",
				"DisplayName": "Super spin style",
				"Category": "Custom: Styles",
				"Variable": "MetalMISC.SuperSpinStyle",
				"DefaultValue": "0x00",
				"Options":
				{
					"0x00": "Unique",
					"0x01": "Dropdash-esque"
				}
			},
			{
				"InternalName": "EnableAbilities",
				"DisplayName": "Can always use abilities",
				"Category": "Custom: Styles",
				"Variable": "MetalMISC.AlwaysUseMoves",
				"DefaultValue": "0x00",
				"Options":
				{
					"0x00": "Off",
					"0x01": "On"
				}
			},
			{
				"InternalName": "WallSpinDashAbilities",
				"DisplayName": "Ground actions on walls",
				"Category": "Custom: Styles",
				"Variable": "MetalMISC.SpindashGroundMoves",
				"DefaultValue": "0x00",
				"Options":
				{
					"0x00": "Off",
					"0x01": "On"
				}
			},
			{
				"InternalName": "RECURL",
				"DisplayName": "Air recurl",
				"Category": "Custom: Styles",
				"Variable": "MetalMISC.Recurl",
				"DefaultValue": "0x00",
				"Options":
				{
					"0x00": "Off",
					"0x01": "On"
				}
			},
    		]
	}
}
