{
	"cutscene_modernknuckles_5_0x00":  { "File": "cutscene_modernknuckles_5.bmp", "Rect": "0,7,40,25", "Center": "20,13" },
	"cutscene_modernknuckles_5_0x01":  { "File": "cutscene_modernknuckles_5.bmp", "Rect": "40,7,40,25", "Center": "20,13" },
	"cutscene_modernknuckles_5_0x02":  { "File": "cutscene_modernknuckles_5.bmp", "Rect": "80,7,40,24", "Center": "20,13" },
	"cutscene_modernknuckles_5_0x03":  { "File": "cutscene_modernknuckles_5.bmp", "Rect": "124,7,32,25", "Center": "12,14" },
	"cutscene_modernknuckles_5_0x04":  { "File": "cutscene_modernknuckles_5.bmp", "Rect": "160,7,40,25", "Center": "20,13" },
	"cutscene_modernknuckles_5_0x05":  { "File": "cutscene_modernknuckles_5.bmp", "Rect": "200,8,41,24", "Center": "20,4" },
	"cutscene_modernknuckles_5_0x06":  { "File": "cutscene_modernknuckles_5.bmp", "Rect": "241,8,41,24", "Center": "20,4" },
	"cutscene_modernknuckles_5_0x07":  { "File": "cutscene_modernknuckles_5.bmp", "Rect": "282,7,40,25", "Center": "19,5" },
	"cutscene_modernknuckles_5_0x08":  { "File": "cutscene_modernknuckles_5.bmp", "Rect": "322,8,40,24", "Center": "19,4" },
	"cutscene_modernknuckles_5_0x09":  { "File": "cutscene_modernknuckles_5.bmp", "Rect": "363,0,33,40", "Center": "13,20" },
	"cutscene_modernknuckles_5_0x0a":  { "File": "cutscene_modernknuckles_5.bmp", "Rect": "404,0,32,40", "Center": "12,20" }
}