{
	"character_hue_vanish_default_0":  { "File": "character_hue_vanish.bmp", "Rect": "1,1,68,45", "Center": "38,15" },
	"character_hue_vanish_default_1":  { "File": "character_hue_vanish.bmp", "Rect": "71,1,68,45", "Center": "38,15" },
	"character_hue_vanish_default_2":  { "File": "character_hue_vanish.bmp", "Rect": "141,1,68,45", "Center": "38,15" },
	"character_hue_vanish_default_3":  { "File": "character_hue_vanish.bmp", "Rect": "211,1,68,45", "Center": "38,15" },
	"character_hue_vanish_default_4":  { "File": "character_hue_vanish.bmp", "Rect": "281,1,68,45", "Center": "38,15" },
	"character_hue_vanish_0":  { "File": "character_hue_vanish_2.bmp", "Rect": "1,1,40,47", "Center": "20,19" },
	"character_hue_vanish_1":  { "File": "character_hue_vanish_2.bmp", "Rect": "43,1,40,47", "Center": "20,19" },
	"character_hue_vanish_2":  { "File": "character_hue_vanish_2.bmp", "Rect": "85,1,40,47", "Center": "20,19" },
	"character_hue_vanish_3":  { "File": "character_hue_vanish_2.bmp", "Rect": "127,1,40,47", "Center": "20,19" },
	"character_hue_vanish_4":  { "File": "character_hue_vanish_2.bmp", "Rect": "169,1,40,47", "Center": "20,19" },
	"character_hue_vanish_diag_0":  { "File": "character_hue_vanish_3.bmp", "Rect": "1,1,44,44", "Center": "20,19" },
	"character_hue_vanish_diag_1":  { "File": "character_hue_vanish_3.bmp", "Rect": "47,1,44,44", "Center": "20,19" },
	"character_hue_vanish_diag_2":  { "File": "character_hue_vanish_3.bmp", "Rect": "93,1,44,44", "Center": "20,19" },
	"character_hue_vanish_diag_3":  { "File": "character_hue_vanish_3.bmp", "Rect": "139,1,44,44", "Center": "20,19" },
	"character_hue_vanish_diag_4":  { "File": "character_hue_vanish_3.bmp", "Rect": "185,1,44,44", "Center": "20,19" },
	"character_hue_vanish_up_0":  { "File": "character_hue_vanish_4.bmp", "Rect": "1,1,38,48", "Center": "19,24" },
	"character_hue_vanish_up_1":  { "File": "character_hue_vanish_4.bmp", "Rect": "41,1,38,48", "Center": "18,24" },
	"character_hue_vanish_up_2":  { "File": "character_hue_vanish_4.bmp", "Rect": "81,1,38,48", "Center": "19,24" },
	"character_hue_vanish_up_3":  { "File": "character_hue_vanish_4.bmp", "Rect": "121,1,38,48", "Center": "19,24" },
	"character_hue_vanish_up_4":  { "File": "character_hue_vanish_4.bmp", "Rect": "161,1,38,48", "Center": "19,24" },
	"character_hue_vanish_side_0":  { "File": "character_hue_vanish_5.bmp", "Rect": "1,1,43,37", "Center": "18,19" },
	"character_hue_vanish_side_1":  { "File": "character_hue_vanish_5.bmp", "Rect": "46,1,43,37", "Center": "18,19" },
	"character_hue_vanish_side_2":  { "File": "character_hue_vanish_5.bmp", "Rect": "91,1,43,37", "Center": "18,19" },
	"character_hue_vanish_side_3":  { "File": "character_hue_vanish_5.bmp", "Rect": "136,1,43,37", "Center": "18,19" },
	"character_hue_vanish_side_4":  { "File": "character_hue_vanish_5.bmp", "Rect": "181,1,43,37", "Center": "18,19" },
	"character_hue_vanish_special_0":  { "File": "character_hue_vanish_6.bmp", "Rect": "1,1,58,57", "Center": "27,25" },
	"character_hue_vanish_special_1":  { "File": "character_hue_vanish_6.bmp", "Rect": "61,1,58,57", "Center": "29,25" },
	"character_hue_vanish_special_2":  { "File": "character_hue_vanish_6.bmp", "Rect": "121,1,58,57", "Center": "29,26" },
	"character_hue_vanish_special_3":  { "File": "character_hue_vanish_6.bmp", "Rect": "181,1,58,57", "Center": "29,28" },
	"character_hue_vanish_special_4":  { "File": "character_hue_vanish_6.bmp", "Rect": "241,1,58,57", "Center": "30,27" },
	"character_hue_vanish_special_5":  { "File": "character_hue_vanish_6.bmp", "Rect": "301,1,58,57", "Center": "30,27" },
	"character_hue_vanish_special_6":  { "File": "character_hue_vanish_6.bmp", "Rect": "361,1,58,57", "Center": "30,28" },
	"character_hue_vanish_special_7":  { "File": "character_hue_vanish_6.bmp", "Rect": "421,1,58,57", "Center": "29,28" },
	"character_hue_vanish_special_8":  { "File": "character_hue_vanish_6.bmp", "Rect": "481,1,58,57", "Center": "30,31" },
	"character_hue_vanish_special_9":  { "File": "character_hue_vanish_6.bmp", "Rect": "541,1,58,57", "Center": "26,26" }
}