{
	"HammerProjectileTT16_0":  { "File": "tt16_throwhammer.bmp", "Rect": "104,85,26,25", "Center": "17,16" },
	"HammerProjectileTT16_1":  { "File": "tt16_throwhammer.bmp", "Rect": "71,84,26,25", "Center": "13,12" },
	"HammerProjectileTT16_2":  { "File": "tt16_throwhammer.bmp", "Rect": "39,83,25,26", "Center": "16,9" },
	"HammerProjectileTT16_3":  { "File": "tt16_throwhammer.bmp", "Rect": "7,83,25,26", "Center": "12,13" },
	"HammerProjectileTT16_4":  { "File": "tt16_throwhammer.bmp", "Rect": "104,53,26,25", "Center": "9,9" },
	"HammerProjectileTT16_5":  { "File": "tt16_throwhammer.bmp", "Rect": "71,53,26,25", "Center": "13,13" },
	"HammerProjectileTT16_6":  { "File": "tt16_throwhammer.bmp", "Rect": "39,52,25,26", "Center": "10,16" },
	"HammerProjectileTT16_7":  { "File": "tt16_throwhammer.bmp", "Rect": "7,52,25,26", "Center": "13,13" },
	"Throw_TT16_0":  { "File": "tt16_throwhammer.bmp", "Rect": "4,9,26,36", "Center": "14,20" },
	"Throw_TT16_1":  { "File": "tt16_throwhammer.bmp", "Rect": "35,9,32,36", "Center": "13,20" },
	"Throw_TT16_2":  { "File": "tt16_throwhammer.bmp", "Rect": "73,9,32,36", "Center": "11,20" },
	"Throw_TT16_3":  { "File": "tt16_throwhammer.bmp", "Rect": "112,9,28,36", "Center": "12,20" }
}