{
	"character_TT16_hammerspin_0":  { "File": "HammerSpin.bmp", "Rect": "0,0,62,62", "Center": "30,31" },
	"character_TT16_hammerspin_1":  { "File": "HammerSpin.bmp", "Rect": "62,0,62,62", "Center": "28,30" },
	"character_TT16_hammerspin_2":  { "File": "HammerSpin.bmp", "Rect": "124,0,62,62", "Center": "30,31" },
	"character_TT16_hammerspin_3":  { "File": "HammerSpin.bmp", "Rect": "186,0,62,62", "Center": "30,29" },
	"character_TT16_hammerspin_4":  { "File": "HammerSpin.bmp", "Rect": "248,0,62,62", "Center": "30,31" },
	"character_TT16_hammerspin_5":  { "File": "HammerSpin.bmp", "Rect": "310,0,62,62", "Center": "30,30" },
	"character_TT16_hammerspin_6":  { "File": "HammerSpin.bmp", "Rect": "372,0,62,62", "Center": "30,31" },
	"character_TT16_hammerspin_7":  { "File": "HammerSpin.bmp", "Rect": "434,0,62,62", "Center": "31,31" },
	"character_TT16_hammercharge_0":  { "File": "HammerSpinCharge.bmp", "Rect": "0,0,62,62", "Center": "29,30" },
	"character_TT16_hammercharge_1":  { "File": "HammerSpinCharge.bmp", "Rect": "62,0,62,62", "Center": "30,30" },
	"character_TT16_hammercharge_2":  { "File": "HammerSpinCharge.bmp", "Rect": "124,0,62,62", "Center": "30,31" },
	"character_TT16_hammercharge_3":  { "File": "HammerSpinCharge.bmp", "Rect": "186,0,62,62", "Center": "29,31" },
	"character_TT16_hammercharge_4":  { "File": "HammerSpinCharge.bmp", "Rect": "248,0,62,62", "Center": "29,30" },
	"character_TT16_hammercharge_5":  { "File": "HammerSpinCharge.bmp", "Rect": "310,0,62,62", "Center": "30,30" },
	"character_TT16_hammercharge_6":  { "File": "HammerSpinCharge.bmp", "Rect": "372,0,62,62", "Center": "30,31" },
	"character_TT16_hammercharge_7":  { "File": "HammerSpinCharge.bmp", "Rect": "434,0,62,62", "Center": "29,31" },
	"character_TT16_hammerglide_0":  { "File": "tt16_spinny.bmp", "Rect": "0,0,55,35", "Center": "27,18" },
	"character_TT16_hammerglide_1":  { "File": "tt16_spinny.bmp", "Rect": "55,0,55,35", "Center": "27,18" },
	"character_TT16_hammerglide_2":  { "File": "tt16_spinny.bmp", "Rect": "0,35,55,35", "Center": "27,18" },
	"character_TT16_hammerglide_3":  { "File": "tt16_spinny.bmp", "Rect": "55,35,55,35", "Center": "27,18" },
	"character_TT16_hammerglide_4":  { "File": "tt16_spinny.bmp", "Rect": "0,70,55,35", "Center": "27,18" },
	"character_TT16_hammerglide_5":  { "File": "tt16_spinny.bmp", "Rect": "55,70,55,35", "Center": "27,18" },
}