{
	"character_TT16_hammerrush_0":  { "File": "hammer.bmp", "Rect": "0,0,48,45", "Center": "24,27" },
	"character_TT16_hammerrush_1":  { "File": "hammer.bmp", "Rect": "48,0,48,45", "Center": "24,27" },
	"character_TT16_hammerrush_2":  { "File": "hammer.bmp", "Rect": "96,0,48,45", "Center": "24,27" },
	"character_TT16_hammerrush_3":  { "File": "hammer.bmp", "Rect": "144,0,48,45", "Center": "24,27" },
	"character_TT16_hammerrush_4":  { "File": "hammer.bmp", "Rect": "192,0,48,45", "Center": "24,27" },
	"character_TT16_hammerrush_5":  { "File": "hammer.bmp", "Rect": "240,0,48,45", "Center": "24,27" },
	"character_TT16_hammerrush_6":  { "File": "hammer.bmp", "Rect": "288,0,48,45", "Center": "24,27" },
	"character_TT16_hammerrush_7":  { "File": "hammer.bmp", "Rect": "336,0,48,45", "Center": "24,27" },
}