{
	"hammer_attacktt16_0":  { "File": "attacktt16.bmp", "Rect": "0,0,70,44", "Center": "30,28" },
	"hammer_attacktt16_1":  { "File": "attacktt16.bmp", "Rect": "71,0,70,44", "Center": "31,28" },
	"hammer_attacktt16_2":  { "File": "attacktt16.bmp", "Rect": "142,0,70,44", "Center": "32,28" },
	"hammer_attacktt16_3":  { "File": "attacktt16.bmp", "Rect": "284,0,70,44", "Center": "33,28" },
	"hammer_attacktt16_4":  { "File": "attacktt16.bmp", "Rect": "213,0,70,44", "Center": "32,28" },
	"hammer_attacktt16_5":  { "File": "attacktt16.bmp", "Rect": "355,0,70,44", "Center": "31,28" },
	"hammer_attacktt16_6":  { "File": "attacktt16.bmp", "Rect": "426,0,70,44", "Center": "35,28" },
	"hammer_attacktt16_7":  { "File": "attacktt16.bmp", "Rect": "497,0,70,44", "Center": "31,28" },
	"hammer_attacktt16_8":  { "File": "attacktt16.bmp", "Rect": "568,0,70,44", "Center": "31,28" },
	"hammer_attacktt16_9":  { "File": "attacktt16.bmp", "Rect": "639,0,70,44", "Center": "31,28" },
	"hammer_attacktt16_10":  { "File": "attacktt16.bmp", "Rect": "710,0,70,44", "Center": "33,28" }
}