{
	"TT16_Airswing_0":  { "File": "tt16_airswing.bmp", "Rect": "2,2,36,52", "Center": "14,30" },
	"TT16_Airswing_1":  { "File": "tt16_airswing.bmp", "Rect": "41,3,34,51", "Center": "21,29" },
	"TT16_Airswing_2":  { "File": "tt16_airswing.bmp", "Rect": "77,15,46,39", "Center": "27,19" },
	"TT16_Airswing_3":  { "File": "tt16_airswing.bmp", "Rect": "125,6,40,48", "Center": "27,30" },
	"TT16_Airswing_4":  { "File": "tt16_airswing.bmp", "Rect": "167,6,23,48", "Center": "13,29" },
	"TT16_Airswing_5":  { "File": "tt16_airswing.bmp", "Rect": "192,8,46,46", "Center": "17,29" },
	"TT16_Airswing_6":  { "File": "tt16_airswing.bmp", "Rect": "2,58,44,46", "Center": "19,15" },
	"TT16_Airswing_7":  { "File": "tt16_airswing.bmp", "Rect": "49,58,36,34", "Center": "15,16" },
	"TT16_Airswing_8":  { "File": "tt16_airswing.bmp", "Rect": "88,58,33,41", "Center": "17,18" },
	"TT16_Airswing_9":  { "File": "tt16_airswing.bmp", "Rect": "124,58,33,36", "Center": "16,14" },
	"TT16_Airswing_10":  { "File": "tt16_airswing.bmp", "Rect": "160,58,40,33", "Center": "21,16" },
	"TT16_Airswing_11":  { "File": "tt16_airswing.bmp", "Rect": "3,108,42,29", "Center": "20,15" },
	"TT16_Airswing_12":  { "File": "tt16_airswing.bmp", "Rect": "48,108,32,41", "Center": "15,20" },
	"TT16_Airswing_13":  { "File": "tt16_airswing.bmp", "Rect": "84,108,29,42", "Center": "12,20" },
	"TT16_Airswing_14":  { "File": "tt16_airswing.bmp", "Rect": "116,108,23,41", "Center": "12,19" },
}