{
	"cutscene_modernknucklesgu_7_0x00": { "File": "cutscene_modernknucklesgu_7.png", "Rect": "4,0,24,32", "Center": "12,16" },
	"cutscene_modernknucklesgu_7_0x01": { "File": "cutscene_modernknucklesgu_7.png", "Rect": "36,0,24,32", "Center": "12,16" },
	"cutscene_modernknucklesgu_7_0x02": { "File": "cutscene_modernknucklesgu_7.png", "Rect": "64,0,32,32", "Center": "12,16" },
	"cutscene_modernknucklesgu_7_0x03": { "File": "cutscene_modernknucklesgu_7.png", "Rect": "96,0,32,32", "Center": "12,16" },
	"cutscene_modernknucklesgu_7_0x04": { "File": "cutscene_modernknucklesgu_7.png", "Rect": "136,4,16,24", "Center": "4,16" }
}
