{
	"cutscene_modernknucklesgu_2_0x00":  { "File": "cutscene_modernknucklesgu_2.png", "Rect": "0,4,40,32", "Center": "20,16" },
	"cutscene_modernknucklesgu_2_0x01":  { "File": "cutscene_modernknucklesgu_2.png", "Rect": "40,4,40,32", "Center": "20,16" },
	"cutscene_modernknucklesgu_2_0x02":  { "File": "cutscene_modernknucklesgu_2.png", "Rect": "80,4,39,32", "Center": "19,16" },
	"cutscene_modernknucklesgu_2_0x03":  { "File": "cutscene_modernknucklesgu_2.png", "Rect": "120,4,40,32", "Center": "20,11" },
	"cutscene_modernknucklesgu_2_0x04":  { "File": "cutscene_modernknucklesgu_2.png", "Rect": "160,8,41,24", "Center": "20,4" },
	"cutscene_modernknucklesgu_2_0x05":  { "File": "cutscene_modernknucklesgu_2.png", "Rect": "201,8,40,24", "Center": "19,4" },
	"cutscene_modernknucklesgu_2_0x06":  { "File": "cutscene_modernknucklesgu_2.png", "Rect": "242,8,40,24", "Center": "19,4" },
	"cutscene_modernknucklesgu_2_0x07":  { "File": "cutscene_modernknucklesgu_2.png", "Rect": "285,7,36,25", "Center": "15,5" },
	"cutscene_modernknucklesgu_2_0x08":  { "File": "cutscene_modernknucklesgu_2.png", "Rect": "321,8,39,24", "Center": "18,4" },
	"cutscene_modernknucklesgu_2_0x09":  { "File": "cutscene_modernknucklesgu_2.png", "Rect": "363,0,33,40", "Center": "13,20" },
	"cutscene_modernknucklesgu_2_0x0a":  { "File": "cutscene_modernknucklesgu_2.png", "Rect": "404,0,32,40", "Center": "12,20" },
	"cutscene_modernknucklesgu_2_0x0b":  { "File": "cutscene_modernknucklesgu_2.png", "Rect": "443,0,33,41", "Center": "13,21" },
	"cutscene_modernknucklesgu_2_0x0c":  { "File": "cutscene_modernknucklesgu_2.png", "Rect": "483,0,33,41", "Center": "13,21" },
	"cutscene_modernknucklesgu_2_0x0d":  { "File": "cutscene_modernknucklesgu_2.png", "Rect": "520,4,32,32", "Center": "16,12" },
	"cutscene_modernknucklesgu_2_0x0e":  { "File": "cutscene_modernknucklesgu_2.png", "Rect": "564,0,32,42", "Center": "12,22" },
	"cutscene_modernknucklesgu_2_0x0f":  { "File": "cutscene_modernknucklesgu_2.png", "Rect": "604,0,32,42", "Center": "11,22" },
	"cutscene_modernknucklesgu_2_0x10":  { "File": "cutscene_modernknucklesgu_2.png", "Rect": "0,38,40,42", "Center": "12,22" },
	"cutscene_modernknucklesgu_2_0x11":  { "File": "cutscene_modernknucklesgu_2.png", "Rect": "44,38,32,42", "Center": "12,22" },
	"cutscene_modernknucklesgu_2_0x12":  { "File": "cutscene_modernknucklesgu_2.png", "Rect": "84,38,32,42", "Center": "12,22" }
}