{
	"dataSel_lifeContinue_slot92":  { "File": "ContinueIcon.png", "Rect": "0,0,19,24", "Center": "0,0" },
	"continue_icon_slot92_wait_0x00": { "File": "SuperContinue.png", "Rect": "0,0,15,23", "Center": "20,20" },
	"continue_icon_slot92_wait_0x01": { "File": "SuperContinue.png", "Rect": "0,0,15,23", "Center": "20,20" },
	"ESS_Cont_Es92":  { "File": "ContinueIcon.png", "Rect": "0,0,19,24", "Center": "10,24" },
	"ESS_Life_Es92":  { "File": "Super_lifeicon.png", "Rect": "0,0,16,16", "Center": "8,16" },
	"hud_lives_icon_slot92":  { "File": "Super_lifeicon.png", "Rect": "0,0,16,16", "Center": "0,0" }
}