{
	"slot92_springtwirl_0":  { "File": "supersonic_twirl.bmp", "Rect": "0,0,40,46", "Center": "20,21" },
	"slot92_springtwirl_1":  { "File": "supersonic_twirl.bmp", "Rect": "41,0,40,46", "Center": "20,21" },
	"slot92_springtwirl_2":  { "File": "supersonic_twirl.bmp", "Rect": "82,0,40,46", "Center": "20,21" },
	"slot92_springtwirl_3":  { "File": "supersonic_twirl.bmp", "Rect": "123,0,40,46", "Center": "20,21" },
	"slot92_springtwirl_4":  { "File": "supersonic_twirl.bmp", "Rect": "164,0,40,46", "Center": "20,21" },
}