{
	"Bullet_Charge_0":  { "File": "BulletCharge.bmp", "Rect": "0,0,60,60", "Center": "30,30" },
	"Bullet_Charge_1":  { "File": "BulletCharge.bmp", "Rect": "60,0,60,60", "Center": "30,30" },
	"Bullet_Charge_2":  { "File": "BulletCharge.bmp", "Rect": "120,0,60,60", "Center": "30,30" },
	"Bullet_Charge_3":  { "File": "BulletCharge.bmp", "Rect": "180,0,60,60", "Center": "30,30" },
	"Bullet_Charge_4":  { "File": "BulletCharge.bmp", "Rect": "240,0,60,60", "Center": "30,30" },
	"Bullet_Charge_5":  { "File": "BulletCharge.bmp", "Rect": "300,0,60,60", "Center": "30,30" },
	"Bullet_Charge_6":  { "File": "BulletCharge.bmp", "Rect": "240,0,60,60", "Center": "30,30" },
	"Bullet_Charge_7":  { "File": "BulletCharge.bmp", "Rect": "60,0,60,60", "Center": "30,30" },
	"Bullet_Charge_8":  { "File": "BulletCharge.bmp", "Rect": "0,0,60,60", "Center": "30,30" },
	"Bullet_Charge_9":  { "File": "BulletCharge.bmp", "Rect": "300,0,60,60", "Center": "30,30" },
	"ElectricBall_0":  { "File": "ElectricBall.bmp", "Rect": "0,0,36,36", "Center": "18,18" },
	"ElectricBall_1":  { "File": "ElectricBall.bmp", "Rect": "34,0,35,36", "Center": "18,18" },
	"ElectricBall_2":  { "File": "ElectricBall.bmp", "Rect": "66,0,35,36", "Center": "20,18" },
	"ElectricBall_3":  { "File": "ElectricBall.bmp", "Rect": "101,0,35,36", "Center": "19,18" },
	"Zappies_0":  { "File": "Zappies.bmp", "Rect": "1,1,58,58", "Center": "30,28" },
	"Zappies_1":  { "File": "Zappies.bmp", "Rect": "181,1,58,58", "Center": "30,28" },
	"Zappies_2":  { "File": "Zappies.bmp", "Rect": "61,1,58,58", "Center": "30,28" },
	"Zappies_3":  { "File": "Zappies.bmp", "Rect": "181,1,58,58", "Center": "30,28" },
	"Zappies_4":  { "File": "Zappies.bmp", "Rect": "121,1,58,58", "Center": "29,28" },
	"Zappies_5":  { "File": "Zappies.bmp", "Rect": "181,1,58,58", "Center": "30,28" },
	"Electro_Discharge_0":  { "File": "ElectroDischarge.bmp", "Rect": "2,2,98,98", "Center": "49,49" },
	"Electro_Discharge_1":  { "File": "ElectroDischarge.bmp", "Rect": "104,2,98,98", "Center": "49,49" },
	"Electro_Discharge_2":  { "File": "ElectroDischarge.bmp", "Rect": "206,2,98,98", "Center": "49,49" },
	"Electro_Discharge_3":  { "File": "ElectroDischarge.bmp", "Rect": "308,2,98,98", "Center": "49,49" },
	"Electro_Discharge_4":  { "File": "ElectroDischarge.bmp", "Rect": "410,2,98,98", "Center": "49,49" },
	"Electro_Discharge_5":  { "File": "ElectroDischarge.bmp", "Rect": "512,2,98,98", "Center": "49,49" },
	"Electro_Discharge_6":  { "File": "ElectroDischarge.bmp", "Rect": "614,2,98,98", "Center": "49,49" },
	"Electro_Discharge_7":  { "File": "ElectroDischarge.bmp", "Rect": "716,2,98,98", "Center": "48,48" },
	"Electro_Discharge_8":  { "File": "ElectroDischarge.bmp", "Rect": "818,2,98,98", "Center": "48,48" },
	"Electro_Discharge_9":  { "File": "ElectroDischarge.bmp", "Rect": "2,2,1,1", "Center": "0,0" }
}