{
	"Metal_boss_boom_0":  { "File": "bossexplody.bmp", "Rect": "0,0,13,12", "Center": "6,6" },
	"Metal_boss_boom_1":  { "File": "bossexplody.bmp", "Rect": "14,0,21,20", "Center": "10,10" },
	"Metal_boss_boom_2":  { "File": "bossexplody.bmp", "Rect": "36,0,24,24", "Center": "12,12" },
	"Metal_boss_boom_3":  { "File": "bossexplody.bmp", "Rect": "61,0,24,22", "Center": "12,11" },
	"Metal_boss_boom_4":  { "File": "bossexplody.bmp", "Rect": "86,0,24,18", "Center": "12,9" },
	"Metal_boss_boom_5":  { "File": "bossexplody.bmp", "Rect": "111,0,24,11", "Center": "12,5" }
}