{
	"dust_0x00":  { "File": "dust.bmp", "Rect": "0,0,16,16", "Center": "8,8" },
	"dust_0x01":  { "File": "dust.bmp", "Rect": "16,0,16,16", "Center": "8,8" },
	"dust_0x02":  { "File": "dust.bmp", "Rect": "32,0,16,16", "Center": "8,8" },
	"dust_0x03":  { "File": "dust.bmp", "Rect": "48,0,16,16", "Center": "8,8" },
	"wall_spindust_0":  { "File": "Spindashdust.png", "Rect": "0,192,23,32", "Center": "12,0" },
	"wall_spindust_1":  { "File": "Spindashdust.png", "Rect": "0,160,23,32", "Center": "12,-1" },
	"wall_spindust_2":  { "File": "Spindashdust.png", "Rect": "0,128,23,32", "Center": "12,-2" },
	"wall_spindust_3":  { "File": "Spindashdust.png", "Rect": "0,96,23,32", "Center": "12,-3" },
	"wall_spindust_4":  { "File": "Spindashdust.png", "Rect": "0,64,23,32", "Center": "12,-2" },
	"wall_spindust_5":  { "File": "Spindashdust.png", "Rect": "0,32,23,32", "Center": "12,-1" },
	"wall_spindust_6":  { "File": "Spindashdust.png", "Rect": "0,0,23,32", "Center": "12,0" },
	"hue_airboost_0":  { "File": "MetalAirBoost.bmp", "Rect": "1,1,50,14", "Center": "23,8" },
	"hue_airboost_1":  { "File": "MetalAirBoost.bmp", "Rect": "53,1,50,14", "Center": "25,8" },
	"hue_airboost_2":  { "File": "MetalAirBoost.bmp", "Rect": "105,1,50,14", "Center": "25,7" },
	"hue_airboost_3":  { "File": "MetalAirBoost.bmp", "Rect": "157,1,50,14", "Center": "25,7" },
	"hue_airboost_4":  { "File": "MetalAirBoost.bmp", "Rect": "209,1,50,14", "Center": "23,7" },
	"hue_grayring_0":  { "File": "MetalGrayRing.bmp", "Rect": "0,0,16,16", "Center": "8,8" },
	"hue_grayring_1":  { "File": "MetalGrayRing.bmp", "Rect": "16,0,16,16", "Center": "8,8" },
	"hue_grayring_2":  { "File": "MetalGrayRing.bmp", "Rect": "32,0,16,16", "Center": "8,8" },
	"hue_grayring_3":  { "File": "MetalGrayRing.bmp", "Rect": "48,0,16,16", "Center": "8,8" }
}