{
	"Metadata":
	{
		"Name": "Extra Slot Modern Knuckles",
		"Author": "U.A-Sonic, Patrick Bravo 2002, Jesus.B & MrAxolot4231 ",
		"Description": "Modern Knuckles is real as well let's gooooo-",
		"ModVersion": "1.0"
	},
	"Settings":
	{
		"List":
		[

			{
			"InternalName": "MKnuxPal",
			"DisplayName": "M.Knux Palette",
            "Category": "Palettes",
			"Variable": "MKnuxPalette",
			"DefaultValue": "1",
			"Options":
			        {
				"0": "Sonic 3 & Knuckles",
				"1": "Sonic Unleashed / Generations",
                "2": "CGI Cinematic Cutscenes" 			           }
			},
			{
			"InternalName": "PartnerKnux",
			"DisplayName": "M.Knuckles Partner",
            "Category": "Misc",
			"Variable": "MKnuxPartner",
			"DefaultValue": "0",
			"Options":
			        {
				"0x00": "Off",
                "0x01": "On" 			           }
			}
		]
	}
}

