{
	"bluesphere_slot35_0x01":  { "File": "bluesphere_slot35.bmp", "Rect": "0,7,32,41", "Center": "16,36" },
	"bluesphere_slot35_0x02":  { "File": "bluesphere_slot35.bmp", "Rect": "32,3,32,49", "Center": "16,44" },
	"bluesphere_slot35_0x03":  { "File": "bluesphere_slot35.bmp", "Rect": "64,0,30,56", "Center": "16,44" },
	"bluesphere_slot35_0x04":  { "File": "bluesphere_slot35.bmp", "Rect": "94,0,32,56", "Center": "16,44" },
	"bluesphere_slot35_0x05":  { "File": "bluesphere_slot35.bmp", "Rect": "126,0,35,56", "Center": "19,43" },
	"bluesphere_slot35_0x06":  { "File": "bluesphere_slot35.bmp", "Rect": "161,0,31,56", "Center": "16,44" },
	"bluesphere_slot35_0x07":  { "File": "bluesphere_slot35.bmp", "Rect": "192,0,32,56", "Center": "16,44" },
	"bluesphere_slot35_0x08":  { "File": "bluesphere_slot35.bmp", "Rect": "224,0,35,56", "Center": "16,43" },
	"bluesphere_slot35_0x09":  { "File": "bluesphere_slot35.bmp", "Rect": "258,12,32,32", "Center": "14,38" },
	"bluesphere_slot35_0x0a":  { "File": "bluesphere_slot35.bmp", "Rect": "288,12,32,32", "Center": "16,38" },
	"bluesphere_slot35_0x0b":  { "File": "bluesphere_slot35.bmp", "Rect": "320,12,32,32", "Center": "16,38" }
}