{
	"character_slot35_0x01":  { "File": "character_slot35.bmp", "Rect": "8,7,40,41", "Center": "20,22" },
	"character_slot35_0x02":  { "File": "character_slot35.bmp", "Rect": "64,8,40,40", "Center": "18,21" },
	"character_slot35_0x03":  { "File": "character_slot35.bmp", "Rect": "124,8,37,40", "Center": "17,21" },
	"character_slot35_0x04":  { "File": "character_slot35.bmp", "Rect": "178,7,35,41", "Center": "16,22" },
	"character_slot35_0x05":  { "File": "character_slot35.bmp", "Rect": "231,7,41,41", "Center": "20,22" },
	"character_slot35_0x06":  { "File": "character_slot35.bmp", "Rect": "288,7,40,41", "Center": "18,21" },
	"character_slot35_0x07":  { "File": "character_slot35.bmp", "Rect": "344,7,41,40", "Center": "20,21" },
	"character_slot35_0x08":  { "File": "character_slot35.bmp", "Rect": "403,7,35,41", "Center": "15,21" },
	"character_slot35_0x09":  { "File": "character_slot35.bmp", "Rect": "455,4,41,48", "Center": "23,24" },
	"character_slot35_0x0a":  { "File": "character_slot35.bmp", "Rect": "508,7,48,41", "Center": "23,20" },
	"character_slot35_0x0b":  { "File": "character_slot35.bmp", "Rect": "566,6,44,45", "Center": "23,20" },
	"character_slot35_0x0c":  { "File": "character_slot35.bmp", "Rect": "620,6,48,44", "Center": "23,20" },
	"character_slot35_0x0d":  { "File": "character_slot35.bmp", "Rect": "679,4,41,48", "Center": "23,24" },
	"character_slot35_0x0e":  { "File": "character_slot35.bmp", "Rect": "732,4,48,48", "Center": "22,23" },
	"character_slot35_0x0f":  { "File": "character_slot35.bmp", "Rect": "789,5,45,46", "Center": "22,22" },
	"character_slot35_0x10":  { "File": "character_slot35.bmp", "Rect": "844,5,51,45", "Center": "22,22" },
	"character_slot35_0x11":  { "File": "character_slot35.bmp", "Rect": "7,64,41,40", "Center": "22,20" },
	"character_slot35_0x12":  { "File": "character_slot35.bmp", "Rect": "64,64,40,40", "Center": "21,22" },
	"character_slot35_0x13":  { "File": "character_slot35.bmp", "Rect": "120,65,40,38", "Center": "21,20" },
	"character_slot35_0x14":  { "File": "character_slot35.bmp", "Rect": "174,68,42,34", "Center": "23,18" },
	"character_slot35_0x15":  { "File": "character_slot35.bmp", "Rect": "230,64,42,40", "Center": "23,20" },
	"character_slot35_0x16":  { "File": "character_slot35.bmp", "Rect": "287,64,41,40", "Center": "21,22" },
	"character_slot35_0x17":  { "File": "character_slot35.bmp", "Rect": "344,63,40,41", "Center": "21,21" },
	"character_slot35_0x18":  { "File": "character_slot35.bmp", "Rect": "398,68,42,32", "Center": "22,18" },
	"character_slot35_0x19":  { "File": "character_slot35.bmp", "Rect": "452,64,48,40", "Center": "24,19" },
	"character_slot35_0x1a":  { "File": "character_slot35.bmp", "Rect": "511,62,41,48", "Center": "20,25" },
	"character_slot35_0x1b":  { "File": "character_slot35.bmp", "Rect": "565,64,47,44", "Center": "21,21" },
	"character_slot35_0x1c":  { "File": "character_slot35.bmp", "Rect": "622,62,45,49", "Center": "20,26" },
	"character_slot35_0x1d":  { "File": "character_slot35.bmp", "Rect": "676,66,48,41", "Center": "24,18" },
	"character_slot35_0x1e":  { "File": "character_slot35.bmp", "Rect": "732,60,48,49", "Center": "23,27" },
	"character_slot35_0x1f":  { "File": "character_slot35.bmp", "Rect": "789,62,47,45", "Center": "22,23" },
	"character_slot35_0x20":  { "File": "character_slot35.bmp", "Rect": "847,60,45,49", "Center": "22,27" },
	"character_slot35_0x21":  { "File": "character_slot35.bmp", "Rect": "5,120,48,40", "Center": "24,20" },
	"character_slot35_0x22":  { "File": "character_slot35.bmp", "Rect": "68,120,35,40", "Center": "17,21" },
	"character_slot35_0x23":  { "File": "character_slot35.bmp", "Rect": "118,120,46,40", "Center": "20,20" },
	"character_slot35_0x24":  { "File": "character_slot35.bmp", "Rect": "178,120,37,40", "Center": "18,20" },
	"character_slot35_0x25":  { "File": "character_slot35.bmp", "Rect": "232,120,40,40", "Center": "18,24" },
	"character_slot35_0x26":  { "File": "character_slot35.bmp", "Rect": "289,118,34,44", "Center": "19,22" },
	"character_slot35_0x27":  { "File": "character_slot35.bmp", "Rect": "344,120,40,40", "Center": "18,24" },
	"character_slot35_0x28":  { "File": "character_slot35.bmp", "Rect": "402,120,36,40", "Center": "19,22" },
	"character_slot35_0x29":  { "File": "character_slot35.bmp", "Rect": "456,116,40,48", "Center": "20,24" },
	"character_slot35_0x2a":  { "File": "character_slot35.bmp", "Rect": "512,122,40,36", "Center": "20,17" },
	"character_slot35_0x2b":  { "File": "character_slot35.bmp", "Rect": "568,116,40,48", "Center": "20,24" },
	"character_slot35_0x2c":  { "File": "character_slot35.bmp", "Rect": "624,122,40,37", "Center": "20,17" },
	"character_slot35_0x2d":  { "File": "character_slot35.bmp", "Rect": "680,118,40,42", "Center": "23,23" },
	"character_slot35_0x2e":  { "File": "character_slot35.bmp", "Rect": "733,124,44,34", "Center": "21,14" },
	"character_slot35_0x2f":  { "File": "character_slot35.bmp", "Rect": "792,119,40,42", "Center": "23,23" },
	"character_slot35_0x30":  { "File": "character_slot35.bmp", "Rect": "848,124,40,34", "Center": "21,15" },
	"character_slot35_0x31":  { "File": "character_slot35.bmp", "Rect": "10,174,33,42", "Center": "16,22" },
	"character_slot35_0x32":  { "File": "character_slot35.bmp", "Rect": "67,176,32,40", "Center": "14,22" },
	"character_slot35_0x33":  { "File": "character_slot35.bmp", "Rect": "121,179,32,33", "Center": "18,17" },
	"character_slot35_0x34":  { "File": "character_slot35.bmp", "Rect": "177,180,32,35", "Center": "18,17" },
	"character_slot35_0x35":  { "File": "character_slot35.bmp", "Rect": "231,180,32,34", "Center": "17,17" },
	"character_slot35_0x36":  { "File": "character_slot35.bmp", "Rect": "290,176,32,42", "Center": "17,22" },
	"character_slot35_0x37":  { "File": "character_slot35.bmp", "Rect": "348,176,34,42", "Center": "16,20" },
	"character_slot35_0x38":  { "File": "character_slot35.bmp", "Rect": "405,176,27,40", "Center": "15,18" },
	"character_slot35_0x39":  { "File": "character_slot35.bmp", "Rect": "460,179,32,34", "Center": "16,19" },
	"character_slot35_0x3a":  { "File": "character_slot35.bmp", "Rect": "516,177,32,35", "Center": "19,19" },
	"character_slot35_0x3b":  { "File": "character_slot35.bmp", "Rect": "572,175,29,41", "Center": "16,21" },
	"character_slot35_0x3c":  { "File": "character_slot35.bmp", "Rect": "627,175,29,41", "Center": "14,21" },
	"character_slot35_0x3d":  { "File": "character_slot35.bmp", "Rect": "685,172,28,48", "Center": "17,26" },
	"character_slot35_0x3e":  { "File": "character_slot35.bmp", "Rect": "740,178,28,34", "Center": "17,18" },
	"character_slot35_0x3f":  { "File": "character_slot35.bmp", "Rect": "794,177,32,35", "Center": "19,18" },
	"character_slot35_0x40":  { "File": "character_slot35.bmp", "Rect": "849,180,33,32", "Center": "19,14" },
	"character_slot35_0x41":  { "File": "character_slot35.bmp", "Rect": "12,232,32,40", "Center": "16,17" },
	"character_slot35_0x42":  { "File": "character_slot35.bmp", "Rect": "68,232,32,42", "Center": "16,20" },
	"character_slot35_0x43":  { "File": "character_slot35.bmp", "Rect": "124,232,27,41", "Center": "15,20" },
	"character_slot35_0x44":  { "File": "character_slot35.bmp", "Rect": "179,236,29,38", "Center": "16,16" },
	"character_slot35_0x45":  { "File": "character_slot35.bmp", "Rect": "233,240,32,27", "Center": "17,10" },
	"character_slot35_0x46":  { "File": "character_slot35.bmp", "Rect": "296,236,24,32", "Center": "13,13" },
	"character_slot35_0x47":  { "File": "character_slot35.bmp", "Rect": "348,232,28,40", "Center": "17,21" },
	"character_slot35_0x48":  { "File": "character_slot35.bmp", "Rect": "400,229,33,43", "Center": "21,23" },
	"character_slot35_0x49":  { "File": "character_slot35.bmp", "Rect": "454,230,41,44", "Center": "22,26" },
	"character_slot35_0x4a":  { "File": "character_slot35.bmp", "Rect": "516,222,32,51", "Center": "14,28" },
	"character_slot35_0x4b":  { "File": "character_slot35.bmp", "Rect": "572,230,32,38", "Center": "16,27" },
	"character_slot35_0x4c":  { "File": "character_slot35.bmp", "Rect": "628,230,32,38", "Center": "13,21" },
	"character_slot35_0x4d":  { "File": "character_slot35.bmp", "Rect": "684,233,32,34", "Center": "13,21" },
	"character_slot35_0x4e":  { "File": "character_slot35.bmp", "Rect": "738,236,34,32", "Center": "20,14" },
	"character_slot35_0x4f":  { "File": "character_slot35.bmp", "Rect": "790,232,42,40", "Center": "24,22" },
	"character_slot35_0x50":  { "File": "character_slot35.bmp", "Rect": "846,232,43,40", "Center": "23,20" },
	"character_slot35_0x51":  { "File": "character_slot35.bmp", "Rect": "7,292,37,32", "Center": "22,19" },
	"character_slot35_0x52":  { "File": "character_slot35.bmp", "Rect": "64,292,36,32", "Center": "18,17" },
	"character_slot35_0x53":  { "File": "character_slot35.bmp", "Rect": "120,292,40,33", "Center": "24,19" },
	"character_slot35_0x54":  { "File": "character_slot35.bmp", "Rect": "176,291,40,33", "Center": "17,17" },
	"character_slot35_0x55":  { "File": "character_slot35.bmp", "Rect": "234,285,32,43", "Center": "20,23" },
	"character_slot35_0x56":  { "File": "character_slot35.bmp", "Rect": "289,285,33,43", "Center": "21,23" },
	"character_slot35_0x57":  { "File": "character_slot35.bmp", "Rect": "347,285,32,43", "Center": "18,23" },
	"character_slot35_0x58":  { "File": "character_slot35.bmp", "Rect": "408,285,24,43", "Center": "12,23" },
	"character_slot35_0x59":  { "File": "character_slot35.bmp", "Rect": "460,285,34,43", "Center": "14,23" },
	"character_slot35_0x5a":  { "File": "character_slot35.bmp", "Rect": "516,285,32,43", "Center": "16,23" },
	"character_slot35_0x5b":  { "File": "character_slot35.bmp", "Rect": "576,285,24,43", "Center": "14,23" },
	"character_slot35_0x5c":  { "File": "character_slot35.bmp", "Rect": "620,296,48,24", "Center": "20,11" },
	"character_slot35_0x5d":  { "File": "character_slot35.bmp", "Rect": "684,296,32,24", "Center": "4,12" },
	"character_slot35_0x5e":  { "File": "character_slot35.bmp", "Rect": "736,296,42,24", "Center": "30,12" },
	"character_slot35_0x5f":  { "File": "character_slot35.bmp", "Rect": "788,296,48,24", "Center": "27,11" },
	"character_slot35_0x60":  { "File": "character_slot35.bmp", "Rect": "852,296,32,24", "Center": "10,12" },
	"character_slot35_0x61":  { "File": "character_slot35.bmp", "Rect": "8,352,40,24", "Center": "38,12" },
	"character_slot35_0x62":  { "File": "character_slot35.bmp", "Rect": "64,348,40,32", "Center": "20,16" },
	"character_slot35_0x63":  { "File": "character_slot35.bmp", "Rect": "128,340,24,48", "Center": "11,24" },
	"character_slot35_0x64":  { "File": "character_slot35.bmp", "Rect": "184,348,24,32", "Center": "13,15" },
	"character_slot35_0x65":  { "File": "character_slot35.bmp", "Rect": "240,344,24,42", "Center": "12,21" },
	"character_slot35_0x66":  { "File": "character_slot35.bmp", "Rect": "296,340,24,48", "Center": "11,24" },
	"character_slot35_0x67":  { "File": "character_slot35.bmp", "Rect": "352,348,24,32", "Center": "14,16" },
	"character_slot35_0x68":  { "File": "character_slot35.bmp", "Rect": "408,344,24,40", "Center": "14,24" },
	"character_slot35_0x69":  { "File": "character_slot35.bmp", "Rect": "453,344,36,40", "Center": "23,20" },
	"character_slot35_0x6a":  { "File": "character_slot35.bmp", "Rect": "511,344,32,40", "Center": "21,20" },
	"character_slot35_0x6b":  { "File": "character_slot35.bmp", "Rect": "572,348,33,33", "Center": "21,20" },
	"character_slot35_0x6c":  { "File": "character_slot35.bmp", "Rect": "618,348,42,32", "Center": "26,16" },
	"character_slot35_0x6d":  { "File": "character_slot35.bmp", "Rect": "678,348,42,35", "Center": "22,16" },
	"character_slot35_0x6e":  { "File": "character_slot35.bmp", "Rect": "736,348,40,32", "Center": "20,16" },
	"character_slot35_0x6f":  { "File": "character_slot35.bmp", "Rect": "794,348,34,32", "Center": "18,16" },
	"character_slot35_0x70":  { "File": "character_slot35.bmp", "Rect": "850,348,35,32", "Center": "18,16" },
	"character_slot35_0x71":  { "File": "character_slot35.bmp", "Rect": "12,404,41,32", "Center": "16,16" },
	"character_slot35_0x72":  { "File": "character_slot35.bmp", "Rect": "64,404,47,32", "Center": "20,16" },
	"character_slot35_0x73":  { "File": "character_slot35.bmp", "Rect": "120,404,43,32", "Center": "20,16" },
	"character_slot35_0x74":  { "File": "character_slot35.bmp", "Rect": "180,404,37,32", "Center": "16,16" },
	"character_slot35_0x75":  { "File": "character_slot35.bmp", "Rect": "237,404,30,32", "Center": "15,16" },
	"character_slot35_0x76":  { "File": "character_slot35.bmp", "Rect": "290,404,35,32", "Center": "18,16" },
	"character_slot35_0x77":  { "File": "character_slot35.bmp", "Rect": "346,404,34,31", "Center": "18,16" },
	"character_slot35_0x78":  { "File": "character_slot35.bmp", "Rect": "396,396,41,48", "Center": "22,25" },
	"character_slot35_0x79":  { "File": "character_slot35.bmp", "Rect": "452,400,50,42", "Center": "31,26" },
	"character_slot35_0x7a":  { "File": "character_slot35.bmp", "Rect": "508,400,48,44", "Center": "26,23" },
	"character_slot35_0x7b":  { "File": "character_slot35.bmp", "Rect": "568,396,42,48", "Center": "27,18" },
	"character_slot35_0x7c":  { "File": "character_slot35.bmp", "Rect": "624,396,44,48", "Center": "23,22" },
	"character_slot35_0x7d":  { "File": "character_slot35.bmp", "Rect": "675,398,48,40", "Center": "21,15" },
	"character_slot35_0x7e":  { "File": "character_slot35.bmp", "Rect": "732,396,48,40", "Center": "23,21" },
	"character_slot35_0x7f":  { "File": "character_slot35.bmp", "Rect": "790,396,40,49", "Center": "15,28" },
	"character_slot35_0x80":  { "File": "character_slot35.bmp", "Rect": "848,396,40,49", "Center": "17,24" },
	"character_slot35_0x81":  { "File": "character_slot35.bmp", "Rect": "7,452,32,51", "Center": "23,24" },
	"character_slot35_0x82":  { "File": "character_slot35.bmp", "Rect": "68,452,32,52", "Center": "20,24" },
	"character_slot35_0x83":  { "File": "character_slot35.bmp", "Rect": "120,452,40,51", "Center": "22,24" },
	"character_slot35_0x84":  { "File": "character_slot35.bmp", "Rect": "179,452,32,51", "Center": "20,24" },
	"character_slot35_0x85":  { "File": "character_slot35.bmp", "Rect": "233,452,32,51", "Center": "20,24" },
	"character_slot35_0x86":  { "File": "character_slot35.bmp", "Rect": "292,460,32,32", "Center": "12,8" },
	"character_slot35_0x87":  { "File": "character_slot35.bmp", "Rect": "348,460,32,32", "Center": "12,8" },
	"character_slot35_0x88":  { "File": "character_slot35.bmp", "Rect": "404,460,32,32", "Center": "12,8" },
	"character_slot35_0x89":  { "File": "character_slot35.bmp", "Rect": "460,460,32,32", "Center": "12,8" },
	"character_slot35_0x8a":  { "File": "character_slot35.bmp", "Rect": "516,460,32,32", "Center": "12,8" },
	"character_slot35_0x8b":  { "File": "character_slot35.bmp", "Rect": "572,460,32,32", "Center": "12,8" },
	"character_slot35_0x8c":  { "File": "character_slot35.bmp", "Rect": "622,454,43,46", "Center": "24,22" },
	"character_slot35_0x8d":  { "File": "character_slot35.bmp", "Rect": "676,454,46,44", "Center": "24,22" },
	"character_slot35_0x8e":  { "File": "character_slot35.bmp", "Rect": "739,448,30,53", "Center": "20,28" },
	"character_slot35_0x8f":  { "File": "character_slot35.bmp", "Rect": "790,459,40,32", "Center": "25,16" },
	"character_slot35_0x90":  { "File": "character_slot35.bmp", "Rect": "848,452,35,51", "Center": "20,24" },
	"character_slot35_0x91":  { "File": "character_slot35.bmp", "Rect": "4,508,40,48", "Center": "20,26" },
	"character_slot35_0x92":  { "File": "character_slot35.bmp", "Rect": "60,512,40,40", "Center": "20,24" },
	"character_slot35_0x93":  { "File": "character_slot35.bmp", "Rect": "121,516,32,32", "Center": "20,24" },
	"character_slot35_0x94":  { "File": "character_slot35.bmp", "Rect": "180,508,32,48", "Center": "14,24" },
	"character_slot35_0x95":  { "File": "character_slot35.bmp", "Rect": "239,508,25,48", "Center": "10,24" },
	"character_slot35_0x96":  { "File": "character_slot35.bmp", "Rect": "290,516,35,33", "Center": "18,16" },
	"character_slot35_0x97":  { "File": "character_slot35.bmp", "Rect": "348,516,32,32", "Center": "16,16" },
	"character_slot35_0x98":  { "File": "character_slot35.bmp", "Rect": "404,516,32,32", "Center": "16,16" },
	"character_slot35_0x99":  { "File": "character_slot35.bmp", "Rect": "460,516,32,32", "Center": "16,16" },
	"character_slot35_0x9a":  { "File": "character_slot35.bmp", "Rect": "516,516,32,32", "Center": "16,16" },
	"character_slot35_0x9b":  { "File": "character_slot35.bmp", "Rect": "571,512,29,40", "Center": "16,20" },
	"character_slot35_0x9c":  { "File": "character_slot35.bmp", "Rect": "628,516,33,32", "Center": "16,12" },
	"character_slot35_0x9d":  { "File": "character_slot35.bmp", "Rect": "679,510,41,41", "Center": "19,22" },
	"character_slot35_0x9e":  { "File": "character_slot35.bmp", "Rect": "736,510,40,41", "Center": "19,22" },
	"character_slot35_0x9f":  { "File": "character_slot35.bmp", "Rect": "793,510,35,41", "Center": "19,22" },
	"character_slot35_0xa0":  { "File": "character_slot35.bmp", "Rect": "847,510,41,42", "Center": "17,21" },
	"character_slot35_0xa1":  { "File": "character_slot35.bmp", "Rect": "1,569,48,43", "Center": "24,23" },
	"character_slot35_0xa2":  { "File": "character_slot35.bmp", "Rect": "58,569,46,43", "Center": "23,23" },
	"character_slot35_0xa3":  { "File": "character_slot35.bmp", "Rect": "114,569,48,43", "Center": "22,23" },
	"character_slot35_0xa4":  { "File": "character_slot35.bmp", "Rect": "170,565,48,43", "Center": "24,23" },
	"character_slot35_0xa5":  { "File": "character_slot35.bmp", "Rect": "227,566,46,42", "Center": "23,22" },
	"character_slot35_0xa6":  { "File": "character_slot35.bmp", "Rect": "283,567,44,41", "Center": "22,21" },
	"character_slot35_0xa7":  { "File": "character_slot35.bmp", "Rect": "340,564,48,46", "Center": "24,23" },
	"character_slot35_0xa8":  { "File": "character_slot35.bmp", "Rect": "396,564,48,46", "Center": "24,23" },
	"character_slot35_0xa9":  { "File": "character_slot35.bmp", "Rect": "453,568,46,40", "Center": "23,20" },
	"character_slot35_0xaa":  { "File": "character_slot35.bmp", "Rect": "504,572,56,34", "Center": "26,16" },
	"character_slot35_0xab":  { "File": "character_slot35.bmp", "Rect": "561,572,57,34", "Center": "26,16" },
	"character_slot35_0xac":  { "File": "character_slot35.bmp", "Rect": "622,568,43,40", "Center": "21,20" },
	"character_slot35_0xad":  { "File": "character_slot35.bmp", "Rect": "682,565,33,43", "Center": "21,23" },
	"character_slot35_0xae":  { "File": "character_slot35.bmp", "Rect": "737,565,39,43", "Center": "22,23" },
	"character_slot35_0xaf":  { "File": "character_slot35.bmp", "Rect": "792,565,40,43", "Center": "22,23" },
	"character_slot35_0xb0":  { "File": "character_slot35.bmp", "Rect": "852,560,33,48", "Center": "16,28" },
	"character_slot35_0xb1":  { "File": "character_slot35.bmp", "Rect": "10,621,37,43", "Center": "18,23" },
	"character_slot35_0xb2":  { "File": "character_slot35.bmp", "Rect": "65,621,37,43", "Center": "18,23" },
	"character_slot35_0xb3":  { "File": "character_slot35.bmp", "Rect": "121,621,37,43", "Center": "18,23" },
	"character_slot35_0xb4":  { "File": "character_slot35.bmp", "Rect": "178,616,34,57", "Center": "16,26" },
	"character_slot35_0xb5":  { "File": "character_slot35.bmp", "Rect": "235,616,34,57", "Center": "16,26" },
	"character_slot35_0xb6":  { "File": "character_slot35.bmp", "Rect": "292,624,32,40", "Center": "20,20" },
	"character_slot35_0xb7":  { "File": "character_slot35.bmp", "Rect": "349,622,29,42", "Center": "17,22" },
	"character_slot35_0xb8":  { "File": "character_slot35.bmp", "Rect": "404,624,32,40", "Center": "20,20" },
	"character_slot35_0xb9":  { "File": "character_slot35.bmp", "Rect": "461,622,29,42", "Center": "17,22" },
	"character_slot35_0xba":  { "File": "character_slot35.bmp", "Rect": "513,621,33,43", "Center": "21,23" },
	"character_slot35_0xbb":  { "File": "character_slot35.bmp", "Rect": "570,620,33,43", "Center": "21,23" },
	"character_slot35_0xbc":  { "File": "character_slot35.bmp", "Rect": "627,621,33,43", "Center": "21,23" },
	"character_slot35_0xbd":  { "File": "character_slot35.bmp", "Rect": "682,621,33,43", "Center": "21,23" },
	"character_slot35_0xbe":  { "File": "character_slot35.bmp", "Rect": "739,621,35,43", "Center": "21,23" },
	"character_slot35_0xbf":  { "File": "character_slot35.bmp", "Rect": "794,621,32,43", "Center": "21,23" },
	"character_slot35_0xc0":  { "File": "character_slot35.bmp", "Rect": "850,621,34,43", "Center": "21,23" },
	"character_slot35_0xc1":  { "File": "character_slot35.bmp", "Rect": "7,670,39,50", "Center": "20,30" },
	"character_slot35_0xc2":  { "File": "character_slot35.bmp", "Rect": "62,669,43,51", "Center": "24,31" },
	"character_slot35_0xc3":  { "File": "character_slot35.bmp", "Rect": "122,678,37,43", "Center": "22,23" },
	"character_slot35_0xc4":  { "File": "character_slot35.bmp", "Rect": "176,676,45,44", "Center": "29,24" },
	"character_slot35_0xc5":  { "File": "character_slot35.bmp", "Rect": "235,677,33,43", "Center": "21,23" },
	"character_slot35_0xc6":  { "File": "character_slot35.bmp", "Rect": "291,677,35,43", "Center": "21,23" },
	"character_slot35_0xc7":  { "File": "character_slot35.bmp", "Rect": "348,677,32,43", "Center": "17,23" },
	"character_slot35_0xc8":  { "File": "character_slot35.bmp", "Rect": "396,687,48,25", "Center": "29,13" },
	"character_slot35_0xc9":  { "File": "character_slot35.bmp", "Rect": "456,687,40,25", "Center": "20,13" },
	"character_slot35_0xca":  { "File": "character_slot35.bmp", "Rect": "516,687,32,25", "Center": "17,13" },
	"character_slot35_0xcb":  { "File": "character_slot35.bmp", "Rect": "568,687,40,25", "Center": "21,13" },
	"character_slot35_0xcc":  { "File": "character_slot35.bmp", "Rect": "620,687,48,25", "Center": "18,13" },
	"character_slot35_0xcd":  { "File": "character_slot35.bmp", "Rect": "680,687,40,25", "Center": "22,13" },
	"character_slot35_0xce":  { "File": "character_slot35.bmp", "Rect": "740,687,32,25", "Center": "17,13" },
	"character_slot35_0xcf":  { "File": "character_slot35.bmp", "Rect": "792,687,40,25", "Center": "17,13" },
	"character_slot35_0xd0":  { "File": "character_slot35.bmp", "Rect": "847,676,43,46", "Center": "23,23" },
	"character_slot35_0xd1":  { "File": "character_slot35.bmp", "Rect": "6,733,46,44", "Center": "23,23" },
	"character_slot35_0xd2":  { "File": "character_slot35.bmp", "Rect": "72,736,24,36", "Center": "10,21" },
	"character_slot35_0xd3":  { "File": "character_slot35.bmp", "Rect": "124,732,33,48", "Center": "16,24" },
	"character_slot35_0xd4":  { "File": "character_slot35.bmp", "Rect": "180,727,32,53", "Center": "16,24" },
	"character_slot35_0xd5":  { "File": "character_slot35.bmp", "Rect": "236,727,32,53", "Center": "16,24" },
	"character_slot35_0xd6":  { "File": "character_slot35.bmp", "Rect": "292,727,32,53", "Center": "16,24" },
	"character_slot35_0xd7":  { "File": "character_slot35.bmp", "Rect": "342,734,43,46", "Center": "23,23" },
	"character_slot35_0xd8":  { "File": "character_slot35.bmp", "Rect": "398,734,46,44", "Center": "23,23" },
	"character_slot35_0xd9":  { "File": "character_slot35.bmp", "Rect": "456,733,40,43", "Center": "22,23" },
	"character_slot35_0xda":  { "File": "character_slot35.bmp", "Rect": "511,734,35,42", "Center": "21,22" },
	"character_slot35_0xdb":  { "File": "character_slot35.bmp", "Rect": "567,734,35,42", "Center": "21,22" },
	"character_slot35_0xdc":  { "File": "character_slot35.bmp", "Rect": "623,734,35,42", "Center": "21,22" },
	"character_slot35_0xdd":  { "File": "character_slot35.bmp", "Rect": "679,734,35,42", "Center": "21,22" },
	"character_slot35_0xde":  { "File": "character_slot35.bmp", "Rect": "735,734,35,42", "Center": "21,22" },
	"character_slot35_0xdf":  { "File": "character_slot35.bmp", "Rect": "791,734,35,42", "Center": "21,22" },
	"character_slot35_0xe0":  { "File": "character_slot35.bmp", "Rect": "852,735,28,36", "Center": "16,21" },
	"character_slot35_0xe1":  { "File": "character_slot35.bmp", "Rect": "16,786,24,46", "Center": "12,26" },
	"character_slot35_0xe2":  { "File": "character_slot35.bmp", "Rect": "68,789,32,42", "Center": "16,23" },
	"character_slot35_0xe3":  { "File": "character_slot35.bmp", "Rect": "117,786,40,48", "Center": "23,26" },
	"character_slot35_0xe4":  { "File": "character_slot35.bmp", "Rect": "175,788,35,50", "Center": "21,24" },
	"character_slot35_0xe5":  { "File": "character_slot35.bmp", "Rect": "232,788,36,50", "Center": "20,24" },
	"character_slot35_0xe6":  { "File": "character_slot35.bmp", "Rect": "291,788,32,50", "Center": "17,24" },
	"character_slot35_0xe7":  { "File": "character_slot35.bmp", "Rect": "352,788,24,50", "Center": "12,24" },
	"character_slot35_0xe8":  { "File": "character_slot35.bmp", "Rect": "404,788,36,50", "Center": "16,24" },
	"character_slot35_0xe9":  { "File": "character_slot35.bmp", "Rect": "460,788,32,50", "Center": "16,24" },
	"character_slot35_0xea":  { "File": "character_slot35.bmp", "Rect": "520,788,24,50", "Center": "12,24" },
	"character_slot35_0xeb":  { "File": "character_slot35.bmp", "Rect": "568,788,40,48", "Center": "20,24" },
	"character_slot35_0xec":  { "File": "character_slot35.bmp", "Rect": "620,792,48,40", "Center": "24,20" },
	"character_slot35_0xed":  { "File": "character_slot35.bmp", "Rect": "684,788,32,48", "Center": "16,24" },
	"character_slot35_0xee":  { "File": "character_slot35.bmp", "Rect": "732,792,48,40", "Center": "24,20" },
	"character_slot35_0xef":  { "File": "character_slot35.bmp", "Rect": "795,791,35,41", "Center": "17,21" },
	"character_slot35_0xf0":  { "File": "character_slot35.bmp", "Rect": "846,790,43,40", "Center": "22,22" },
	"character_slot35_0xf1":  { "File": "character_slot35.bmp", "Rect": "13,847,29,40", "Center": "16,21" },
	"character_slot35_0xf2":  { "File": "character_slot35.bmp", "Rect": "72,846,24,40", "Center": "12,22" },
	"character_slot35_0xf3":  { "File": "character_slot35.bmp", "Rect": "125,847,29,40", "Center": "12,21" },
	"character_slot35_0xf4":  { "File": "character_slot35.bmp", "Rect": "174,846,43,40", "Center": "22,22" },
	"character_slot35_0xf5":  { "File": "character_slot35.bmp", "Rect": "234,847,36,40", "Center": "17,21" },
	"character_slot35_0xf6":  { "File": "character_slot35.bmp", "Rect": "287,846,42,40", "Center": "20,22" },
	"character_slot35_0xf7":  { "File": "character_slot35.bmp", "Rect": "351,847,26,41", "Center": "14,21" },
	"character_slot35_0xf8":  { "File": "character_slot35.bmp", "Rect": "408,846,24,40", "Center": "12,22" },
	"character_slot35_0xf9":  { "File": "character_slot35.bmp", "Rect": "462,847,27,40", "Center": "12,21" },
	"character_slot35_0xfa":  { "File": "character_slot35.bmp", "Rect": "510,846,43,40", "Center": "20,22" }
}