{
	"character_superslot35_0x01":  { "File": "character_superslot35.bmp", "Rect": "8,1,40,48", "Center": "20,29" },
	"character_superslot35_0x02":  { "File": "character_superslot35.bmp", "Rect": "64,2,40,48", "Center": "20,28" },
	"character_superslot35_0x03":  { "File": "character_superslot35.bmp", "Rect": "121,3,35,48", "Center": "19,27" },
	"character_superslot35_0x04":  { "File": "character_superslot35.bmp", "Rect": "177,2,34,48", "Center": "19,28" },
	"character_superslot35_0x05":  { "File": "character_superslot35.bmp", "Rect": "232,1,40,48", "Center": "20,29" },
	"character_superslot35_0x06":  { "File": "character_superslot35.bmp", "Rect": "288,2,40,50", "Center": "20,28" },
	"character_superslot35_0x07":  { "File": "character_superslot35.bmp", "Rect": "346,2,32,48", "Center": "18,28" },
	"character_superslot35_0x08":  { "File": "character_superslot35.bmp", "Rect": "401,2,34,48", "Center": "19,28" },
	"character_superslot35_0x09":  { "File": "character_superslot35.bmp", "Rect": "452,0,48,56", "Center": "29,29" },
	"character_superslot35_0x0a":  { "File": "character_superslot35.bmp", "Rect": "504,4,56,48", "Center": "29,25" },
	"character_superslot35_0x0b":  { "File": "character_superslot35.bmp", "Rect": "564,8,48,40", "Center": "29,21" },
	"character_superslot35_0x0c":  { "File": "character_superslot35.bmp", "Rect": "616,4,56,48", "Center": "29,29" },
	"character_superslot35_0x0d":  { "File": "character_superslot35.bmp", "Rect": "676,0,48,56", "Center": "29,29" },
	"character_superslot35_0x0e":  { "File": "character_superslot35.bmp", "Rect": "728,4,56,48", "Center": "29,21" },
	"character_superslot35_0x0f":  { "File": "character_superslot35.bmp", "Rect": "788,4,48,48", "Center": "29,29" },
	"character_superslot35_0x10":  { "File": "character_superslot35.bmp", "Rect": "844,8,48,40", "Center": "29,21" },
	"character_superslot35_0x11":  { "File": "character_superslot35.bmp", "Rect": "4,64,48,40", "Center": "28,20" },
	"character_superslot35_0x12":  { "File": "character_superslot35.bmp", "Rect": "60,64,48,40", "Center": "25,20" },
	"character_superslot35_0x13":  { "File": "character_superslot35.bmp", "Rect": "116,68,48,32", "Center": "24,12" },
	"character_superslot35_0x14":  { "File": "character_superslot35.bmp", "Rect": "172,65,48,36", "Center": "26,16" },
	"character_superslot35_0x15":  { "File": "character_superslot35.bmp", "Rect": "228,63,48,42", "Center": "24,21" },
	"character_superslot35_0x16":  { "File": "character_superslot35.bmp", "Rect": "283,63,49,41", "Center": "26,18" },
	"character_superslot35_0x17":  { "File": "character_superslot35.bmp", "Rect": "340,68,48,32", "Center": "27,12" },
	"character_superslot35_0x18":  { "File": "character_superslot35.bmp", "Rect": "396,68,48,32", "Center": "27,12" },
	"character_superslot35_0x19":  { "File": "character_superslot35.bmp", "Rect": "448,60,56,48", "Center": "28,20" },
	"character_superslot35_0x1a":  { "File": "character_superslot35.bmp", "Rect": "508,56,48,56", "Center": "24,28" },
	"character_superslot35_0x1b":  { "File": "character_superslot35.bmp", "Rect": "568,60,40,48", "Center": "20,20" },
	"character_superslot35_0x1c":  { "File": "character_superslot35.bmp", "Rect": "620,56,48,56", "Center": "28,28" },
	"character_superslot35_0x1d":  { "File": "character_superslot35.bmp", "Rect": "672,60,56,48", "Center": "28,20" },
	"character_superslot35_0x1e":  { "File": "character_superslot35.bmp", "Rect": "732,56,48,56", "Center": "20,28" },
	"character_superslot35_0x1f":  { "File": "character_superslot35.bmp", "Rect": "788,60,48,48", "Center": "28,20" },
	"character_superslot35_0x20":  { "File": "character_superslot35.bmp", "Rect": "848,60,40,48", "Center": "20,20" },
	"character_superslot35_0x21":  { "File": "character_superslot35.bmp", "Rect": "5,115,41,44", "Center": "23,26" },
	"character_superslot35_0x22":  { "File": "character_superslot35.bmp", "Rect": "61,116,41,44", "Center": "23,25" },
	"character_superslot35_0x23":  { "File": "character_superslot35.bmp", "Rect": "117,115,41,43", "Center": "23,26" },
	"character_superslot35_0x24":  { "File": "character_superslot35.bmp", "Rect": "173,117,43,43", "Center": "23,24" },
	"character_superslot35_0x25":  { "File": "character_superslot35.bmp", "Rect": "232,116,40,48", "Center": "28,22" },
	"character_superslot35_0x26":  { "File": "character_superslot35.bmp", "Rect": "288,116,40,48", "Center": "28,23" },
	"character_superslot35_0x27":  { "File": "character_superslot35.bmp", "Rect": "344,116,40,48", "Center": "28,22" },
	"character_superslot35_0x28":  { "File": "character_superslot35.bmp", "Rect": "400,116,40,48", "Center": "28,23" },
	"character_superslot35_0x29":  { "File": "character_superslot35.bmp", "Rect": "454,122,40,41", "Center": "25,18" },
	"character_superslot35_0x2a":  { "File": "character_superslot35.bmp", "Rect": "510,120,44,43", "Center": "25,19" },
	"character_superslot35_0x2b":  { "File": "character_superslot35.bmp", "Rect": "566,122,42,40", "Center": "26,18" },
	"character_superslot35_0x2c":  { "File": "character_superslot35.bmp", "Rect": "622,120,44,43", "Center": "25,20" },
	"character_superslot35_0x2d":  { "File": "character_superslot35.bmp", "Rect": "676,120,48,40", "Center": "22,12" },
	"character_superslot35_0x2e":  { "File": "character_superslot35.bmp", "Rect": "732,120,48,40", "Center": "23,12" },
	"character_superslot35_0x2f":  { "File": "character_superslot35.bmp", "Rect": "788,120,48,40", "Center": "22,12" },
	"character_superslot35_0x30":  { "File": "character_superslot35.bmp", "Rect": "844,120,48,40", "Center": "23,12" },
	"character_superslot35_0x31":  { "File": "character_superslot35.bmp", "Rect": "9,171,32,45", "Center": "17,25" },
	"character_superslot35_0x32":  { "File": "character_superslot35.bmp", "Rect": "65,176,32,40", "Center": "16,22" },
	"character_superslot35_0x33":  { "File": "character_superslot35.bmp", "Rect": "120,180,32,32", "Center": "19,16" },
	"character_superslot35_0x34":  { "File": "character_superslot35.bmp", "Rect": "177,180,32,35", "Center": "18,17" },
	"character_superslot35_0x35":  { "File": "character_superslot35.bmp", "Rect": "231,180,32,37", "Center": "17,17" },
	"character_superslot35_0x36":  { "File": "character_superslot35.bmp", "Rect": "289,176,32,45", "Center": "18,22" },
	"character_superslot35_0x37":  { "File": "character_superslot35.bmp", "Rect": "348,176,34,48", "Center": "16,20" },
	"character_superslot35_0x38":  { "File": "character_superslot35.bmp", "Rect": "406,176,26,40", "Center": "14,18" },
	"character_superslot35_0x39":  { "File": "character_superslot35.bmp", "Rect": "459,179,32,34", "Center": "17,19" },
	"character_superslot35_0x3a":  { "File": "character_superslot35.bmp", "Rect": "516,177,32,35", "Center": "19,19" },
	"character_superslot35_0x3b":  { "File": "character_superslot35.bmp", "Rect": "573,172,28,44", "Center": "15,24" },
	"character_superslot35_0x3c":  { "File": "character_superslot35.bmp", "Rect": "629,169,27,47", "Center": "12,27" },
	"character_superslot35_0x3d":  { "File": "character_superslot35.bmp", "Rect": "684,171,29,49", "Center": "18,27" },
	"character_superslot35_0x3e":  { "File": "character_superslot35.bmp", "Rect": "740,175,28,36", "Center": "17,21" },
	"character_superslot35_0x3f":  { "File": "character_superslot35.bmp", "Rect": "794,177,33,34", "Center": "19,18" },
	"character_superslot35_0x40":  { "File": "character_superslot35.bmp", "Rect": "848,180,34,32", "Center": "20,14" },
	"character_superslot35_0x41":  { "File": "character_superslot35.bmp", "Rect": "10,232,34,40", "Center": "18,17" },
	"character_superslot35_0x42":  { "File": "character_superslot35.bmp", "Rect": "68,232,32,48", "Center": "16,20" },
	"character_superslot35_0x43":  { "File": "character_superslot35.bmp", "Rect": "124,232,27,45", "Center": "15,20" },
	"character_superslot35_0x44":  { "File": "character_superslot35.bmp", "Rect": "180,236,28,42", "Center": "15,16" },
	"character_superslot35_0x45":  { "File": "character_superslot35.bmp", "Rect": "233,240,32,27", "Center": "17,10" },
	"character_superslot35_0x46":  { "File": "character_superslot35.bmp", "Rect": "292,236,28,32", "Center": "17,13" },
	"character_superslot35_0x47":  { "File": "character_superslot35.bmp", "Rect": "349,232,27,40", "Center": "16,21" },
	"character_superslot35_0x48":  { "File": "character_superslot35.bmp", "Rect": "403,221,32,51", "Center": "19,31" },
	"character_superslot35_0x49":  { "File": "character_superslot35.bmp", "Rect": "454,226,42,48", "Center": "22,30" },
	"character_superslot35_0x4a":  { "File": "character_superslot35.bmp", "Rect": "516,218,32,54", "Center": "14,32" },
	"character_superslot35_0x4b":  { "File": "character_superslot35.bmp", "Rect": "572,227,32,41", "Center": "16,30" },
	"character_superslot35_0x4c":  { "File": "character_superslot35.bmp", "Rect": "628,230,32,38", "Center": "13,21" },
	"character_superslot35_0x4d":  { "File": "character_superslot35.bmp", "Rect": "684,230,32,38", "Center": "13,24" },
	"character_superslot35_0x4e":  { "File": "character_superslot35.bmp", "Rect": "736,236,36,32", "Center": "22,14" },
	"character_superslot35_0x4f":  { "File": "character_superslot35.bmp", "Rect": "786,232,46,40", "Center": "28,22" },
	"character_superslot35_0x50":  { "File": "character_superslot35.bmp", "Rect": "843,232,46,40", "Center": "26,20" },
	"character_superslot35_0x51":  { "File": "character_superslot35.bmp", "Rect": "5,292,39,33", "Center": "24,19" },
	"character_superslot35_0x52":  { "File": "character_superslot35.bmp", "Rect": "64,292,36,32", "Center": "18,17" },
	"character_superslot35_0x53":  { "File": "character_superslot35.bmp", "Rect": "120,292,40,33", "Center": "24,19" },
	"character_superslot35_0x54":  { "File": "character_superslot35.bmp", "Rect": "176,287,40,36", "Center": "17,21" },
	"character_superslot35_0x55":  { "File": "character_superslot35.bmp", "Rect": "236,278,32,50", "Center": "18,30" },
	"character_superslot35_0x56":  { "File": "character_superslot35.bmp", "Rect": "291,277,32,51", "Center": "19,31" },
	"character_superslot35_0x57":  { "File": "character_superslot35.bmp", "Rect": "347,277,32,51", "Center": "16,31" },
	"character_superslot35_0x58":  { "File": "character_superslot35.bmp", "Rect": "408,277,25,51", "Center": "12,31" },
	"character_superslot35_0x59":  { "File": "character_superslot35.bmp", "Rect": "460,277,32,51", "Center": "13,31" },
	"character_superslot35_0x5a":  { "File": "character_superslot35.bmp", "Rect": "516,277,32,51", "Center": "16,31" },
	"character_superslot35_0x5b":  { "File": "character_superslot35.bmp", "Rect": "577,277,25,51", "Center": "13,31" },
	"character_superslot35_0x5c":  { "File": "character_superslot35.bmp", "Rect": "613,294,54,26", "Center": "27,13" },
	"character_superslot35_0x5d":  { "File": "character_superslot35.bmp", "Rect": "684,293,32,31", "Center": "4,15" },
	"character_superslot35_0x5e":  { "File": "character_superslot35.bmp", "Rect": "736,295,45,25", "Center": "30,13" },
	"character_superslot35_0x5f":  { "File": "character_superslot35.bmp", "Rect": "788,294,55,25", "Center": "27,13" },
	"character_superslot35_0x60":  { "File": "character_superslot35.bmp", "Rect": "852,294,32,27", "Center": "10,14" },
	"character_superslot35_0x61":  { "File": "character_superslot35.bmp", "Rect": "8,351,40,26", "Center": "38,13" },
	"character_superslot35_0x62":  { "File": "character_superslot35.bmp", "Rect": "64,348,40,32", "Center": "20,16" },
	"character_superslot35_0x63":  { "File": "character_superslot35.bmp", "Rect": "126,333,26,54", "Center": "13,31" },
	"character_superslot35_0x64":  { "File": "character_superslot35.bmp", "Rect": "181,348,31,32", "Center": "16,15" },
	"character_superslot35_0x65":  { "File": "character_superslot35.bmp", "Rect": "239,344,25,45", "Center": "13,21" },
	"character_superslot35_0x66":  { "File": "character_superslot35.bmp", "Rect": "294,340,26,55", "Center": "13,24" },
	"character_superslot35_0x67":  { "File": "character_superslot35.bmp", "Rect": "351,348,27,32", "Center": "15,16" },
	"character_superslot35_0x68":  { "File": "character_superslot35.bmp", "Rect": "407,344,27,40", "Center": "15,24" },
	"character_superslot35_0x69":  { "File": "character_superslot35.bmp", "Rect": "454,344,35,40", "Center": "22,20" },
	"character_superslot35_0x6a":  { "File": "character_superslot35.bmp", "Rect": "510,344,33,40", "Center": "22,20" },
	"character_superslot35_0x6b":  { "File": "character_superslot35.bmp", "Rect": "572,348,33,33", "Center": "21,20" },
	"character_superslot35_0x6c":  { "File": "character_superslot35.bmp", "Rect": "615,348,45,35", "Center": "29,16" },
	"character_superslot35_0x6d":  { "File": "character_superslot35.bmp", "Rect": "672,348,48,33", "Center": "28,16" },
	"character_superslot35_0x6e":  { "File": "character_superslot35.bmp", "Rect": "736,348,40,32", "Center": "20,16" },
	"character_superslot35_0x6f":  { "File": "character_superslot35.bmp", "Rect": "794,348,34,34", "Center": "18,16" },
	"character_superslot35_0x70":  { "File": "character_superslot35.bmp", "Rect": "850,348,35,32", "Center": "18,16" },
	"character_superslot35_0x71":  { "File": "character_superslot35.bmp", "Rect": "12,404,44,31", "Center": "16,16" },
	"character_superslot35_0x72":  { "File": "character_superslot35.bmp", "Rect": "64,404,53,32", "Center": "20,16" },
	"character_superslot35_0x73":  { "File": "character_superslot35.bmp", "Rect": "120,404,46,34", "Center": "20,16" },
	"character_superslot35_0x74":  { "File": "character_superslot35.bmp", "Rect": "180,404,38,34", "Center": "16,16" },
	"character_superslot35_0x75":  { "File": "character_superslot35.bmp", "Rect": "237,404,30,33", "Center": "15,16" },
	"character_superslot35_0x76":  { "File": "character_superslot35.bmp", "Rect": "290,404,35,32", "Center": "18,16" },
	"character_superslot35_0x77":  { "File": "character_superslot35.bmp", "Rect": "343,404,37,31", "Center": "21,16" },
	"character_superslot35_0x78":  { "File": "character_superslot35.bmp", "Rect": "398,393,40,50", "Center": "20,28" },
	"character_superslot35_0x79":  { "File": "character_superslot35.bmp", "Rect": "452,400,48,40", "Center": "31,26" },
	"character_superslot35_0x7a":  { "File": "character_superslot35.bmp", "Rect": "508,400,48,40", "Center": "26,23" },
	"character_superslot35_0x7b":  { "File": "character_superslot35.bmp", "Rect": "568,396,40,48", "Center": "27,18" },
	"character_superslot35_0x7c":  { "File": "character_superslot35.bmp", "Rect": "624,396,40,48", "Center": "23,22" },
	"character_superslot35_0x7d":  { "File": "character_superslot35.bmp", "Rect": "676,400,48,40", "Center": "20,13" },
	"character_superslot35_0x7e":  { "File": "character_superslot35.bmp", "Rect": "732,400,48,40", "Center": "23,17" },
	"character_superslot35_0x7f":  { "File": "character_superslot35.bmp", "Rect": "792,396,40,48", "Center": "13,28" },
	"character_superslot35_0x80":  { "File": "character_superslot35.bmp", "Rect": "848,389,40,54", "Center": "17,31" },
	"character_superslot35_0x81":  { "File": "character_superslot35.bmp", "Rect": "9,451,29,52", "Center": "21,25" },
	"character_superslot35_0x82":  { "File": "character_superslot35.bmp", "Rect": "68,448,32,56", "Center": "20,28" },
	"character_superslot35_0x83":  { "File": "character_superslot35.bmp", "Rect": "120,445,40,58", "Center": "22,31" },
	"character_superslot35_0x84":  { "File": "character_superslot35.bmp", "Rect": "180,446,32,57", "Center": "19,30" },
	"character_superslot35_0x85":  { "File": "character_superslot35.bmp", "Rect": "235,449,32,54", "Center": "18,27" },
	"character_superslot35_0x86":  { "File": "character_superslot35.bmp", "Rect": "292,460,32,32", "Center": "12,8" },
	"character_superslot35_0x87":  { "File": "character_superslot35.bmp", "Rect": "348,460,32,32", "Center": "12,8" },
	"character_superslot35_0x88":  { "File": "character_superslot35.bmp", "Rect": "404,460,32,32", "Center": "12,8" },
	"character_superslot35_0x89":  { "File": "character_superslot35.bmp", "Rect": "460,460,32,32", "Center": "12,8" },
	"character_superslot35_0x8a":  { "File": "character_superslot35.bmp", "Rect": "516,460,32,32", "Center": "12,8" },
	"character_superslot35_0x8b":  { "File": "character_superslot35.bmp", "Rect": "572,460,32,32", "Center": "12,8" },
	"character_superslot35_0x8c":  { "File": "character_superslot35.bmp", "Rect": "624,449,40,53", "Center": "22,26" },
	"character_superslot35_0x8d":  { "File": "character_superslot35.bmp", "Rect": "680,449,40,53", "Center": "22,26" },
	"character_superslot35_0x8e":  { "File": "character_superslot35.bmp", "Rect": "738,448,34,52", "Center": "23,30" },
	"character_superslot35_0x8f":  { "File": "character_superslot35.bmp", "Rect": "787,457,44,34", "Center": "28,18" },
	"character_superslot35_0x90":  { "File": "character_superslot35.bmp", "Rect": "850,449,34,54", "Center": "18,27" },
	"character_superslot35_0x91":  { "File": "character_superslot35.bmp", "Rect": "6,506,41,50", "Center": "18,28" },
	"character_superslot35_0x92":  { "File": "character_superslot35.bmp", "Rect": "62,506,37,40", "Center": "18,30" },
	"character_superslot35_0x93":  { "File": "character_superslot35.bmp", "Rect": "122,510,32,37", "Center": "18,30" },
	"character_superslot35_0x94":  { "File": "character_superslot35.bmp", "Rect": "180,504,32,53", "Center": "14,29" },
	"character_superslot35_0x95":  { "File": "character_superslot35.bmp", "Rect": "237,504,25,53", "Center": "12,29" },
	"character_superslot35_0x96":  { "File": "character_superslot35.bmp", "Rect": "290,516,35,33", "Center": "18,16" },
	"character_superslot35_0x97":  { "File": "character_superslot35.bmp", "Rect": "348,516,32,32", "Center": "16,16" },
	"character_superslot35_0x98":  { "File": "character_superslot35.bmp", "Rect": "404,516,32,32", "Center": "16,16" },
	"character_superslot35_0x99":  { "File": "character_superslot35.bmp", "Rect": "460,516,32,32", "Center": "16,16" },
	"character_superslot35_0x9a":  { "File": "character_superslot35.bmp", "Rect": "516,516,32,32", "Center": "16,16" },
	"character_superslot35_0x9b":  { "File": "character_superslot35.bmp", "Rect": "568,512,40,36", "Center": "16,16" },
	"character_superslot35_0x9c":  { "File": "character_superslot35.bmp", "Rect": "624,512,40,36", "Center": "16,16" },
	"character_superslot35_0x9d":  { "File": "character_superslot35.bmp", "Rect": "679,506,40,46", "Center": "19,26" },
	"character_superslot35_0x9e":  { "File": "character_superslot35.bmp", "Rect": "735,506,41,46", "Center": "20,26" },
	"character_superslot35_0x9f":  { "File": "character_superslot35.bmp", "Rect": "791,506,37,46", "Center": "21,26" },
	"character_superslot35_0xa0":  { "File": "character_superslot35.bmp", "Rect": "847,505,41,47", "Center": "17,26" },
	"character_superslot35_0xa1":  { "File": "character_superslot35.bmp", "Rect": "7,560,42,52", "Center": "24,32" },
	"character_superslot35_0xa2":  { "File": "character_superslot35.bmp", "Rect": "63,561,42,50", "Center": "24,31" },
	"character_superslot35_0xa3":  { "File": "character_superslot35.bmp", "Rect": "120,562,40,50", "Center": "22,30" },
	"character_superslot35_0xa4":  { "File": "character_superslot35.bmp", "Rect": "175,559,42,52", "Center": "24,32" },
	"character_superslot35_0xa5":  { "File": "character_superslot35.bmp", "Rect": "231,559,42,52", "Center": "24,32" },
	"character_superslot35_0xa6":  { "File": "character_superslot35.bmp", "Rect": "288,559,40,52", "Center": "22,32" },
	"character_superslot35_0xa7":  { "File": "character_superslot35.bmp", "Rect": "337,557,52,53", "Center": "25,30" },
	"character_superslot35_0xa8":  { "File": "character_superslot35.bmp", "Rect": "393,557,52,53", "Center": "25,30" },
	"character_superslot35_0xa9":  { "File": "character_superslot35.bmp", "Rect": "449,568,52,40", "Center": "25,21" },
	"character_superslot35_0xaa":  { "File": "character_superslot35.bmp", "Rect": "504,572,56,34", "Center": "26,16" },
	"character_superslot35_0xab":  { "File": "character_superslot35.bmp", "Rect": "560,572,58,34", "Center": "27,16" },
	"character_superslot35_0xac":  { "File": "character_superslot35.bmp", "Rect": "619,568,47,40", "Center": "24,20" },
	"character_superslot35_0xad":  { "File": "character_superslot35.bmp", "Rect": "684,568,32,40", "Center": "18,20" },
	"character_superslot35_0xae":  { "File": "character_superslot35.bmp", "Rect": "740,568,32,40", "Center": "18,20" },
	"character_superslot35_0xaf":  { "File": "character_superslot35.bmp", "Rect": "792,568,40,40", "Center": "26,20" },
	"character_superslot35_0xb0":  { "File": "character_superslot35.bmp", "Rect": "852,568,32,40", "Center": "22,20" },
	"character_superslot35_0xb1":  { "File": "character_superslot35.bmp", "Rect": "12,624,32,40", "Center": "17,20" },
	"character_superslot35_0xb2":  { "File": "character_superslot35.bmp", "Rect": "68,624,32,40", "Center": "17,20" },
	"character_superslot35_0xb3":  { "File": "character_superslot35.bmp", "Rect": "124,624,32,40", "Center": "17,20" },
	"character_superslot35_0xb4":  { "File": "character_superslot35.bmp", "Rect": "178,616,34,57", "Center": "16,26" },
	"character_superslot35_0xb5":  { "File": "character_superslot35.bmp", "Rect": "235,616,34,56", "Center": "16,26" },
	"character_superslot35_0xb6":  { "File": "character_superslot35.bmp", "Rect": "292,620,32,48", "Center": "19,28" },
	"character_superslot35_0xb7":  { "File": "character_superslot35.bmp", "Rect": "348,620,32,48", "Center": "19,28" },
	"character_superslot35_0xb8":  { "File": "character_superslot35.bmp", "Rect": "404,620,32,48", "Center": "19,28" },
	"character_superslot35_0xb9":  { "File": "character_superslot35.bmp", "Rect": "460,620,32,48", "Center": "19,28" },
	"character_superslot35_0xba":  { "File": "character_superslot35.bmp", "Rect": "512,617,40,51", "Center": "25,31" },
	"character_superslot35_0xbb":  { "File": "character_superslot35.bmp", "Rect": "568,618,40,50", "Center": "25,30" },
	"character_superslot35_0xbc":  { "File": "character_superslot35.bmp", "Rect": "624,619,40,49", "Center": "25,29" },
	"character_superslot35_0xbd":  { "File": "character_superslot35.bmp", "Rect": "680,617,40,51", "Center": "25,31" },
	"character_superslot35_0xbe":  { "File": "character_superslot35.bmp", "Rect": "736,618,40,50", "Center": "25,30" },
	"character_superslot35_0xbf":  { "File": "character_superslot35.bmp", "Rect": "792,619,40,49", "Center": "25,29" },
	"character_superslot35_0xc0":  { "File": "character_superslot35.bmp", "Rect": "848,617,40,51", "Center": "25,31" },
	"character_superslot35_0xc1":  { "File": "character_superslot35.bmp", "Rect": "8,674,40,50", "Center": "25,30" },
	"character_superslot35_0xc2":  { "File": "character_superslot35.bmp", "Rect": "64,675,40,49", "Center": "25,29" },
	"character_superslot35_0xc3":  { "File": "character_superslot35.bmp", "Rect": "124,674,33,48", "Center": "21,28" },
	"character_superslot35_0xc4":  { "File": "character_superslot35.bmp", "Rect": "176,673,41,47", "Center": "29,27" },
	"character_superslot35_0xc5":  { "File": "character_superslot35.bmp", "Rect": "232,673,40,51", "Center": "25,31" },
	"character_superslot35_0xc6":  { "File": "character_superslot35.bmp", "Rect": "288,674,40,50", "Center": "25,30" },
	"character_superslot35_0xc7":  { "File": "character_superslot35.bmp", "Rect": "344,674,40,50", "Center": "25,30" },
	"character_superslot35_0xc8":  { "File": "character_superslot35.bmp", "Rect": "396,681,48,31", "Center": "29,19" },
	"character_superslot35_0xc9":  { "File": "character_superslot35.bmp", "Rect": "456,681,40,31", "Center": "20,19" },
	"character_superslot35_0xca":  { "File": "character_superslot35.bmp", "Rect": "516,681,32,31", "Center": "17,19" },
	"character_superslot35_0xcb":  { "File": "character_superslot35.bmp", "Rect": "568,681,40,31", "Center": "21,19" },
	"character_superslot35_0xcc":  { "File": "character_superslot35.bmp", "Rect": "620,681,48,31", "Center": "18,19" },
	"character_superslot35_0xcd":  { "File": "character_superslot35.bmp", "Rect": "680,681,40,31", "Center": "22,19" },
	"character_superslot35_0xce":  { "File": "character_superslot35.bmp", "Rect": "740,681,32,31", "Center": "17,19" },
	"character_superslot35_0xcf":  { "File": "character_superslot35.bmp", "Rect": "792,681,40,31", "Center": "17,19" },
	"character_superslot35_0xd0":  { "File": "character_superslot35.bmp", "Rect": "848,673,40,53", "Center": "22,26" },
	"character_superslot35_0xd1":  { "File": "character_superslot35.bmp", "Rect": "8,729,40,53", "Center": "22,26" },
	"character_superslot35_0xd2":  { "File": "character_superslot35.bmp", "Rect": "72,736,24,36", "Center": "10,21" },
	"character_superslot35_0xd3":  { "File": "character_superslot35.bmp", "Rect": "124,732,33,48", "Center": "16,24" },
	"character_superslot35_0xd4":  { "File": "character_superslot35.bmp", "Rect": "180,727,32,53", "Center": "16,24" },
	"character_superslot35_0xd5":  { "File": "character_superslot35.bmp", "Rect": "236,727,32,53", "Center": "16,24" },
	"character_superslot35_0xd6":  { "File": "character_superslot35.bmp", "Rect": "292,727,32,53", "Center": "16,24" },
	"character_superslot35_0xd7":  { "File": "character_superslot35.bmp", "Rect": "344,729,40,53", "Center": "22,26" },
	"character_superslot35_0xd8":  { "File": "character_superslot35.bmp", "Rect": "400,729,40,53", "Center": "22,26" },
	"character_superslot35_0xd9":  { "File": "character_superslot35.bmp", "Rect": "456,736,40,40", "Center": "24,20" },
	"character_superslot35_0xda":  { "File": "character_superslot35.bmp", "Rect": "511,732,35,44", "Center": "21,24" },
	"character_superslot35_0xdb":  { "File": "character_superslot35.bmp", "Rect": "567,732,35,44", "Center": "21,24" },
	"character_superslot35_0xdc":  { "File": "character_superslot35.bmp", "Rect": "623,732,35,44", "Center": "21,24" },
	"character_superslot35_0xdd":  { "File": "character_superslot35.bmp", "Rect": "679,732,35,44", "Center": "21,24" },
	"character_superslot35_0xde":  { "File": "character_superslot35.bmp", "Rect": "735,732,35,44", "Center": "21,24" },
	"character_superslot35_0xdf":  { "File": "character_superslot35.bmp", "Rect": "791,732,35,44", "Center": "21,24" },
	"character_superslot35_0xe0":  { "File": "character_superslot35.bmp", "Rect": "852,735,28,36", "Center": "16,21" },
	"character_superslot35_0xe1":  { "File": "character_superslot35.bmp", "Rect": "13,786,29,40", "Center": "15,26" },
	"character_superslot35_0xe2":  { "File": "character_superslot35.bmp", "Rect": "67,788,32,43", "Center": "17,24" },
	"character_superslot35_0xe3":  { "File": "character_superslot35.bmp", "Rect": "117,781,40,50", "Center": "23,31" },
	"character_superslot35_0xe4":  { "File": "character_superslot35.bmp", "Rect": "177,787,33,51", "Center": "19,25" },
	"character_superslot35_0xe5":  { "File": "character_superslot35.bmp", "Rect": "235,787,33,51", "Center": "17,25" },
	"character_superslot35_0xe6":  { "File": "character_superslot35.bmp", "Rect": "292,787,32,51", "Center": "16,25" },
	"character_superslot35_0xe7":  { "File": "character_superslot35.bmp", "Rect": "351,786,25,52", "Center": "13,26" },
	"character_superslot35_0xe8":  { "File": "character_superslot35.bmp", "Rect": "404,787,32,50", "Center": "16,25" },
	"character_superslot35_0xe9":  { "File": "character_superslot35.bmp", "Rect": "460,787,32,51", "Center": "16,25" },
	"character_superslot35_0xea":  { "File": "character_superslot35.bmp", "Rect": "520,786,25,52", "Center": "12,26" },
	"character_superslot35_0xeb":  { "File": "character_superslot35.bmp", "Rect": "568,788,40,48", "Center": "20,24" },
	"character_superslot35_0xec":  { "File": "character_superslot35.bmp", "Rect": "620,792,48,40", "Center": "24,20" },
	"character_superslot35_0xed":  { "File": "character_superslot35.bmp", "Rect": "684,788,32,48", "Center": "16,24" },
	"character_superslot35_0xee":  { "File": "character_superslot35.bmp", "Rect": "732,792,48,40", "Center": "24,20" },
	"character_superslot35_0xef":  { "File": "character_superslot35.bmp", "Rect": "792,785,41,40", "Center": "23,27" },
	"character_superslot35_0xf0":  { "File": "character_superslot35.bmp", "Rect": "851,785,34,40", "Center": "20,27" },
	"character_superslot35_0xf1":  { "File": "character_superslot35.bmp", "Rect": "13,841,29,40", "Center": "16,27" },
	"character_superslot35_0xf2":  { "File": "character_superslot35.bmp", "Rect": "71,841,25,40", "Center": "12,27" },
	"character_superslot35_0xf3":  { "File": "character_superslot35.bmp", "Rect": "126,841,29,40", "Center": "12,27" },
	"character_superslot35_0xf4":  { "File": "character_superslot35.bmp", "Rect": "179,841,34,40", "Center": "13,27" },
	"character_superslot35_0xf5":  { "File": "character_superslot35.bmp", "Rect": "231,842,41,40", "Center": "17,26" },
	"character_superslot35_0xf6":  { "File": "character_superslot35.bmp", "Rect": "291,841,34,40", "Center": "13,27" },
	"character_superslot35_0xf7":  { "File": "character_superslot35.bmp", "Rect": "348,841,31,40", "Center": "14,27" },
	"character_superslot35_0xf8":  { "File": "character_superslot35.bmp", "Rect": "408,841,25,40", "Center": "12,27" },
	"character_superslot35_0xf9":  { "File": "character_superslot35.bmp", "Rect": "461,841,31,40", "Center": "16,27" },
	"character_superslot35_0xfa":  { "File": "character_superslot35.bmp", "Rect": "515,841,34,40", "Center": "20,27" }
}