{
	"character_slot35_dropdash_0":  { "File": "character_slot35_dropdash.bmp", "Rect": "0,0,40,39", "Center": "20,20" },
	"character_slot35_dropdash_1":  { "File": "character_slot35_dropdash.bmp", "Rect": "42,0,41,40", "Center": "23,20" },
	"character_slot35_dropdash_2":  { "File": "character_slot35_dropdash.bmp", "Rect": "85,0,40,40", "Center": "21,20" },
	"character_slot35_dropdash_3":  { "File": "character_slot35_dropdash.bmp", "Rect": "132,0,40,41", "Center": "18,20" },
	"character_slot35_dropdash_4":  { "File": "character_slot35_dropdash.bmp", "Rect": "178,0,41,40", "Center": "20,20" }
}