{
	"Metadata":
	{
		"Name": "Extra Slot Super Sonic",
		"Author": "UltraArchieSonic",
		"Description": "The sprites in this mod were based on the original sprites from Sonic 3 Complete and Cooler Sonic Hack. The tails sprites were created by Modgen, the credits of the tails belong to them.",
		"URL": "https://www.deviantart.com/patrick2002",
		"ModVersion": "V0.1 Beta",
	},

	"Settings":
	{
		"List":
		[
			{
				"InternalName": "SuperPartner",
				"DisplayName": "Partner",
				"Category": "Misc",
				"Variable": "SuperPartner",
				"DefaultValue": "0",
				"Options":
				{
					"0x00": "None",
					"0x01": "Tails",
					"0x02": "Super Tails"
				},
			},
			{
				"InternalName": "SuperPalette",
				"DisplayName": "Palette",
				"Category": "Misc",
				"Variable": "SuperPalette",
				"Options":
				{
					"0x00": "Default",
					"0x01": "Dark",
					"0x02": "Miracle",
					"0x03": "UI",
					"0x04": "Blue Super",
					"0x05": "Fire (SMBZ)",
					"0x06": "Super Sonic God (+ Blue)"
				},
			},
		     {
				"InternalName": "SS_Skin",
				"DisplayName": "Skin",
				"Category": "Misc",
				"Variable": "SS_Skin",
				"Options":
				{
					"0x00": "Default",
					"0x01": "Fleetway S.Sonic"
				},
			},

		]
	}
}
