{
	"slot35_target_1":  { "File": "target.png", "Rect": "0,0,602,591", "Center": "302,291" },
	"slot35_target_2":  { "File": "target.png", "Rect": "619,0,462,458", "Center": "231,227" },
	"slot35_target_3":  { "File": "target.png", "Rect": "1095,5,336,330", "Center": "168,164" },
	"slot35_target_4":  { "File": "target.png", "Rect": "1202,363,229,226", "Center": "114,113" },
	"slot35_target_5":  { "File": "target.png", "Rect": "1007,473,137,137", "Center": "69,69" },
	"slot35_target_6":  { "File": "target.png", "Rect": "905,519,55,55", "Center": "28,28" },
	"slot35_target_7":  { "File": "target.png", "Rect": "831,518,47,53", "Center": "24,29" },
	"slot35_target_8":  { "File": "target.png", "Rect": "744,514,47,53", "Center": "24,29" },
	"slot35_target_9":  { "File": "target.png", "Rect": "831,518,47,53", "Center": "24,29" },
}