{
	"metal_intro_load_1":  { "File": "loadbottom1.png"},
	"metal_intro_load_2":  { "File": "loadbottom2.png"},
	"metal_intro_load_3":  { "File": "loadbottom3.png"},
	"metal_intro_load_4":  { "File": "loadbottom4.png"},
	"metal_intro_load_5":  { "File": "loadbottom5.png"},
	"metal_intro_load_6":  { "File": "loadbottom6.png"},
	"metal_intro_load_7":  { "File": "loadbottom7.png"},
	"metal_intro_load_8":  { "File": "loadbottom8.png"},
	"metal_intro_load_9":  { "File": "loadbottom9.png"},
	"metal_intro_load_10":  { "File": "loadbottom10.png"},
	"metal_intro_load_11":  { "File": "loadbottom11.png"},
	"metal_intro_load_12":  { "File": "loadbottom12.png"},
	"metal_intro_load_13":  { "File": "loadbottom13.png"},
	"metal_intro_load_14":  { "File": "loadbottom14.png"},
	"metal_intro_load_15":  { "File": "loadbottom15.png"},
	"metal_intro_load_16":  { "File": "loadbottom16.png"},
	"metal_intro_load_17":  { "File": "loadbottom17.png"},
	"metal_intro_load_18":  { "File": "loadbottom18.png"},
	"metal_intro_load_19":  { "File": "loadbottom19.png"},
	"metal_intro_load_20":  { "File": "loadbottom20.png"},
	"metal_intro_load_21":  { "File": "loadbottom21.png"},
	"metal_intro_load_22":  { "File": "loadbottom22.png"},
	"metal_intro_load_23":  { "File": "loadbottom23.png"},
	"metal_asachildIyearnedforthemines":  { "File": "metal_minceraft.png"},
}