{
	"character_slot37alt_0x01":  { "File": "character_slot37.png", "Rect": "8,6,40,41", "Center": "22,22" },
	"character_slot37alt_0x02":  { "File": "character_slot37.png", "Rect": "64,7,40,41", "Center": "22,21" },
	"character_slot37alt_0x03":  { "File": "character_slot37.png", "Rect": "124,8,32,40", "Center": "19,20" },
	"character_slot37alt_0x04":  { "File": "character_slot37.png", "Rect": "180,7,33,41", "Center": "17,21" },
	"character_slot37alt_0x05":  { "File": "character_slot37.png", "Rect": "232,6,41,42", "Center": "22,22" },
	"character_slot37alt_0x06":  { "File": "character_slot37.png", "Rect": "288,7,40,40", "Center": "22,21" },
	"character_slot37alt_0x07":  { "File": "character_slot37.png", "Rect": "348,8,32,40", "Center": "17,20" },
	"character_slot37alt_0x08":  { "File": "character_slot37.png", "Rect": "400,7,40,41", "Center": "20,21" },
	"character_slot37alt_0x09":  { "File": "character_slot37.png", "Rect": "460,4,32,48", "Center": "14,19" },
	"character_slot37alt_0x0a":  { "File": "character_slot37.png", "Rect": "512,8,40,40", "Center": "16,17" },
	"character_slot37alt_0x0b":  { "File": "character_slot37.png", "Rect": "572,8,32,40", "Center": "12,17" },
	"character_slot37alt_0x0c":  { "File": "character_slot37.png", "Rect": "628,8,32,40", "Center": "13,16" },
	"character_slot37alt_0x0d":  { "File": "character_slot37.png", "Rect": "684,4,32,48", "Center": "14,21" },
	"character_slot37alt_0x0e":  { "File": "character_slot37.png", "Rect": "740,8,32,40", "Center": "11,17" },
	"character_slot37alt_0x0f":  { "File": "character_slot37.png", "Rect": "796,8,32,40", "Center": "11,16" },
	"character_slot37alt_0x10":  { "File": "character_slot37.png", "Rect": "852,8,32,40", "Center": "13,20" },
	"character_slot37alt_0x11":  { "File": "character_slot37.png", "Rect": "8,64,40,40", "Center": "20,18" },
	"character_slot37alt_0x12":  { "File": "character_slot37.png", "Rect": "64,64,40,40", "Center": "20,16" },
	"character_slot37alt_0x13":  { "File": "character_slot37.png", "Rect": "120,68,40,32", "Center": "20,11" },
	"character_slot37alt_0x14":  { "File": "character_slot37.png", "Rect": "176,68,40,32", "Center": "20,12" },
	"character_slot37alt_0x15":  { "File": "character_slot37.png", "Rect": "232,64,40,40", "Center": "20,19" },
	"character_slot37alt_0x16":  { "File": "character_slot37.png", "Rect": "288,64,40,40", "Center": "21,17" },
	"character_slot37alt_0x17":  { "File": "character_slot37.png", "Rect": "344,68,40,32", "Center": "20,14" },
	"character_slot37alt_0x18":  { "File": "character_slot37.png", "Rect": "400,64,40,40", "Center": "20,18" },
	"character_slot37alt_0x19":  { "File": "character_slot37.png", "Rect": "452,68,48,32", "Center": "18,16" },
	"character_slot37alt_0x1a":  { "File": "character_slot37.png", "Rect": "512,64,40,40", "Center": "17,23" },
	"character_slot37alt_0x1b":  { "File": "character_slot37.png", "Rect": "568,68,40,32", "Center": "16,21" },
	"character_slot37alt_0x1c":  { "File": "character_slot37.png", "Rect": "624,68,40,32", "Center": "14,20" },
	"character_slot37alt_0x1d":  { "File": "character_slot37.png", "Rect": "676,68,48,32", "Center": "21,18" },
	"character_slot37alt_0x1e":  { "File": "character_slot37.png", "Rect": "736,68,40,32", "Center": "18,19" },
	"character_slot37alt_0x1f":  { "File": "character_slot37.png", "Rect": "792,68,40,32", "Center": "15,21" },
	"character_slot37alt_0x20":  { "File": "character_slot37.png", "Rect": "848,68,40,32", "Center": "18,20" },
	"character_slot37alt_0x21":  { "File": "character_slot37.png", "Rect": "5,119,51,41", "Center": "27,21" },
	"character_slot37alt_0x22":  { "File": "character_slot37.png", "Rect": "66,120,40,40", "Center": "18,20" },
	"character_slot37alt_0x23":  { "File": "character_slot37.png", "Rect": "117,119,51,41", "Center": "27,21" },
	"character_slot37alt_0x24":  { "File": "character_slot37.png", "Rect": "177,120,42,40", "Center": "19,20" },
	"character_slot37alt_0x25":  { "File": "character_slot37.png", "Rect": "232,120,40,40", "Center": "18,16" },
	"character_slot37alt_0x26":  { "File": "character_slot37.png", "Rect": "288,120,40,40", "Center": "23,16" },
	"character_slot37alt_0x27":  { "File": "character_slot37.png", "Rect": "348,120,32,40", "Center": "17,15" },
	"character_slot37alt_0x28":  { "File": "character_slot37.png", "Rect": "400,120,40,40", "Center": "23,16" },
	"character_slot37alt_0x29":  { "File": "character_slot37.png", "Rect": "456,124,40,32", "Center": "22,12" },
	"character_slot37alt_0x2a":  { "File": "character_slot37.png", "Rect": "512,124,40,32", "Center": "21,12" },
	"character_slot37alt_0x2b":  { "File": "character_slot37.png", "Rect": "568,124,40,32", "Center": "22,12" },
	"character_slot37alt_0x2c":  { "File": "character_slot37.png", "Rect": "624,124,40,32", "Center": "21,12" },
	"character_slot37alt_0x2d":  { "File": "character_slot37.png", "Rect": "680,120,40,40", "Center": "16,21" },
	"character_slot37alt_0x2e":  { "File": "character_slot37.png", "Rect": "736,120,40,40", "Center": "16,16" },
	"character_slot37alt_0x2f":  { "File": "character_slot37.png", "Rect": "792,124,40,32", "Center": "15,14" },
	"character_slot37alt_0x30":  { "File": "character_slot37.png", "Rect": "848,120,40,40", "Center": "16,16" },
	"character_slot37alt_0x31":  { "File": "character_slot37.png", "Rect": "12,173,32,43", "Center": "13,23" },
	"character_slot37alt_0x32":  { "File": "character_slot37.png", "Rect": "68,176,32,40", "Center": "13,23" },
	"character_slot37alt_0x33":  { "File": "character_slot37.png", "Rect": "124,180,32,32", "Center": "10,17" },
	"character_slot37alt_0x34":  { "File": "character_slot37.png", "Rect": "180,176,32,40", "Center": "13,17" },
	"character_slot37alt_0x35":  { "File": "character_slot37.png", "Rect": "236,180,32,32", "Center": "12,14" },
	"character_slot37alt_0x36":  { "File": "character_slot37.png", "Rect": "292,176,32,40", "Center": "9,22" },
	"character_slot37alt_0x37":  { "File": "character_slot37.png", "Rect": "348,176,33,40", "Center": "14,20" },
	"character_slot37alt_0x38":  { "File": "character_slot37.png", "Rect": "404,176,32,43", "Center": "11,24" },
	"character_slot37alt_0x39":  { "File": "character_slot37.png", "Rect": "460,179,32,36", "Center": "15,18" },
	"character_slot37alt_0x3a":  { "File": "character_slot37.png", "Rect": "516,184,32,24", "Center": "13,13" },
	"character_slot37alt_0x3b":  { "File": "character_slot37.png", "Rect": "572,180,32,32", "Center": "14,15" },
	"character_slot37alt_0x3c":  { "File": "character_slot37.png", "Rect": "628,176,32,40", "Center": "12,24" },
	"character_slot37alt_0x3d":  { "File": "character_slot37.png", "Rect": "688,176,24,40", "Center": "12,20" },
	"character_slot37alt_0x3e":  { "File": "character_slot37.png", "Rect": "740,180,32,32", "Center": "12,13" },
	"character_slot37alt_0x3f":  { "File": "character_slot37.png", "Rect": "796,184,32,24", "Center": "12,10" },
	"character_slot37alt_0x40":  { "File": "character_slot37.png", "Rect": "852,180,32,32", "Center": "15,14" },
	"character_slot37alt_0x41":  { "File": "character_slot37.png", "Rect": "12,232,32,40", "Center": "13,17" },
	"character_slot37alt_0x42":  { "File": "character_slot37.png", "Rect": "68,232,32,40", "Center": "12,20" },
	"character_slot37alt_0x43":  { "File": "character_slot37.png", "Rect": "128,232,24,40", "Center": "12,19" },
	"character_slot37alt_0x44":  { "File": "character_slot37.png", "Rect": "180,236,32,32", "Center": "12,16" },
	"character_slot37alt_0x45":  { "File": "character_slot37.png", "Rect": "236,236,32,32", "Center": "12,14" },
	"character_slot37alt_0x46":  { "File": "character_slot37.png", "Rect": "292,236,32,32", "Center": "13,15" },
	"character_slot37alt_0x47":  { "File": "character_slot37.png", "Rect": "348,232,32,40", "Center": "13,19" },
	"character_slot37alt_0x48":  { "File": "character_slot37.png", "Rect": "404,230,32,42", "Center": "13,22" },
	"character_slot37alt_0x49":  { "File": "character_slot37.png", "Rect": "456,232,40,40", "Center": "23,19" },
	"character_slot37alt_0x4a":  { "File": "character_slot37.png", "Rect": "516,232,32,40", "Center": "18,16" },
	"character_slot37alt_0x4b":  { "File": "character_slot37.png", "Rect": "576,236,24,32", "Center": "12,12" },
	"character_slot37alt_0x4c":  { "File": "character_slot37.png", "Rect": "628,236,32,32", "Center": "16,11" },
	"character_slot37alt_0x4d":  { "File": "character_slot37.png", "Rect": "684,240,32,24", "Center": "13,12" },
	"character_slot37alt_0x4e":  { "File": "character_slot37.png", "Rect": "736,236,40,32", "Center": "16,19" },
	"character_slot37alt_0x4f":  { "File": "character_slot37.png", "Rect": "792,236,40,32", "Center": "18,19" },
	"character_slot37alt_0x50":  { "File": "character_slot37.png", "Rect": "848,236,40,32", "Center": "20,18" },
	"character_slot37alt_0x51":  { "File": "character_slot37.png", "Rect": "8,292,40,32", "Center": "15,20" },
	"character_slot37alt_0x52":  { "File": "character_slot37.png", "Rect": "68,292,32,32", "Center": "16,17" },
	"character_slot37alt_0x53":  { "File": "character_slot37.png", "Rect": "124,292,32,32", "Center": "16,18" },
	"character_slot37alt_0x54":  { "File": "character_slot37.png", "Rect": "180,292,32,32", "Center": "16,16" },
	"character_slot37alt_0x55":  { "File": "character_slot37.png", "Rect": "236,286,32,42", "Center": "14,22" },
	"character_slot37alt_0x56":  { "File": "character_slot37.png", "Rect": "292,286,32,42", "Center": "13,22" },
	"character_slot37alt_0x57":  { "File": "character_slot37.png", "Rect": "348,286,32,42", "Center": "13,22" },
	"character_slot37alt_0x58":  { "File": "character_slot37.png", "Rect": "408,286,24,42", "Center": "13,22" },
	"character_slot37alt_0x59":  { "File": "character_slot37.png", "Rect": "460,286,32,42", "Center": "14,22" },
	"character_slot37alt_0x5a":  { "File": "character_slot37.png", "Rect": "520,286,24,42", "Center": "13,22" },
	"character_slot37alt_0x5b":  { "File": "character_slot37.png", "Rect": "576,286,24,42", "Center": "13,22" },
	"character_slot37alt_0x5c":  { "File": "character_slot37.png", "Rect": "616,296,56,24", "Center": "29,11" },
	"character_slot37alt_0x5d":  { "File": "character_slot37.png", "Rect": "680,296,40,24", "Center": "22,11" },
	"character_slot37alt_0x5e":  { "File": "character_slot37.png", "Rect": "736,296,40,24", "Center": "22,11" },
	"character_slot37alt_0x5f":  { "File": "character_slot37.png", "Rect": "784,296,56,24", "Center": "28,11" },
	"character_slot37alt_0x60":  { "File": "character_slot37.png", "Rect": "852,296,32,24", "Center": "14,11" },
	"character_slot37alt_0x61":  { "File": "character_slot37.png", "Rect": "12,352,32,24", "Center": "24,11" },
	"character_slot37alt_0x62":  { "File": "character_slot37.png", "Rect": "60,352,48,24", "Center": "25,11" },
	"character_slot37alt_0x63":  { "File": "character_slot37.png", "Rect": "128,336,24,61", "Center": "11,29" },
	"character_slot37alt_0x64":  { "File": "character_slot37.png", "Rect": "184,344,24,40", "Center": "11,20" },
	"character_slot37alt_0x65":  { "File": "character_slot37.png", "Rect": "240,344,24,40", "Center": "11,20" },
	"character_slot37alt_0x66":  { "File": "character_slot37.png", "Rect": "296,336,24,56", "Center": "11,27" },
	"character_slot37alt_0x67":  { "File": "character_slot37.png", "Rect": "352,348,24,32", "Center": "11,16" },
	"character_slot37alt_0x68":  { "File": "character_slot37.png", "Rect": "408,348,24,32", "Center": "11,11" },
	"character_slot37alt_0x69":  { "File": "character_slot37.png", "Rect": "460,344,32,40", "Center": "13,24" },
	"character_slot37alt_0x6a":  { "File": "character_slot37.png", "Rect": "520,348,24,32", "Center": "11,17" },
	"character_slot37alt_0x6b":  { "File": "character_slot37.png", "Rect": "572,352,32,24", "Center": "13,11" },
	"character_slot37alt_0x6c":  { "File": "character_slot37.png", "Rect": "624,348,40,32", "Center": "22,20" },
	"character_slot37alt_0x6d":  { "File": "character_slot37.png", "Rect": "680,348,40,32", "Center": "22,15" },
	"character_slot37alt_0x6e":  { "File": "character_slot37.png", "Rect": "736,348,40,32", "Center": "17,18" },
	"character_slot37alt_0x6f":  { "File": "character_slot37.png", "Rect": "796,348,32,32", "Center": "15,17" },
	"character_slot37alt_0x70":  { "File": "character_slot37.png", "Rect": "856,348,24,32", "Center": "10,19" },
	"character_slot37alt_0x71":  { "File": "character_slot37.png", "Rect": "12,404,32,32", "Center": "17,19" },
	"character_slot37alt_0x72":  { "File": "character_slot37.png", "Rect": "64,404,40,32", "Center": "16,20" },
	"character_slot37alt_0x73":  { "File": "character_slot37.png", "Rect": "120,404,40,32", "Center": "18,17" },
	"character_slot37alt_0x74":  { "File": "character_slot37.png", "Rect": "176,404,40,32", "Center": "18,16" },
	"character_slot37alt_0x75":  { "File": "character_slot37.png", "Rect": "236,404,32,32", "Center": "13,19" },
	"character_slot37alt_0x76":  { "File": "character_slot37.png", "Rect": "288,404,40,32", "Center": "23,16" },
	"character_slot37alt_0x77":  { "File": "character_slot37.png", "Rect": "348,404,32,32", "Center": "17,19" },
	"character_slot37alt_0x78":  { "File": "character_slot37.png", "Rect": "400,396,40,48", "Center": "15,26" },
	"character_slot37alt_0x79":  { "File": "character_slot37.png", "Rect": "452,404,48,32", "Center": "27,20" },
	"character_slot37alt_0x7a":  { "File": "character_slot37.png", "Rect": "508,400,48,40", "Center": "26,24" },
	"character_slot37alt_0x7b":  { "File": "character_slot37.png", "Rect": "572,396,32,48", "Center": "20,20" },
	"character_slot37alt_0x7c":  { "File": "character_slot37.png", "Rect": "624,396,40,48", "Center": "24,21" },
	"character_slot37alt_0x7d":  { "File": "character_slot37.png", "Rect": "676,404,48,32", "Center": "21,10" },
	"character_slot37alt_0x7e":  { "File": "character_slot37.png", "Rect": "732,400,48,40", "Center": "21,16" },
	"character_slot37alt_0x7f":  { "File": "character_slot37.png", "Rect": "796,396,32,48", "Center": "11,26" },
	"character_slot37alt_0x80":  { "File": "character_slot37.png", "Rect": "848,396,40,48", "Center": "18,24" },
	"character_slot37alt_0x81":  { "File": "character_slot37.png", "Rect": "12,448,32,56", "Center": "17,31" },
	"character_slot37alt_0x82":  { "File": "character_slot37.png", "Rect": "68,448,32,56", "Center": "12,31" },
	"character_slot37alt_0x83":  { "File": "character_slot37.png", "Rect": "124,452,32,48", "Center": "18,25" },
	"character_slot37alt_0x84":  { "File": "character_slot37.png", "Rect": "180,448,32,56", "Center": "12,30" },
	"character_slot37alt_0x85":  { "File": "character_slot37.png", "Rect": "236,448,32,56", "Center": "12,30" },
	"character_slot37alt_0x86":  { "File": "character_slot37.png", "Rect": "292,460,32,32", "Center": "12,8" },
	"character_slot37alt_0x87":  { "File": "character_slot37.png", "Rect": "348,460,32,32", "Center": "12,8" },
	"character_slot37alt_0x88":  { "File": "character_slot37.png", "Rect": "404,460,32,32", "Center": "12,8" },
	"character_slot37alt_0x89":  { "File": "character_slot37.png", "Rect": "460,460,32,32", "Center": "12,8" },
	"character_slot37alt_0x8a":  { "File": "character_slot37.png", "Rect": "516,460,32,32", "Center": "12,8" },
	"character_slot37alt_0x8b":  { "File": "character_slot37.png", "Rect": "572,460,32,32", "Center": "12,8" },
	"character_slot37alt_0x8c":  { "File": "character_slot37.png", "Rect": "622,454,43,47", "Center": "23,20" },
	"character_slot37alt_0x8d":  { "File": "character_slot37.png", "Rect": "676,456,48,40", "Center": "23,19" },
	"character_slot37alt_0x8e":  { "File": "character_slot37.png", "Rect": "744,452,24,48", "Center": "10,24" },
	"character_slot37alt_0x8f":  { "File": "character_slot37.png", "Rect": "792,460,40,32", "Center": "25,13" },
	"character_slot37alt_0x90":  { "File": "character_slot37.png", "Rect": "852,448,34,56", "Center": "15,26" },
	"character_slot37alt_0x91":  { "File": "character_slot37.png", "Rect": "12,508,32,51", "Center": "14,26" },
	"character_slot37alt_0x92":  { "File": "character_slot37.png", "Rect": "68,508,32,48", "Center": "14,26" },
	"character_slot37alt_0x93":  { "File": "character_slot37.png", "Rect": "124,512,32,40", "Center": "14,26" },
	"character_slot37alt_0x94":  { "File": "character_slot37.png", "Rect": "180,507,32,55", "Center": "16,23" },
	"character_slot37alt_0x95":  { "File": "character_slot37.png", "Rect": "240,507,24,55", "Center": "12,23" },
	"character_slot37alt_0x96":  { "File": "character_slot37.png", "Rect": "292,516,32,32", "Center": "16,15" },
	"character_slot37alt_0x97":  { "File": "character_slot37.png", "Rect": "348,516,32,32", "Center": "16,15" },
	"character_slot37alt_0x98":  { "File": "character_slot37.png", "Rect": "404,516,32,32", "Center": "16,15" },
	"character_slot37alt_0x99":  { "File": "character_slot37.png", "Rect": "460,516,32,32", "Center": "16,15" },
	"character_slot37alt_0x9a":  { "File": "character_slot37.png", "Rect": "514,516,36,33", "Center": "19,16" },
	"character_slot37alt_0x9b":  { "File": "character_slot37.png", "Rect": "572,514,32,34", "Center": "13,14" },
	"character_slot37alt_0x9c":  { "File": "character_slot37.png", "Rect": "628,518,32,26", "Center": "11,6" },
	"character_slot37alt_0x9d":  { "File": "character_slot37.png", "Rect": "684,512,32,40", "Center": "16,20" },
	"character_slot37alt_0x9e":  { "File": "character_slot37.png", "Rect": "732,512,48,40", "Center": "26,20" },
	"character_slot37alt_0x9f":  { "File": "character_slot37.png", "Rect": "792,509,47,44", "Center": "24,24" },
	"character_slot37alt_0xa0":  { "File": "character_slot37.png", "Rect": "846,510,48,43", "Center": "26,23" },
	"character_slot37alt_0xa1":  { "File": "character_slot37.png", "Rect": "4,564,49,48", "Center": "26,28" },
	"character_slot37alt_0xa2":  { "File": "character_slot37.png", "Rect": "60,564,48,48", "Center": "26,28" },
	"character_slot37alt_0xa3":  { "File": "character_slot37.png", "Rect": "116,564,48,48", "Center": "26,28" },
	"character_slot37alt_0xa4":  { "File": "character_slot37.png", "Rect": "176,568,46,44", "Center": "24,24" },
	"character_slot37alt_0xa5":  { "File": "character_slot37.png", "Rect": "229,564,47,48", "Center": "24,28" },
	"character_slot37alt_0xa6":  { "File": "character_slot37.png", "Rect": "284,568,47,44", "Center": "25,24" },
	"character_slot37alt_0xa7":  { "File": "character_slot37.png", "Rect": "340,568,48,44", "Center": "26,24" },
	"character_slot37alt_0xa8":  { "File": "character_slot37.png", "Rect": "394,568,48,44", "Center": "25,24" },
	"character_slot37alt_0xa9":  { "File": "character_slot37.png", "Rect": "449,564,48,48", "Center": "26,28" },
	"character_slot37alt_0xaa":  { "File": "character_slot37.png", "Rect": "507,564,48,48", "Center": "24,28" },
	"character_slot37alt_0xab":  { "File": "character_slot37.png", "Rect": "564,565,49,47", "Center": "24,23" },
	"character_slot37alt_0xac":  { "File": "character_slot37.png", "Rect": "619,565,49,47", "Center": "24,23" },
	"character_slot37alt_0xad":  { "File": "character_slot37.png", "Rect": "676,565,49,47", "Center": "24,22" },
	"character_slot37alt_0xae":  { "File": "character_slot37.png", "Rect": "728,576,56,24", "Center": "26,12" },
	"character_slot37alt_0xaf":  { "File": "character_slot37.png", "Rect": "784,576,56,24", "Center": "26,12" },
	"character_slot37alt_0xb0":  { "File": "character_slot37.png", "Rect": "848,568,40,40", "Center": "20,22" },
	"character_slot37alt_0xb1":  { "File": "character_slot37.png", "Rect": "12,622,32,42", "Center": "19,22" },
	"character_slot37alt_0xb2":  { "File": "character_slot37.png", "Rect": "64,622,33,42", "Center": "22,22" },
	"character_slot37alt_0xb3":  { "File": "character_slot37.png", "Rect": "121,622,40,42", "Center": "18,22" },
	"character_slot37alt_0xb4":  { "File": "character_slot37.png", "Rect": "176,622,40,42", "Center": "19,22" },
	"character_slot37alt_0xb5":  { "File": "character_slot37.png", "Rect": "240,616,24,56", "Center": "12,26" },
	"character_slot37alt_0xb6":  { "File": "character_slot37.png", "Rect": "296,616,24,56", "Center": "12,26" },
	"character_slot37alt_0xb7":  { "File": "character_slot37.png", "Rect": "348,624,32,40", "Center": "21,18" },
	"character_slot37alt_0xb8":  { "File": "character_slot37.png", "Rect": "403,625,33,42", "Center": "22,18" },
	"character_slot37alt_0xb9":  { "File": "character_slot37.png", "Rect": "459,624,33,41", "Center": "20,18" },
	"character_slot37alt_0xba":  { "File": "character_slot37.png", "Rect": "516,624,32,40", "Center": "19,19" },
	"character_slot37alt_0xbb":  { "File": "character_slot37.png", "Rect": "571,624,33,39", "Center": "20,18" },
	"character_slot37alt_0xbc":  { "File": "character_slot37.png", "Rect": "628,623,32,44", "Center": "19,18" },
	"character_slot37alt_0xbd":  { "File": "character_slot37.png", "Rect": "682,620,33,45", "Center": "18,24" },
	"character_slot37alt_0xbe":  { "File": "character_slot37.png", "Rect": "740,624,32,40", "Center": "16,20" },
	"character_slot37alt_0xbf":  { "File": "character_slot37.png", "Rect": "792,624,40,40", "Center": "20,20" },
	"character_slot37alt_0xc0":  { "File": "character_slot37.png", "Rect": "842,631,52,27", "Center": "26,13" },
	"character_slot37alt_0xc1":  { "File": "character_slot37.png", "Rect": "7,685,41,29", "Center": "21,16" },
	"character_slot37alt_0xc2":  { "File": "character_slot37.png", "Rect": "67,684,34,29", "Center": "18,16" },
	"character_slot37alt_0xc3":  { "File": "character_slot37.png", "Rect": "120,685,41,29", "Center": "20,15" },
	"character_slot37alt_0xc4":  { "File": "character_slot37.png", "Rect": "170,687,52,27", "Center": "26,13" },
	"character_slot37alt_0xc5":  { "File": "character_slot37.png", "Rect": "228,687,48,25", "Center": "21,13" },
	"character_slot37alt_0xc6":  { "File": "character_slot37.png", "Rect": "284,687,48,25", "Center": "18,13" },
	"character_slot37alt_0xc7":  { "File": "character_slot37.png", "Rect": "348,688,32,24", "Center": "16,12" },
	"character_slot37alt_0xc8":  { "File": "character_slot37.png", "Rect": "396,687,48,25", "Center": "29,13" },
	"character_slot37alt_0xc9":  { "File": "character_slot37.png", "Rect": "452,687,48,25", "Center": "26,13" },
	"character_slot37alt_0xca":  { "File": "character_slot37.png", "Rect": "508,679,48,41", "Center": "24,18" },
	"character_slot37alt_0xcb":  { "File": "character_slot37.png", "Rect": "565,676,43,48", "Center": "23,20" },
	"character_slot37alt_0xcc":  { "File": "character_slot37.png", "Rect": "616,688,56,24", "Center": "28,13" },
	"character_slot37alt_0xcd":  { "File": "character_slot37.png", "Rect": "680,684,40,32", "Center": "24,12" },
	"character_slot37alt_0xce":  { "File": "character_slot37.png", "Rect": "736,680,40,40", "Center": "20,20" },
	"character_slot37alt_0xcf":  { "File": "character_slot37.png", "Rect": "792,680,40,40", "Center": "20,20" },
	"character_slot37alt_0xd0":  { "File": "character_slot37.png", "Rect": "848,680,40,40", "Center": "20,20" },
	"character_slot37alt_0xd1":  { "File": "character_slot37.png", "Rect": "8,736,40,40", "Center": "20,20" },
	"character_slot37alt_0xd2":  { "File": "character_slot37.png", "Rect": "68,734,32,42", "Center": "15,22" },
	"character_slot37alt_0xd3":  { "File": "character_slot37.png", "Rect": "124,734,32,42", "Center": "15,22" },
	"character_slot37alt_0xd4":  { "File": "character_slot37.png", "Rect": "180,734,32,42", "Center": "15,22" },
	"character_slot37alt_0xd5":  { "File": "character_slot37.png", "Rect": "236,735,32,41", "Center": "13,21" },
	"character_slot37alt_0xd6":  { "File": "character_slot37.png", "Rect": "292,734,32,42", "Center": "13,22" },
	"character_slot37alt_0xd7":  { "File": "character_slot37.png", "Rect": "348,734,32,42", "Center": "13,22" },
	"character_slot37alt_0xd8":  { "File": "character_slot37.png", "Rect": "404,735,32,41", "Center": "13,21" },
	"character_slot37alt_0xd9":  { "File": "character_slot37.png", "Rect": "460,735,32,41", "Center": "13,21" },
	"character_slot37alt_0xda":  { "File": "character_slot37.png", "Rect": "516,736,32,40", "Center": "13,20" },
	"character_slot37alt_0xdb":  { "File": "character_slot37.png", "Rect": "572,736,32,40", "Center": "13,20" },
	"character_slot37alt_0xdc":  { "File": "character_slot37.png", "Rect": "628,735,35,41", "Center": "11,21" },
	"character_slot37alt_0xdd":  { "File": "character_slot37.png", "Rect": "679,735,44,41", "Center": "10,21" },
	"character_slot37alt_0xde":  { "File": "character_slot37.png", "Rect": "736,735,44,41", "Center": "13,21" },
	"character_slot37alt_0xdf":  { "File": "character_slot37.png", "Rect": "796,736,32,40", "Center": "15,19" },
	"character_slot37alt_0xe0":  { "File": "character_slot37.png", "Rect": "852,740,32,32", "Center": "15,16" },
	"character_slot37alt_0xe1":  { "File": "character_slot37.png", "Rect": "12,796,32,32", "Center": "16,12" },
	"character_slot37alt_0xe2":  { "File": "character_slot37.png", "Rect": "72,792,24,40", "Center": "13,18" },
	"character_slot37alt_0xe3":  { "File": "character_slot37.png", "Rect": "124,792,32,40", "Center": "12,17" },
	"character_slot37alt_0xe4":  { "File": "character_slot37.png", "Rect": "180,788,32,48", "Center": "16,24" },
	"character_slot37alt_0xe5":  { "File": "character_slot37.png", "Rect": "236,788,32,48", "Center": "12,24" },
	"character_slot37alt_0xe6":  { "File": "character_slot37.png", "Rect": "292,788,32,48", "Center": "16,24" },
	"character_slot37alt_0xe7":  { "File": "character_slot37.png", "Rect": "352,788,24,48", "Center": "12,24" },
	"character_slot37alt_0xe8":  { "File": "character_slot37.png", "Rect": "404,788,32,48", "Center": "18,24" },
	"character_slot37alt_0xe9":  { "File": "character_slot37.png", "Rect": "460,788,32,48", "Center": "13,24" },
	"character_slot37alt_0xea":  { "File": "character_slot37.png", "Rect": "520,788,24,48", "Center": "12,24" },
	"character_slot37alt_0xeb":  { "File": "character_slot37.png", "Rect": "572,792,32,40", "Center": "12,20" },
	"character_slot37alt_0xec":  { "File": "character_slot37.png", "Rect": "624,791,40,41", "Center": "22,21" },
	"character_slot37alt_0xed":  { "File": "character_slot37.png", "Rect": "680,791,40,41", "Center": "22,21" },
	"character_slot37alt_0xee":  { "File": "character_slot37.png", "Rect": "736,791,40,41", "Center": "22,21" },
	"character_slot37alt_0xef":  { "File": "character_slot37.png", "Rect": "796,792,32,40", "Center": "16,24" },
	"character_slot37alt_0xf0":  { "File": "character_slot37.png", "Rect": "852,792,32,40", "Center": "16,24" },
	"character_slot37alt_0xf1":  { "File": "character_slot37.png", "Rect": "16,848,24,40", "Center": "12,24" },
	"character_slot37alt_0xf2":  { "File": "character_slot37.png", "Rect": "72,848,24,40", "Center": "12,21" },
	"character_slot37alt_0xf3":  { "File": "character_slot37.png", "Rect": "128,848,24,40", "Center": "12,24" },
	"character_slot37alt_0xf4":  { "File": "character_slot37.png", "Rect": "180,848,32,40", "Center": "16,20" },
	"character_slot37alt_0xf5":  { "File": "character_slot37.png", "Rect": "236,848,32,40", "Center": "16,21" },
	"character_slot37alt_0xf6":  { "File": "character_slot37.png", "Rect": "292,848,32,40", "Center": "16,20" },
	"character_slot37alt_0xf7":  { "File": "character_slot37.png", "Rect": "348,848,32,40", "Center": "16,21" },
	"character_slot37alt_0xf8":  { "File": "character_slot37.png", "Rect": "408,848,24,40", "Center": "12,20" },
	"character_slot37alt_0xf9":  { "File": "character_slot37.png", "Rect": "460,848,32,40", "Center": "16,21" },
	"character_slot37alt_0xfa":  { "File": "character_slot37.png", "Rect": "516,848,32,40", "Center": "16,21" }
}