{
	"character_slot37_upper_1":  { "File": "character_slot37_uppercut.bmp", "Rect": "0,0,33,57", "Center": "14,20" },
	"character_slot37_upper_2":  { "File": "character_slot37_uppercut.bmp", "Rect": "36,0,39,56", "Center": "18,23" },
	"character_slot37_upper_3":  { "File": "character_slot37_uppercut.bmp", "Rect": "75,0,48,57", "Center": "26,28" },
	"character_slot37_upper_4":  { "File": "character_slot37_uppercut.bmp", "Rect": "116,0,44,57", "Center": "23,28" },
	"character_slot37_upper_5":  { "File": "character_slot37_uppercut.bmp", "Rect": "151,0,50,57", "Center": "29,27" }
}