{
	"slot37_springtwirl_0":  { "File": "knuckles_twirl.bmp", "Rect": "0,0,24,45", "Center": "12,20" },
	"slot37_springtwirl_1":  { "File": "knuckles_twirl.bmp", "Rect": "25,0,22,45", "Center": "12,20" },
	"slot37_springtwirl_2":  { "File": "knuckles_twirl.bmp", "Rect": "48,0,22,45", "Center": "10,20" },
	"slot37_springtwirl_3":  { "File": "knuckles_twirl.bmp", "Rect": "71,0,24,45", "Center": "12,20" },
	"slot37_springtwirl_4":  { "File": "knuckles_twirl.bmp", "Rect": "96,0,22,45", "Center": "11,20" }
}