{
	"Ca22Idle1_0":  { "File": "Ca22Idle1.bmp", "Rect": "0,0,27,36", "Center": "14,16" },
	"Ca22Idle1_1":  { "File": "Ca22Idle1.bmp", "Rect": "29,0,27,36", "Center": "14,16" },
	"Ca22Idle1_2":  { "File": "Ca22Idle1.bmp", "Rect": "58,0,27,36", "Center": "14,16" },
	"Ca22Idle1_3":  { "File": "Ca22Idle1.bmp", "Rect": "87,0,27,36", "Center": "14,16" },
	"Ca22Idle1_4":  { "File": "Ca22Idle1.bmp", "Rect": "116,0,27,36", "Center": "14,16" },
	"Ca22Idle1_5":  { "File": "Ca22Idle1.bmp", "Rect": "146,0,27,36", "Center": "14,16" },
	"Ca22Idle1_6":  { "File": "Ca22Idle1.bmp", "Rect": "176,0,27,36", "Center": "14,16" },
	"Ca22Idle2_0":  { "File": "Ca22Idle2.bmp", "Rect": "0,0,26,36", "Center": "14,16" },
	"Ca22Idle2_1":  { "File": "Ca22Idle2.bmp", "Rect": "29,0,26,36", "Center": "14,16" },
	"Ca22Idle2_2":  { "File": "Ca22Idle2.bmp", "Rect": "58,0,26,36", "Center": "14,16" },
	"Ca22Idle2_3":  { "File": "Ca22Idle2.bmp", "Rect": "87,0,26,36", "Center": "14,16" },
	"Ca22Idle2_4":  { "File": "Ca22Idle2.bmp", "Rect": "145,0,26,36", "Center": "14,16" },
	"Ca22Idle3_0":  { "File": "Ca22Idle3.bmp", "Rect": "31,8,26,36", "Center": "14,16" },
	"Ca22Idle3_1":  { "File": "Ca22Idle3.bmp", "Rect": "60,8,26,36", "Center": "14,16" },
	"Ca22Idle3_2":  { "File": "Ca22Idle3.bmp", "Rect": "89,8,29,36", "Center": "14,16" },
	"Ca22Idle3_3":  { "File": "Ca22Idle3.bmp", "Rect": "120,8,30,36", "Center": "14,16" },
	"Ca22Idle3_4":  { "File": "Ca22Idle3.bmp", "Rect": "152,8,28,36", "Center": "14,16" },
	"Ca22Idle3_5":  { "File": "Ca22Idle3.bmp", "Rect": "182,8,28,36", "Center": "14,16" },
	"Ca22Idle3_6":  { "File": "Ca22Idle3.bmp", "Rect": "212,13,26,31", "Center": "13,11" },
	"Ca22Idle3_7":  { "File": "Ca22Idle3.bmp", "Rect": "240,13,26,31", "Center": "13,11" },
	"Ca22Idle3_8":  { "File": "Ca22Idle3.bmp", "Rect": "268,13,26,31", "Center": "13,11" },
	"Ca22Idle3_9":  { "File": "Ca22Idle3.bmp", "Rect": "296,13,26,31", "Center": "13,11" },
	"Ca22Idle3_10":  { "File": "Ca22Idle3.bmp", "Rect": "324,10,26,34", "Center": "13,14" },
	"Ca22Idle3_11":  { "File": "Ca22Idle3.bmp", "Rect": "352,8,27,36", "Center": "13,16" },
	"Ca22Idle3_12":  { "File": "Ca22Idle3.bmp", "Rect": "381,8,27,36", "Center": "13,16" },
	"Ca22Idle3_13":  { "File": "Ca22Idle3.bmp", "Rect": "410,8,27,36", "Center": "13,16" },
	"Ca22Idle3_14":  { "File": "Ca22Idle3.bmp", "Rect": "439,8,27,36", "Center": "14,16" },
	"Ca22Idle3_15":  { "File": "Ca22Idle3.bmp", "Rect": "468,8,27,36", "Center": "14,16" },
	"Ca22Idle3_16":  { "File": "Ca22Idle3.bmp", "Rect": "497,8,27,36", "Center": "14,16" },
	"Ca22Idle3_17":  { "File": "Ca22Idle3.bmp", "Rect": "526,12,26,32", "Center": "13,12" },
	"Ca22Idle3_18":  { "File": "Ca22Idle3.bmp", "Rect": "554,3,36,41", "Center": "18,21" },
	"Ca22Idle3_19":  { "File": "Ca22Idle3.bmp", "Rect": "592,3,36,41", "Center": "18,21" },
	"Ca22Idle3_20":  { "File": "Ca22Idle3.bmp", "Rect": "630,3,36,41", "Center": "18,21" },
	"Ca22Idle4_0":  { "File": "Ca22Idle4.bmp", "Rect": "0,1,26,35", "Center": "15,15" },
	"Ca22Idle4_1":  { "File": "Ca22Idle4.bmp", "Rect": "30,1,26,35", "Center": "14,15" },
	"Ca22Idle4_2":  { "File": "Ca22Idle4.bmp", "Rect": "58,1,26,35", "Center": "15,15" },
	"Ca22Idle4_3":  { "File": "Ca22Idle4.bmp", "Rect": "87,1,26,35", "Center": "15,15" },
	"Ca22Idle4_4":  { "File": "Ca22Idle4.bmp", "Rect": "116,1,26,35", "Center": "15,15" },
	"Ca22Idle4_5":  { "File": "Ca22Idle4.bmp", "Rect": "145,1,26,35", "Center": "15,15" },
	"Ca22Idle4_6":  { "File": "Ca22Idle4.bmp", "Rect": "174,1,26,35", "Center": "15,15" },
	"Ca22Idle4_7":  { "File": "Ca22Idle4.bmp", "Rect": "203,0,26,36", "Center": "15,16" },
	"Ca22Idle4_8":  { "File": "Ca22Idle4.bmp", "Rect": "232,1,26,35", "Center": "15,15" },
	"Ca22Idle4_9":  { "File": "Ca22Idle4.bmp", "Rect": "261,1,26,35", "Center": "15,15" },
	"Ca22Idle4_10":  { "File": "Ca22Idle4.bmp", "Rect": "290,1,28,35", "Center": "16,15" },
	"Ca22Idle4_11":  { "File": "Ca22Idle4.bmp", "Rect": "320,1,30,35", "Center": "16,15" },
	"Ca22Idle4_12":  { "File": "Ca22Idle4.bmp", "Rect": "352,1,27,35", "Center": "16,15" },
	"Ca22Idle4_13":  { "File": "Ca22Idle4.bmp", "Rect": "381,1,29,35", "Center": "16,12" },
	"Ca22Idle4_14":  { "File": "Ca22Idle4.bmp", "Rect": "412,1,29,35", "Center": "16,12" },
	"Ca22Idle4_15":  { "File": "Ca22Idle4.bmp", "Rect": "443,1,29,35", "Center": "16,12" },
	"Ca22Idle4_16":  { "File": "Ca22Idle4.bmp", "Rect": "474,1,29,35", "Center": "16,12" },
	"Ca22Idle4_17":  { "File": "Ca22Idle4.bmp", "Rect": "505,1,29,35", "Center": "16,12" },
	"Ca22Idle4_18":  { "File": "Ca22Idle4.bmp", "Rect": "536,1,28,35", "Center": "16,12" },
	"Ca22Idle4_19":  { "File": "Ca22Idle4.bmp", "Rect": "567,1,28,35", "Center": "16,12" },
	"Ca22Idle4_20":  { "File": "Ca22Idle4.bmp", "Rect": "598,1,28,35", "Center": "16,12" },
	"Ca22Idle4_21":  { "File": "Ca22Idle4.bmp", "Rect": "629,1,28,35", "Center": "16,12" },
	"Ca22Idle5_0":  { "File": "Ca22Idle5.bmp", "Rect": "0,0,26,36", "Center": "15,16" },
	"Ca22Idle5_1":  { "File": "Ca22Idle5.bmp", "Rect": "30,0,26,36", "Center": "14,16" },
	"Ca22Idle5_2":  { "File": "Ca22Idle5.bmp", "Rect": "58,0,26,36", "Center": "15,16" },
	"Ca22Idle5_3":  { "File": "Ca22Idle5.bmp", "Rect": "87,1,26,35", "Center": "15,15" },
	"Ca22Idle5_4":  { "File": "Ca22Idle5.bmp", "Rect": "116,1,27,35", "Center": "15,15" },
	"Ca22Idle5_5":  { "File": "Ca22Idle5.bmp", "Rect": "145,1,27,35", "Center": "15,15" },
	"Ca22Idle5_6":  { "File": "Ca22Idle5.bmp", "Rect": "174,1,33,35", "Center": "15,15" },
	"Ca22Idle5_7":  { "File": "Ca22Idle5.bmp", "Rect": "209,0,27,36", "Center": "15,16" },
	"Ca22Idle5_8":  { "File": "Ca22Idle5.bmp", "Rect": "239,1,28,35", "Center": "16,15" },
	"Ca22Idle5_9":  { "File": "Ca22Idle5.bmp", "Rect": "269,1,27,35", "Center": "17,15" },
	"Ca22Idle5_10":  { "File": "Ca22Idle5.bmp", "Rect": "300,1,29,35", "Center": "17,15" },
	"Ca22Idle5_11":  { "File": "Ca22Idle5.bmp", "Rect": "331,1,29,35", "Center": "17,15" },
	"Ca22Idle5_12":  { "File": "Ca22Idle5.bmp", "Rect": "362,1,27,35", "Center": "17,15" },
	"Ca22Idle5_13":  { "File": "Ca22Idle5.bmp", "Rect": "393,1,29,35", "Center": "17,15" },
	"Ca22Idle5_14":  { "File": "Ca22Idle5.bmp", "Rect": "424,1,29,35", "Center": "17,15" },
	"Ca22Idle5_15":  { "File": "Ca22Idle5.bmp", "Rect": "455,1,29,35", "Center": "17,15" },
	"Ca22Idle6_0":  { "File": "Ca22Idle6.bmp", "Rect": "0,1,26,35", "Center": "15,15" },
	"Ca22Idle6_1":  { "File": "Ca22Idle6.bmp", "Rect": "30,1,26,35", "Center": "14,15" },
	"Ca22Idle6_2":  { "File": "Ca22Idle6.bmp", "Rect": "58,1,26,35", "Center": "15,15" },
	"Ca22Idle6_3":  { "File": "Ca22Idle6.bmp", "Rect": "87,1,26,35", "Center": "15,15" },
	"Ca22Idle6_4":  { "File": "Ca22Idle6.bmp", "Rect": "116,1,26,35", "Center": "15,15" },
	"Ca22Idle6_5":  { "File": "Ca22Idle6.bmp", "Rect": "145,1,26,35", "Center": "18,15" },
	"Ca22Idle6_6":  { "File": "Ca22Idle6.bmp", "Rect": "174,1,26,35", "Center": "18,15" },
	"Ca22Idle7_0":  { "File": "Ca22Idle7.bmp", "Rect": "0,0,28,35", "Center": "15,15" },
	"Ca22Idle7_1":  { "File": "Ca22Idle7.bmp", "Rect": "30,0,26,35", "Center": "14,15" },
	"Ca22Idle7_2":  { "File": "Ca22Idle7.bmp", "Rect": "60,0,28,35", "Center": "13,15" },
	"Ca22Idle7_3":  { "File": "Ca22Idle7.bmp", "Rect": "90,0,28,35", "Center": "14,15" },
	"Ca22Idle8_0":  { "File": "Ca22Idle8.bmp", "Rect": "0,1,26,35", "Center": "15,15" },
	"Ca22Idle8_1":  { "File": "Ca22Idle8.bmp", "Rect": "30,1,26,35", "Center": "14,15" },
	"Ca22Idle8_2":  { "File": "Ca22Idle8.bmp", "Rect": "58,1,26,35", "Center": "15,15" },
	"Ca22Idle8_3":  { "File": "Ca22Idle8.bmp", "Rect": "87,1,28,35", "Center": "14,15" },
	"Ca22Idle8_4":  { "File": "Ca22Idle8.bmp", "Rect": "117,1,26,35", "Center": "14,15" },
	"Ca22Idle8_5":  { "File": "Ca22Idle8.bmp", "Rect": "147,1,27,35", "Center": "14,15" },
	"CoolSweetNCatchy":  { "File": "CoolSweetNCatchy.png", "Rect": "0,0,46,41", "Center": "23,59" }
}